Workbook

Sheet ADD_evt
I1: 2023 | L1: 2015
A2: id | B2: class | C2: tract_id | D2: stratum | E2: lon | F2: lat | G2: gsv_link | H2: GSV | I2: present_2023 | J2: present_2024 | K2: present_2022 | L2: present_2015 | M2: present_2014 | N2: present_2016 | O2: notes | P2: present_followup | Q2: present_baseline | R2: Match
A3: 1 | B3: ADD | C3: tract_0001 | D3: D1_C1 | E3: 2.1121109 | F3: 41.390968 | G3: https://www.google.com/maps/@?api=1&map_action=pano&viewpoint=41.3909679997347,2.11211089874738 | H3: =HYPERLINK("https://www.google.com/maps/@?api=1&map_action=pano&viewpoint=41.3909679997347,2.11211089874738","Open GSV") -> Open GSV | I3: NA | J3: NA | K3: 1 | L3: 0 | O3: Peg moved 23 | P3: =IF(OR(I3=1,I3="1",I3=0,I3="0"),I3,IF(OR(J3=1,J3="1",J3=0,J3="0"),J3,IF(OR(K3=1,K3="1",K3=0,K3="0"),K3,"NA"))) -> 1 | Q3: =IF(OR(L3=1,L3="1",L3=0,L3="0"),L3,IF(OR(M3=1,M3="1",M3=0,M3="0"),M3,IF(OR(N3=1,N3="1",N3=0,N3="0"),N3,"NA"))) -> 0 | R3: =AND(ROUND(P3,0)=1, ROUND(Q3,0)=0) -> TRUE
A4: 2 | B4: ADD | C4: tract_0003 | D4: D1_C1 | E4: 2.1803101 | F4: 41.458146 | G4: https://www.google.com/maps/@?api=1&map_action=pano&viewpoint=41.4581456267453,2.18031012416 | H4: =HYPERLINK("https://www.google.com/maps/@?api=1&map_action=pano&viewpoint=41.4581456267453,2.18031012416","Open GSV") -> Open GSV | I4: 1 | L4: NA | M4: 1 | O4: Peg moved 15; present 11 | P4: =IF(OR(I4=1,I4="1",I4=0,I4="0"),I4,IF(OR(J4=1,J4="1",J4=0,J4="0"),J4,IF(OR(K4=1,K4="1",K4=0,K4="0"),K4,"NA"))) -> 1 | Q4: =IF(OR(L4=1,L4="1",L4=0,L4="0"),L4,IF(OR(M4=1,M4="1",M4=0,M4="0"),M4,IF(OR(N4=1,N4="1",N4=0,N4="0"),N4,"NA"))) -> 1 | R4: =AND(ROUND(P4,0)=1, ROUND(Q4,0)=0) -> FALSE
A5: 3 | B5: ADD | C5: tract_0004 | D5: D1_C1 | E5: 2.1408527 | F5: 41.413422 | G5: https://www.google.com/maps/@?api=1&map_action=pano&viewpoint=41.4134215995416,2.14085269668676 | H5: =HYPERLINK("https://www.google.com/maps/@?api=1&map_action=pano&viewpoint=41.4134215995416,2.14085269668676","Open GSV") -> Open GSV | I5: NA | J5: 1 | L5: 0 | O5: Peg moved 23 | P5: =IF(OR(I5=1,I5="1",I5=0,I5="0"),I5,IF(OR(J5=1,J5="1",J5=0,J5="0"),J5,IF(OR(K5=1,K5="1",K5=0,K5="0"),K5,"NA"))) -> 1 | Q5: =IF(OR(L5=1,L5="1",L5=0,L5="0"),L5,IF(OR(M5=1,M5="1",M5=0,M5="0"),M5,IF(OR(N5=1,N5="1",N5=0,N5="0"),N5,"NA"))) -> 0 | R5: =AND(ROUND(P5,0)=1, ROUND(Q5,0)=0) -> TRUE
A6: 4 | B6: ADD | C6: tract_0006 | D6: D1_C1 | E6: 2.2011317 | F6: 41.426283 | G6: https://www.google.com/maps/@?api=1&map_action=pano&viewpoint=41.4262832087554,2.20113165987653 | H6: =HYPERLINK("https://www.google.com/maps/@?api=1&map_action=pano&viewpoint=41.4262832087554,2.20113165987653","Open GSV") -> Open GSV | I6: 1 | L6: 0 | P6: =IF(OR(I6=1,I6="1",I6=0,I6="0"),I6,IF(OR(J6=1,J6="1",J6=0,J6="0"),J6,IF(OR(K6=1,K6="1",K6=0,K6="0"),K6,"NA"))) -> 1 | Q6: =IF(OR(L6=1,L6="1",L6=0,L6="0"),L6,IF(OR(M6=1,M6="1",M6=0,M6="0"),M6,IF(OR(N6=1,N6="1",N6=0,N6="0"),N6,"NA"))) -> 0 | R6: =AND(ROUND(P6,0)=1, ROUND(Q6,0)=0) -> TRUE
A7: 5 | B7: ADD | C7: tract_0006 | D7: D1_C1 | E7: 2.2001191 | F7: 41.426033 | G7: https://www.google.com/maps/@?api=1&map_action=pano&viewpoint=41.4260327049088,2.2001190522901 | H7: =HYPERLINK("https://www.google.com/maps/@?api=1&map_action=pano&viewpoint=41.4260327049088,2.2001190522901","Open GSV") -> Open GSV | I7: 1 | L7: 0 | P7: =IF(OR(I7=1,I7="1",I7=0,I7="0"),I7,IF(OR(J7=1,J7="1",J7=0,J7="0"),J7,IF(OR(K7=1,K7="1",K7=0,K7="0"),K7,"NA"))) -> 1 | Q7: =IF(OR(L7=1,L7="1",L7=0,L7="0"),L7,IF(OR(M7=1,M7="1",M7=0,M7="0"),M7,IF(OR(N7=1,N7="1",N7=0,N7="0"),N7,"NA"))) -> 0 | R7: =AND(ROUND(P7,0)=1, ROUND(Q7,0)=0) -> TRUE
A8: 6 | B8: ADD | C8: tract_0007 | D8: D1_C2 | E8: 2.1347574 | F8: 41.389964 | G8: https://www.google.com/maps/@?api=1&map_action=pano&viewpoint=41.3899636143591,2.134757401236 | H8: =HYPERLINK("https://www.google.com/maps/@?api=1&map_action=pano&viewpoint=41.3899636143591,2.134757401236","Open GSV") -> Open GSV | I8: NA | J8: 0 | L8: 0 | O8: Peg moved 23 | P8: =IF(OR(I8=1,I8="1",I8=0,I8="0"),I8,IF(OR(J8=1,J8="1",J8=0,J8="0"),J8,IF(OR(K8=1,K8="1",K8=0,K8="0"),K8,"NA"))) -> 0 | Q8: =IF(OR(L8=1,L8="1",L8=0,L8="0"),L8,IF(OR(M8=1,M8="1",M8=0,M8="0"),M8,IF(OR(N8=1,N8="1",N8=0,N8="0"),N8,"NA"))) -> 0 | R8: =AND(ROUND(P8,0)=1, ROUND(Q8,0)=0) -> FALSE
A9: 7 | B9: ADD | C9: tract_0007 | D9: D1_C2 | E9: 2.1340276 | F9: 41.388185 | G9: https://www.google.com/maps/@?api=1&map_action=pano&viewpoint=41.3881854073843,2.13402755812854 | H9: =HYPERLINK("https://www.google.com/maps/@?api=1&map_action=pano&viewpoint=41.3881854073843,2.13402755812854","Open GSV") -> Open GSV | I9: NA | J9: NA | K9: 1 | L9: 0 | P9: =IF(OR(I9=1,I9="1",I9=0,I9="0"),I9,IF(OR(J9=1,J9="1",J9=0,J9="0"),J9,IF(OR(K9=1,K9="1",K9=0,K9="0"),K9,"NA"))) -> 1 | Q9: =IF(OR(L9=1,L9="1",L9=0,L9="0"),L9,IF(OR(M9=1,M9="1",M9=0,M9="0"),M9,IF(OR(N9=1,N9="1",N9=0,N9="0"),N9,"NA"))) -> 0 | R9: =AND(ROUND(P9,0)=1, ROUND(Q9,0)=0) -> TRUE
A10: 8 | B10: ADD | C10: tract_0009 | D10: D1_C2 | E10: 2.1988167 | F10: 41.416812 | G10: https://www.google.com/maps/@?api=1&map_action=pano&viewpoint=41.4168121764961,2.19881673887713 | H10: =HYPERLINK("https://www.google.com/maps/@?api=1&map_action=pano&viewpoint=41.4168121764961,2.19881673887713","Open GSV") -> Open GSV | I10: 1 | L10: NA | M10: 0 | P10: =IF(OR(I10=1,I10="1",I10=0,I10="0"),I10,IF(OR(J10=1,J10="1",J10=0,J10="0"),J10,IF(OR(K10=1,K10="1",K10=0,K10="0"),K10,"NA"))) -> 1 | Q10: =IF(OR(L10=1,L10="1",L10=0,L10="0"),L10,IF(OR(M10=1,M10="1",M10=0,M10="0"),M10,IF(OR(N10=1,N10="1",N10=0,N10="0"),N10,"NA"))) -> 0 | R10: =AND(ROUND(P10,0)=1, ROUND(Q10,0)=0) -> TRUE
A11: 9 | B11: ADD | C11: tract_0010 | D11: D1_C2 | E11: 2.1746102 | F11: 41.416865 | G11: https://www.google.com/maps/@?api=1&map_action=pano&viewpoint=41.4168653577514,2.17461017557639 | H11: =HYPERLINK("https://www.google.com/maps/@?api=1&map_action=pano&viewpoint=41.4168653577514,2.17461017557639","Open GSV") -> Open GSV | I11: 1 | L11: 0 | O11: Peg moved 23 | P11: =IF(OR(I11=1,I11="1",I11=0,I11="0"),I11,IF(OR(J11=1,J11="1",J11=0,J11="0"),J11,IF(OR(K11=1,K11="1",K11=0,K11="0"),K11,"NA"))) -> 1 | Q11: =IF(OR(L11=1,L11="1",L11=0,L11="0"),L11,IF(OR(M11=1,M11="1",M11=0,M11="0"),M11,IF(OR(N11=1,N11="1",N11=0,N11="0"),N11,"NA"))) -> 0 | R11: =AND(ROUND(P11,0)=1, ROUND(Q11,0)=0) -> TRUE
A12: 10 | B12: ADD | C12: tract_0010 | D12: D1_C2 | E12: 2.172051 | F12: 41.414976 | G12: https://www.google.com/maps/@?api=1&map_action=pano&viewpoint=41.414975730964,2.17205102853822 | H12: =HYPERLINK("https://www.google.com/maps/@?api=1&map_action=pano&viewpoint=41.414975730964,2.17205102853822","Open GSV") -> Open GSV | I12: NA | J12: NA | K12: NA | L12: NA | M12: NA | N12: NA | O12: Realigment | P12: =IF(OR(I12=1,I12="1",I12=0,I12="0"),I12,IF(OR(J12=1,J12="1",J12=0,J12="0"),J12,IF(OR(K12=1,K12="1",K12=0,K12="0"),K12,"NA"))) -> NA | Q12: =IF(OR(L12=1,L12="1",L12=0,L12="0"),L12,IF(OR(M12=1,M12="1",M12=0,M12="0"),M12,IF(OR(N12=1,N12="1",N12=0,N12="0"),N12,"NA"))) -> NA | R12: =AND(ROUND(P12,0)=1, ROUND(Q12,0)=0) -> #VALUE!
A13: 11 | B13: ADD | C13: tract_0011 | D13: D1_C2 | E13: 2.2075546 | F13: 41.420448 | G13: https://www.google.com/maps/@?api=1&map_action=pano&viewpoint=41.4204481302083,2.2075546110796 | H13: =HYPERLINK("https://www.google.com/maps/@?api=1&map_action=pano&viewpoint=41.4204481302083,2.2075546110796","Open GSV") -> Open GSV | I13: 1 | L13: NA | M13: 1 | O13: Peg moved 23 | P13: =IF(OR(I13=1,I13="1",I13=0,I13="0"),I13,IF(OR(J13=1,J13="1",J13=0,J13="0"),J13,IF(OR(K13=1,K13="1",K13=0,K13="0"),K13,"NA"))) -> 1 | Q13: =IF(OR(L13=1,L13="1",L13=0,L13="0"),L13,IF(OR(M13=1,M13="1",M13=0,M13="0"),M13,IF(OR(N13=1,N13="1",N13=0,N13="0"),N13,"NA"))) -> 1 | R13: =AND(ROUND(P13,0)=1, ROUND(Q13,0)=0) -> FALSE
A14: 12 | B14: ADD | C14: tract_0011 | D14: D1_C2 | E14: 2.2079426 | F14: 41.420245 | G14: https://www.google.com/maps/@?api=1&map_action=pano&viewpoint=41.4202454258576,2.20794256929774 | H14: =HYPERLINK("https://www.google.com/maps/@?api=1&map_action=pano&viewpoint=41.4202454258576,2.20794256929774","Open GSV") -> Open GSV | I14: 1 | L14: NA | M14: 1 | O14: Peg moved 23 | P14: =IF(OR(I14=1,I14="1",I14=0,I14="0"),I14,IF(OR(J14=1,J14="1",J14=0,J14="0"),J14,IF(OR(K14=1,K14="1",K14=0,K14="0"),K14,"NA"))) -> 1 | Q14: =IF(OR(L14=1,L14="1",L14=0,L14="0"),L14,IF(OR(M14=1,M14="1",M14=0,M14="0"),M14,IF(OR(N14=1,N14="1",N14=0,N14="0"),N14,"NA"))) -> 1 | R14: =AND(ROUND(P14,0)=1, ROUND(Q14,0)=0) -> FALSE
A15: 13 | B15: ADD | C15: tract_0012 | D15: D1_C2 | E15: 2.1609809 | F15: 41.412109 | G15: https://www.google.com/maps/@?api=1&map_action=pano&viewpoint=41.4121092794043,2.16098092184219 | H15: =HYPERLINK("https://www.google.com/maps/@?api=1&map_action=pano&viewpoint=41.4121092794043,2.16098092184219","Open GSV") -> Open GSV | I15: 1 | L15: 0 | P15: =IF(OR(I15=1,I15="1",I15=0,I15="0"),I15,IF(OR(J15=1,J15="1",J15=0,J15="0"),J15,IF(OR(K15=1,K15="1",K15=0,K15="0"),K15,"NA"))) -> 1 | Q15: =IF(OR(L15=1,L15="1",L15=0,L15="0"),L15,IF(OR(M15=1,M15="1",M15=0,M15="0"),M15,IF(OR(N15=1,N15="1",N15=0,N15="0"),N15,"NA"))) -> 0 | R15: =AND(ROUND(P15,0)=1, ROUND(Q15,0)=0) -> TRUE
A16: 14 | B16: ADD | C16: tract_0012 | D16: D1_C2 | E16: 2.1617583 | F16: 41.412547 | G16: https://www.google.com/maps/@?api=1&map_action=pano&viewpoint=41.4125465819168,2.16175831110785 | H16: =HYPERLINK("https://www.google.com/maps/@?api=1&map_action=pano&viewpoint=41.4125465819168,2.16175831110785","Open GSV") -> Open GSV | I16: 1 | L16: 0 | O16: Peg moved both | P16: =IF(OR(I16=1,I16="1",I16=0,I16="0"),I16,IF(OR(J16=1,J16="1",J16=0,J16="0"),J16,IF(OR(K16=1,K16="1",K16=0,K16="0"),K16,"NA"))) -> 1 | Q16: =IF(OR(L16=1,L16="1",L16=0,L16="0"),L16,IF(OR(M16=1,M16="1",M16=0,M16="0"),M16,IF(OR(N16=1,N16="1",N16=0,N16="0"),N16,"NA"))) -> 0 | R16: =AND(ROUND(P16,0)=1, ROUND(Q16,0)=0) -> TRUE
A17: 15 | B17: ADD | C17: tract_0013 | D17: D1_C3 | E17: 2.2007726 | F17: 41.394521 | G17: https://www.google.com/maps/@?api=1&map_action=pano&viewpoint=41.3945206907087,2.20077256303846 | H17: =HYPERLINK("https://www.google.com/maps/@?api=1&map_action=pano&viewpoint=41.3945206907087,2.20077256303846","Open GSV") -> Open GSV | I17: NA | J17: 1 | L17: 0 | P17: =IF(OR(I17=1,I17="1",I17=0,I17="0"),I17,IF(OR(J17=1,J17="1",J17=0,J17="0"),J17,IF(OR(K17=1,K17="1",K17=0,K17="0"),K17,"NA"))) -> 1 | Q17: =IF(OR(L17=1,L17="1",L17=0,L17="0"),L17,IF(OR(M17=1,M17="1",M17=0,M17="0"),M17,IF(OR(N17=1,N17="1",N17=0,N17="0"),N17,"NA"))) -> 0 | R17: =AND(ROUND(P17,0)=1, ROUND(Q17,0)=0) -> TRUE
A18: 16 | B18: ADD | C18: tract_0013 | D18: D1_C3 | E18: 2.2010092 | F18: 41.394719 | G18: https://www.google.com/maps/@?api=1&map_action=pano&viewpoint=41.394718915396,2.20100922656311 | H18: =HYPERLINK("https://www.google.com/maps/@?api=1&map_action=pano&viewpoint=41.394718915396,2.20100922656311","Open GSV") -> Open GSV | I18: 1 | L18: 0 | P18: =IF(OR(I18=1,I18="1",I18=0,I18="0"),I18,IF(OR(J18=1,J18="1",J18=0,J18="0"),J18,IF(OR(K18=1,K18="1",K18=0,K18="0"),K18,"NA"))) -> 1 | Q18: =IF(OR(L18=1,L18="1",L18=0,L18="0"),L18,IF(OR(M18=1,M18="1",M18=0,M18="0"),M18,IF(OR(N18=1,N18="1",N18=0,N18="0"),N18,"NA"))) -> 0 | R18: =AND(ROUND(P18,0)=1, ROUND(Q18,0)=0) -> TRUE
A19: 17 | B19: ADD | C19: tract_0017 | D19: D1_C3 | E19: 2.1451506 | F19: 41.376224 | G19: https://www.google.com/maps/@?api=1&map_action=pano&viewpoint=41.3762241357195,2.14515055931621 | H19: =HYPERLINK("https://www.google.com/maps/@?api=1&map_action=pano&viewpoint=41.3762241357195,2.14515055931621","Open GSV") -> Open GSV | I19: 1 | L19: 0 | P19: =IF(OR(I19=1,I19="1",I19=0,I19="0"),I19,IF(OR(J19=1,J19="1",J19=0,J19="0"),J19,IF(OR(K19=1,K19="1",K19=0,K19="0"),K19,"NA"))) -> 1 | Q19: =IF(OR(L19=1,L19="1",L19=0,L19="0"),L19,IF(OR(M19=1,M19="1",M19=0,M19="0"),M19,IF(OR(N19=1,N19="1",N19=0,N19="0"),N19,"NA"))) -> 0 | R19: =AND(ROUND(P19,0)=1, ROUND(Q19,0)=0) -> TRUE
A20: 18 | B20: ADD | C20: tract_0017 | D20: D1_C3 | E20: 2.1455917 | F20: 41.376413 | G20: https://www.google.com/maps/@?api=1&map_action=pano&viewpoint=41.3764134914288,2.14559167922172 | H20: =HYPERLINK("https://www.google.com/maps/@?api=1&map_action=pano&viewpoint=41.3764134914288,2.14559167922172","Open GSV") -> Open GSV | I20: 1 | L20: 0 | P20: =IF(OR(I20=1,I20="1",I20=0,I20="0"),I20,IF(OR(J20=1,J20="1",J20=0,J20="0"),J20,IF(OR(K20=1,K20="1",K20=0,K20="0"),K20,"NA"))) -> 1 | Q20: =IF(OR(L20=1,L20="1",L20=0,L20="0"),L20,IF(OR(M20=1,M20="1",M20=0,M20="0"),M20,IF(OR(N20=1,N20="1",N20=0,N20="0"),N20,"NA"))) -> 0 | R20: =AND(ROUND(P20,0)=1, ROUND(Q20,0)=0) -> TRUE
A21: 19 | B21: ADD | C21: tract_0018 | D21: D1_C3 | E21: 2.1828475 | F21: 41.405575 | G21: https://www.google.com/maps/@?api=1&map_action=pano&viewpoint=41.4055753756871,2.18284748138898 | H21: =HYPERLINK("https://www.google.com/maps/@?api=1&map_action=pano&viewpoint=41.4055753756871,2.18284748138898","Open GSV") -> Open GSV | I21: 1 | L21: 0 | P21: =IF(OR(I21=1,I21="1",I21=0,I21="0"),I21,IF(OR(J21=1,J21="1",J21=0,J21="0"),J21,IF(OR(K21=1,K21="1",K21=0,K21="0"),K21,"NA"))) -> 1 | Q21: =IF(OR(L21=1,L21="1",L21=0,L21="0"),L21,IF(OR(M21=1,M21="1",M21=0,M21="0"),M21,IF(OR(N21=1,N21="1",N21=0,N21="0"),N21,"NA"))) -> 0 | R21: =AND(ROUND(P21,0)=1, ROUND(Q21,0)=0) -> TRUE
A22: 20 | B22: ADD | C22: tract_0018 | D22: D1_C3 | E22: 2.1828597 | F22: 41.403095 | G22: https://www.google.com/maps/@?api=1&map_action=pano&viewpoint=41.403094880684,2.18285971742863 | H22: =HYPERLINK("https://www.google.com/maps/@?api=1&map_action=pano&viewpoint=41.403094880684,2.18285971742863","Open GSV") -> Open GSV | I22: 1 | L22: 0 | P22: =IF(OR(I22=1,I22="1",I22=0,I22="0"),I22,IF(OR(J22=1,J22="1",J22=0,J22="0"),J22,IF(OR(K22=1,K22="1",K22=0,K22="0"),K22,"NA"))) -> 1 | Q22: =IF(OR(L22=1,L22="1",L22=0,L22="0"),L22,IF(OR(M22=1,M22="1",M22=0,M22="0"),M22,IF(OR(N22=1,N22="1",N22=0,N22="0"),N22,"NA"))) -> 0 | R22: =AND(ROUND(P22,0)=1, ROUND(Q22,0)=0) -> TRUE
A23: 21 | B23: ADD | C23: tract_0023 | D23: D2_C1 | E23: 2.1758556 | F23: 41.428756 | G23: https://www.google.com/maps/@?api=1&map_action=pano&viewpoint=41.4287555466715,2.17585558557915 | H23: =HYPERLINK("https://www.google.com/maps/@?api=1&map_action=pano&viewpoint=41.4287555466715,2.17585558557915","Open GSV") -> Open GSV | I23: 1 | L23: NA | M23: 1 | P23: =IF(OR(I23=1,I23="1",I23=0,I23="0"),I23,IF(OR(J23=1,J23="1",J23=0,J23="0"),J23,IF(OR(K23=1,K23="1",K23=0,K23="0"),K23,"NA"))) -> 1 | Q23: =IF(OR(L23=1,L23="1",L23=0,L23="0"),L23,IF(OR(M23=1,M23="1",M23=0,M23="0"),M23,IF(OR(N23=1,N23="1",N23=0,N23="0"),N23,"NA"))) -> 1 | R23: =AND(ROUND(P23,0)=1, ROUND(Q23,0)=0) -> FALSE
A24: 22 | B24: ADD | C24: tract_0024 | D24: D2_C1 | E24: 2.1908314 | F24: 41.440995 | G24: https://www.google.com/maps/@?api=1&map_action=pano&viewpoint=41.4409954760919,2.19083141351904 | H24: =HYPERLINK("https://www.google.com/maps/@?api=1&map_action=pano&viewpoint=41.4409954760919,2.19083141351904","Open GSV") -> Open GSV | I24: 1 | L24: NA | M24: 1 | P24: =IF(OR(I24=1,I24="1",I24=0,I24="0"),I24,IF(OR(J24=1,J24="1",J24=0,J24="0"),J24,IF(OR(K24=1,K24="1",K24=0,K24="0"),K24,"NA"))) -> 1 | Q24: =IF(OR(L24=1,L24="1",L24=0,L24="0"),L24,IF(OR(M24=1,M24="1",M24=0,M24="0"),M24,IF(OR(N24=1,N24="1",N24=0,N24="0"),N24,"NA"))) -> 1 | R24: =AND(ROUND(P24,0)=1, ROUND(Q24,0)=0) -> FALSE
A25: 23 | B25: ADD | C25: tract_0025 | D25: D2_C2 | E25: 2.1515561 | F25: 41.400312 | G25: https://www.google.com/maps/@?api=1&map_action=pano&viewpoint=41.4003124653889,2.15155610489397 | H25: =HYPERLINK("https://www.google.com/maps/@?api=1&map_action=pano&viewpoint=41.4003124653889,2.15155610489397","Open GSV") -> Open GSV | I25: 1 | L25: 0 | P25: =IF(OR(I25=1,I25="1",I25=0,I25="0"),I25,IF(OR(J25=1,J25="1",J25=0,J25="0"),J25,IF(OR(K25=1,K25="1",K25=0,K25="0"),K25,"NA"))) -> 1 | Q25: =IF(OR(L25=1,L25="1",L25=0,L25="0"),L25,IF(OR(M25=1,M25="1",M25=0,M25="0"),M25,IF(OR(N25=1,N25="1",N25=0,N25="0"),N25,"NA"))) -> 0 | R25: =AND(ROUND(P25,0)=1, ROUND(Q25,0)=0) -> TRUE
A26: 24 | B26: ADD | C26: tract_0025 | D26: D2_C2 | E26: 2.1515394 | F26: 41.400205 | G26: https://www.google.com/maps/@?api=1&map_action=pano&viewpoint=41.400204647767,2.15153939610418 | H26: =HYPERLINK("https://www.google.com/maps/@?api=1&map_action=pano&viewpoint=41.400204647767,2.15153939610418","Open GSV") -> Open GSV | I26: 1 | L26: 0 | P26: =IF(OR(I26=1,I26="1",I26=0,I26="0"),I26,IF(OR(J26=1,J26="1",J26=0,J26="0"),J26,IF(OR(K26=1,K26="1",K26=0,K26="0"),K26,"NA"))) -> 1 | Q26: =IF(OR(L26=1,L26="1",L26=0,L26="0"),L26,IF(OR(M26=1,M26="1",M26=0,M26="0"),M26,IF(OR(N26=1,N26="1",N26=0,N26="0"),N26,"NA"))) -> 0 | R26: =AND(ROUND(P26,0)=1, ROUND(Q26,0)=0) -> TRUE
A27: 25 | B27: ADD | C27: tract_0028 | D27: D2_C2 | E27: 2.1868835 | F27: 41.413052 | G27: https://www.google.com/maps/@?api=1&map_action=pano&viewpoint=41.4130517909949,2.18688350279505 | H27: =HYPERLINK("https://www.google.com/maps/@?api=1&map_action=pano&viewpoint=41.4130517909949,2.18688350279505","Open GSV") -> Open GSV | I27: NA | J27: NA | K27: NA | L27: NA | M27: NA | N27: NA | O27: Realigment | P27: =IF(OR(I27=1,I27="1",I27=0,I27="0"),I27,IF(OR(J27=1,J27="1",J27=0,J27="0"),J27,IF(OR(K27=1,K27="1",K27=0,K27="0"),K27,"NA"))) -> NA | Q27: =IF(OR(L27=1,L27="1",L27=0,L27="0"),L27,IF(OR(M27=1,M27="1",M27=0,M27="0"),M27,IF(OR(N27=1,N27="1",N27=0,N27="0"),N27,"NA"))) -> NA | R27: =AND(ROUND(P27,0)=1, ROUND(Q27,0)=0) -> #VALUE!
A28: 26 | B28: ADD | C28: tract_0028 | D28: D2_C2 | E28: 2.1863076 | F28: 41.414041 | G28: https://www.google.com/maps/@?api=1&map_action=pano&viewpoint=41.4140408624214,2.18630763816643 | H28: =HYPERLINK("https://www.google.com/maps/@?api=1&map_action=pano&viewpoint=41.4140408624214,2.18630763816643","Open GSV") -> Open GSV | I28: NA | J28: 1 | L28: 0 | P28: =IF(OR(I28=1,I28="1",I28=0,I28="0"),I28,IF(OR(J28=1,J28="1",J28=0,J28="0"),J28,IF(OR(K28=1,K28="1",K28=0,K28="0"),K28,"NA"))) -> 1 | Q28: =IF(OR(L28=1,L28="1",L28=0,L28="0"),L28,IF(OR(M28=1,M28="1",M28=0,M28="0"),M28,IF(OR(N28=1,N28="1",N28=0,N28="0"),N28,"NA"))) -> 0 | R28: =AND(ROUND(P28,0)=1, ROUND(Q28,0)=0) -> TRUE
A29: 27 | B29: ADD | C29: tract_0030 | D29: D2_C2 | E29: 2.136257 | F29: 41.385981 | G29: https://www.google.com/maps/@?api=1&map_action=pano&viewpoint=41.3859805190524,2.13625700853397 | H29: =HYPERLINK("https://www.google.com/maps/@?api=1&map_action=pano&viewpoint=41.3859805190524,2.13625700853397","Open GSV") -> Open GSV | I29: NA | J29: NA | K29: 1 | L29: 0 | P29: =IF(OR(I29=1,I29="1",I29=0,I29="0"),I29,IF(OR(J29=1,J29="1",J29=0,J29="0"),J29,IF(OR(K29=1,K29="1",K29=0,K29="0"),K29,"NA"))) -> 1 | Q29: =IF(OR(L29=1,L29="1",L29=0,L29="0"),L29,IF(OR(M29=1,M29="1",M29=0,M29="0"),M29,IF(OR(N29=1,N29="1",N29=0,N29="0"),N29,"NA"))) -> 0 | R29: =AND(ROUND(P29,0)=1, ROUND(Q29,0)=0) -> TRUE
A30: 28 | B30: ADD | C30: tract_0030 | D30: D2_C2 | E30: 2.1385586 | F30: 41.385297 | G30: https://www.google.com/maps/@?api=1&map_action=pano&viewpoint=41.3852971271454,2.13855858286425 | H30: =HYPERLINK("https://www.google.com/maps/@?api=1&map_action=pano&viewpoint=41.3852971271454,2.13855858286425","Open GSV") -> Open GSV | I30: NA | J30: NA | K30: 1 | L30: 0 | P30: =IF(OR(I30=1,I30="1",I30=0,I30="0"),I30,IF(OR(J30=1,J30="1",J30=0,J30="0"),J30,IF(OR(K30=1,K30="1",K30=0,K30="0"),K30,"NA"))) -> 1 | Q30: =IF(OR(L30=1,L30="1",L30=0,L30="0"),L30,IF(OR(M30=1,M30="1",M30=0,M30="0"),M30,IF(OR(N30=1,N30="1",N30=0,N30="0"),N30,"NA"))) -> 0 | R30: =AND(ROUND(P30,0)=1, ROUND(Q30,0)=0) -> TRUE
A31: 29 | B31: ADD | C31: tract_0031 | D31: D2_C3 | E31: 2.1864299 | F31: 41.391188 | G31: https://www.google.com/maps/@?api=1&map_action=pano&viewpoint=41.3911878676426,2.18642991571189 | H31: =HYPERLINK("https://www.google.com/maps/@?api=1&map_action=pano&viewpoint=41.3911878676426,2.18642991571189","Open GSV") -> Open GSV | I31: 1 | L31: 0 | O31: Peg moved both | P31: =IF(OR(I31=1,I31="1",I31=0,I31="0"),I31,IF(OR(J31=1,J31="1",J31=0,J31="0"),J31,IF(OR(K31=1,K31="1",K31=0,K31="0"),K31,"NA"))) -> 1 | Q31: =IF(OR(L31=1,L31="1",L31=0,L31="0"),L31,IF(OR(M31=1,M31="1",M31=0,M31="0"),M31,IF(OR(N31=1,N31="1",N31=0,N31="0"),N31,"NA"))) -> 0 | R31: =AND(ROUND(P31,0)=1, ROUND(Q31,0)=0) -> TRUE
A32: 30 | B32: ADD | C32: tract_0031 | D32: D2_C3 | E32: 2.185338 | F32: 41.390375 | G32: https://www.google.com/maps/@?api=1&map_action=pano&viewpoint=41.3903749358271,2.18533799661021 | H32: =HYPERLINK("https://www.google.com/maps/@?api=1&map_action=pano&viewpoint=41.3903749358271,2.18533799661021","Open GSV") -> Open GSV | I32: 1 | L32: 0 | O32: Peg moved both | P32: =IF(OR(I32=1,I32="1",I32=0,I32="0"),I32,IF(OR(J32=1,J32="1",J32=0,J32="0"),J32,IF(OR(K32=1,K32="1",K32=0,K32="0"),K32,"NA"))) -> 1 | Q32: =IF(OR(L32=1,L32="1",L32=0,L32="0"),L32,IF(OR(M32=1,M32="1",M32=0,M32="0"),M32,IF(OR(N32=1,N32="1",N32=0,N32="0"),N32,"NA"))) -> 0 | R32: =AND(ROUND(P32,0)=1, ROUND(Q32,0)=0) -> TRUE
A33: 31 | B33: ADD | C33: tract_0035 | D33: D2_C3 | E33: 2.1589756 | F33: 41.382643 | G33: https://www.google.com/maps/@?api=1&map_action=pano&viewpoint=41.3826431790481,2.15897555292766 | H33: =HYPERLINK("https://www.google.com/maps/@?api=1&map_action=pano&viewpoint=41.3826431790481,2.15897555292766","Open GSV") -> Open GSV | I33: NA | J33: NA | K33: NA | L33: NA | M33: NA | N33: NA | O33: Realigment | P33: =IF(OR(I33=1,I33="1",I33=0,I33="0"),I33,IF(OR(J33=1,J33="1",J33=0,J33="0"),J33,IF(OR(K33=1,K33="1",K33=0,K33="0"),K33,"NA"))) -> NA | Q33: =IF(OR(L33=1,L33="1",L33=0,L33="0"),L33,IF(OR(M33=1,M33="1",M33=0,M33="0"),M33,IF(OR(N33=1,N33="1",N33=0,N33="0"),N33,"NA"))) -> NA | R33: =AND(ROUND(P33,0)=1, ROUND(Q33,0)=0) -> #VALUE!
A34: 32 | B34: ADD | C34: tract_0036 | D34: D2_C3 | E34: 2.153705 | F34: 41.398118 | G34: https://www.google.com/maps/@?api=1&map_action=pano&viewpoint=41.3981184632183,2.15370501205099 | H34: =HYPERLINK("https://www.google.com/maps/@?api=1&map_action=pano&viewpoint=41.3981184632183,2.15370501205099","Open GSV") -> Open GSV | I34: 1 | L34: 0 | P34: =IF(OR(I34=1,I34="1",I34=0,I34="0"),I34,IF(OR(J34=1,J34="1",J34=0,J34="0"),J34,IF(OR(K34=1,K34="1",K34=0,K34="0"),K34,"NA"))) -> 1 | Q34: =IF(OR(L34=1,L34="1",L34=0,L34="0"),L34,IF(OR(M34=1,M34="1",M34=0,M34="0"),M34,IF(OR(N34=1,N34="1",N34=0,N34="0"),N34,"NA"))) -> 0 | R34: =AND(ROUND(P34,0)=1, ROUND(Q34,0)=0) -> TRUE
A35: 33 | B35: ADD | C35: tract_0036 | D35: D2_C3 | E35: 2.1537502 | F35: 41.398133 | G35: https://www.google.com/maps/@?api=1&map_action=pano&viewpoint=41.3981332109611,2.1537501547691 | H35: =HYPERLINK("https://www.google.com/maps/@?api=1&map_action=pano&viewpoint=41.3981332109611,2.1537501547691","Open GSV") -> Open GSV | I35: 1 | L35: 0 | P35: =IF(OR(I35=1,I35="1",I35=0,I35="0"),I35,IF(OR(J35=1,J35="1",J35=0,J35="0"),J35,IF(OR(K35=1,K35="1",K35=0,K35="0"),K35,"NA"))) -> 1 | Q35: =IF(OR(L35=1,L35="1",L35=0,L35="0"),L35,IF(OR(M35=1,M35="1",M35=0,M35="0"),M35,IF(OR(N35=1,N35="1",N35=0,N35="0"),N35,"NA"))) -> 0 | R35: =AND(ROUND(P35,0)=1, ROUND(Q35,0)=0) -> TRUE
A36: 34 | B36: ADD | C36: tract_0041 | D36: D3_C1 | E36: 2.1240095 | F36: 41.375664 | G36: https://www.google.com/maps/@?api=1&map_action=pano&viewpoint=41.3756644128399,2.1240095291374 | H36: =HYPERLINK("https://www.google.com/maps/@?api=1&map_action=pano&viewpoint=41.3756644128399,2.1240095291374","Open GSV") -> Open GSV | I36: 1 | L36: 0 | P36: =IF(OR(I36=1,I36="1",I36=0,I36="0"),I36,IF(OR(J36=1,J36="1",J36=0,J36="0"),J36,IF(OR(K36=1,K36="1",K36=0,K36="0"),K36,"NA"))) -> 1 | Q36: =IF(OR(L36=1,L36="1",L36=0,L36="0"),L36,IF(OR(M36=1,M36="1",M36=0,M36="0"),M36,IF(OR(N36=1,N36="1",N36=0,N36="0"),N36,"NA"))) -> 0 | R36: =AND(ROUND(P36,0)=1, ROUND(Q36,0)=0) -> TRUE
A37: 35 | B37: ADD | C37: tract_0043 | D37: D3_C2 | E37: 2.130759 | F37: 41.375087 | G37: https://www.google.com/maps/@?api=1&map_action=pano&viewpoint=41.3750869481267,2.13075902951078 | H37: =HYPERLINK("https://www.google.com/maps/@?api=1&map_action=pano&viewpoint=41.3750869481267,2.13075902951078","Open GSV") -> Open GSV | I37: 0 | J37: NA | L37: 0 | O37: Peg moved both | P37: =IF(OR(I37=1,I37="1",I37=0,I37="0"),I37,IF(OR(J37=1,J37="1",J37=0,J37="0"),J37,IF(OR(K37=1,K37="1",K37=0,K37="0"),K37,"NA"))) -> 0 | Q37: =IF(OR(L37=1,L37="1",L37=0,L37="0"),L37,IF(OR(M37=1,M37="1",M37=0,M37="0"),M37,IF(OR(N37=1,N37="1",N37=0,N37="0"),N37,"NA"))) -> 0 | R37: =AND(ROUND(P37,0)=1, ROUND(Q37,0)=0) -> FALSE
A38: 36 | B38: ADD | C38: tract_0043 | D38: D3_C2 | E38: 2.1311878 | F38: 41.37384 | G38: https://www.google.com/maps/@?api=1&map_action=pano&viewpoint=41.3738399462803,2.13118777902404 | H38: =HYPERLINK("https://www.google.com/maps/@?api=1&map_action=pano&viewpoint=41.3738399462803,2.13118777902404","Open GSV") -> Open GSV | I38: NA | J38: NA | K38: 0 | L38: NA | M38: 0 | P38: =IF(OR(I38=1,I38="1",I38=0,I38="0"),I38,IF(OR(J38=1,J38="1",J38=0,J38="0"),J38,IF(OR(K38=1,K38="1",K38=0,K38="0"),K38,"NA"))) -> 0 | Q38: =IF(OR(L38=1,L38="1",L38=0,L38="0"),L38,IF(OR(M38=1,M38="1",M38=0,M38="0"),M38,IF(OR(N38=1,N38="1",N38=0,N38="0"),N38,"NA"))) -> 0 | R38: =AND(ROUND(P38,0)=1, ROUND(Q38,0)=0) -> FALSE
A39: 37 | B39: ADD | C39: tract_0044 | D39: D3_C2 | E39: 2.1797608 | F39: 41.41188 | G39: https://www.google.com/maps/@?api=1&map_action=pano&viewpoint=41.4118804921771,2.17976081270431 | H39: =HYPERLINK("https://www.google.com/maps/@?api=1&map_action=pano&viewpoint=41.4118804921771,2.17976081270431","Open GSV") -> Open GSV | I39: 1 | L39: 0 | O39: Peg moved 23 | P39: =IF(OR(I39=1,I39="1",I39=0,I39="0"),I39,IF(OR(J39=1,J39="1",J39=0,J39="0"),J39,IF(OR(K39=1,K39="1",K39=0,K39="0"),K39,"NA"))) -> 1 | Q39: =IF(OR(L39=1,L39="1",L39=0,L39="0"),L39,IF(OR(M39=1,M39="1",M39=0,M39="0"),M39,IF(OR(N39=1,N39="1",N39=0,N39="0"),N39,"NA"))) -> 0 | R39: =AND(ROUND(P39,0)=1, ROUND(Q39,0)=0) -> TRUE
A40: 38 | B40: ADD | C40: tract_0044 | D40: D3_C2 | E40: 2.1808908 | F40: 41.412745 | G40: https://www.google.com/maps/@?api=1&map_action=pano&viewpoint=41.4127447371871,2.180890772398 | H40: =HYPERLINK("https://www.google.com/maps/@?api=1&map_action=pano&viewpoint=41.4127447371871,2.180890772398","Open GSV") -> Open GSV | I40: 0 | J40: NA | L40: 0 | O40: Peg moved 23; in construction? | P40: =IF(OR(I40=1,I40="1",I40=0,I40="0"),I40,IF(OR(J40=1,J40="1",J40=0,J40="0"),J40,IF(OR(K40=1,K40="1",K40=0,K40="0"),K40,"NA"))) -> 0 | Q40: =IF(OR(L40=1,L40="1",L40=0,L40="0"),L40,IF(OR(M40=1,M40="1",M40=0,M40="0"),M40,IF(OR(N40=1,N40="1",N40=0,N40="0"),N40,"NA"))) -> 0 | R40: =AND(ROUND(P40,0)=1, ROUND(Q40,0)=0) -> FALSE
A41: 39 | B41: ADD | C41: tract_0045 | D41: D3_C2 | E41: 2.1373648 | F41: 41.384823 | G41: https://www.google.com/maps/@?api=1&map_action=pano&viewpoint=41.3848229909854,2.13736483373658 | H41: =HYPERLINK("https://www.google.com/maps/@?api=1&map_action=pano&viewpoint=41.3848229909854,2.13736483373658","Open GSV") -> Open GSV | I41: NA | J41: NA | K41: 1 | L41: 0 | P41: =IF(OR(I41=1,I41="1",I41=0,I41="0"),I41,IF(OR(J41=1,J41="1",J41=0,J41="0"),J41,IF(OR(K41=1,K41="1",K41=0,K41="0"),K41,"NA"))) -> 1 | Q41: =IF(OR(L41=1,L41="1",L41=0,L41="0"),L41,IF(OR(M41=1,M41="1",M41=0,M41="0"),M41,IF(OR(N41=1,N41="1",N41=0,N41="0"),N41,"NA"))) -> 0 | R41: =AND(ROUND(P41,0)=1, ROUND(Q41,0)=0) -> TRUE
A42: 40 | B42: ADD | C42: tract_0045 | D42: D3_C2 | E42: 2.137841 | F42: 41.385166 | G42: https://www.google.com/maps/@?api=1&map_action=pano&viewpoint=41.3851659046238,2.13784099621788 | H42: =HYPERLINK("https://www.google.com/maps/@?api=1&map_action=pano&viewpoint=41.3851659046238,2.13784099621788","Open GSV") -> Open GSV | I42: NA | J42: NA | K42: 1 | L42: 0 | P42: =IF(OR(I42=1,I42="1",I42=0,I42="0"),I42,IF(OR(J42=1,J42="1",J42=0,J42="0"),J42,IF(OR(K42=1,K42="1",K42=0,K42="0"),K42,"NA"))) -> 1 | Q42: =IF(OR(L42=1,L42="1",L42=0,L42="0"),L42,IF(OR(M42=1,M42="1",M42=0,M42="0"),M42,IF(OR(N42=1,N42="1",N42=0,N42="0"),N42,"NA"))) -> 0 | R42: =AND(ROUND(P42,0)=1, ROUND(Q42,0)=0) -> TRUE
A43: 41 | B43: ADD | C43: tract_0046 | D43: D3_C2 | E43: 2.1905776 | F43: 41.416619 | G43: https://www.google.com/maps/@?api=1&map_action=pano&viewpoint=41.4166187121365,2.1905776282886 | H43: =HYPERLINK("https://www.google.com/maps/@?api=1&map_action=pano&viewpoint=41.4166187121365,2.1905776282886","Open GSV") -> Open GSV | I43: 1 | L43: 0 | P43: =IF(OR(I43=1,I43="1",I43=0,I43="0"),I43,IF(OR(J43=1,J43="1",J43=0,J43="0"),J43,IF(OR(K43=1,K43="1",K43=0,K43="0"),K43,"NA"))) -> 1 | Q43: =IF(OR(L43=1,L43="1",L43=0,L43="0"),L43,IF(OR(M43=1,M43="1",M43=0,M43="0"),M43,IF(OR(N43=1,N43="1",N43=0,N43="0"),N43,"NA"))) -> 0 | R43: =AND(ROUND(P43,0)=1, ROUND(Q43,0)=0) -> TRUE
A44: 42 | B44: ADD | C44: tract_0047 | D44: D3_C2 | E44: 2.1392576 | F44: 41.360011 | G44: https://www.google.com/maps/@?api=1&map_action=pano&viewpoint=41.3600114226599,2.1392576352892 | H44: =HYPERLINK("https://www.google.com/maps/@?api=1&map_action=pano&viewpoint=41.3600114226599,2.1392576352892","Open GSV") -> Open GSV | I44: NA | J44: 1 | L44: 0 | P44: =IF(OR(I44=1,I44="1",I44=0,I44="0"),I44,IF(OR(J44=1,J44="1",J44=0,J44="0"),J44,IF(OR(K44=1,K44="1",K44=0,K44="0"),K44,"NA"))) -> 1 | Q44: =IF(OR(L44=1,L44="1",L44=0,L44="0"),L44,IF(OR(M44=1,M44="1",M44=0,M44="0"),M44,IF(OR(N44=1,N44="1",N44=0,N44="0"),N44,"NA"))) -> 0 | R44: =AND(ROUND(P44,0)=1, ROUND(Q44,0)=0) -> TRUE
A45: 43 | B45: ADD | C45: tract_0049 | D45: D3_C3 | E45: 2.1498848 | F45: 41.38264 | G45: https://www.google.com/maps/@?api=1&map_action=pano&viewpoint=41.3826401063928,2.14988483545965 | H45: =HYPERLINK("https://www.google.com/maps/@?api=1&map_action=pano&viewpoint=41.3826401063928,2.14988483545965","Open GSV") -> Open GSV | I45: 1 | L45: 0 | P45: =IF(OR(I45=1,I45="1",I45=0,I45="0"),I45,IF(OR(J45=1,J45="1",J45=0,J45="0"),J45,IF(OR(K45=1,K45="1",K45=0,K45="0"),K45,"NA"))) -> 1 | Q45: =IF(OR(L45=1,L45="1",L45=0,L45="0"),L45,IF(OR(M45=1,M45="1",M45=0,M45="0"),M45,IF(OR(N45=1,N45="1",N45=0,N45="0"),N45,"NA"))) -> 0 | R45: =AND(ROUND(P45,0)=1, ROUND(Q45,0)=0) -> TRUE
A46: 44 | B46: ADD | C46: tract_0050 | D46: D3_C3 | E46: 2.1511425 | F46: 41.381818 | G46: https://www.google.com/maps/@?api=1&map_action=pano&viewpoint=41.381818495143,2.15114251227034 | H46: =HYPERLINK("https://www.google.com/maps/@?api=1&map_action=pano&viewpoint=41.381818495143,2.15114251227034","Open GSV") -> Open GSV | I46: NA | J46: NA | K46: 1 | L46: 0 | O46: Peg moved 23 | P46: =IF(OR(I46=1,I46="1",I46=0,I46="0"),I46,IF(OR(J46=1,J46="1",J46=0,J46="0"),J46,IF(OR(K46=1,K46="1",K46=0,K46="0"),K46,"NA"))) -> 1 | Q46: =IF(OR(L46=1,L46="1",L46=0,L46="0"),L46,IF(OR(M46=1,M46="1",M46=0,M46="0"),M46,IF(OR(N46=1,N46="1",N46=0,N46="0"),N46,"NA"))) -> 0 | R46: =AND(ROUND(P46,0)=1, ROUND(Q46,0)=0) -> TRUE
A47: 45 | B47: ADD | C47: tract_0050 | D47: D3_C3 | E47: 2.1510866 | F47: 41.381728 | G47: https://www.google.com/maps/@?api=1&map_action=pano&viewpoint=41.3817275823742,2.15108663385945 | H47: =HYPERLINK("https://www.google.com/maps/@?api=1&map_action=pano&viewpoint=41.3817275823742,2.15108663385945","Open GSV") -> Open GSV | I47: NA | J47: NA | K47: 1 | L47: 0 | O47: Peg moved 23 | P47: =IF(OR(I47=1,I47="1",I47=0,I47="0"),I47,IF(OR(J47=1,J47="1",J47=0,J47="0"),J47,IF(OR(K47=1,K47="1",K47=0,K47="0"),K47,"NA"))) -> 1 | Q47: =IF(OR(L47=1,L47="1",L47=0,L47="0"),L47,IF(OR(M47=1,M47="1",M47=0,M47="0"),M47,IF(OR(N47=1,N47="1",N47=0,N47="0"),N47,"NA"))) -> 0 | R47: =AND(ROUND(P47,0)=1, ROUND(Q47,0)=0) -> TRUE
A48: 46 | B48: ADD | C48: tract_0051 | D48: D3_C3 | E48: 2.1536217 | F48: 41.378197 | G48: https://www.google.com/maps/@?api=1&map_action=pano&viewpoint=41.3781971000936,2.15362165090984 | H48: =HYPERLINK("https://www.google.com/maps/@?api=1&map_action=pano&viewpoint=41.3781971000936,2.15362165090984","Open GSV") -> Open GSV | I48: NA | J48: NA | K48: NA | L48: NA | M48: NA | N48: NA | O48: Realigment | P48: =IF(OR(I48=1,I48="1",I48=0,I48="0"),I48,IF(OR(J48=1,J48="1",J48=0,J48="0"),J48,IF(OR(K48=1,K48="1",K48=0,K48="0"),K48,"NA"))) -> NA | Q48: =IF(OR(L48=1,L48="1",L48=0,L48="0"),L48,IF(OR(M48=1,M48="1",M48=0,M48="0"),M48,IF(OR(N48=1,N48="1",N48=0,N48="0"),N48,"NA"))) -> NA | R48: =AND(ROUND(P48,0)=1, ROUND(Q48,0)=0) -> #VALUE!
A49: 47 | B49: ADD | C49: tract_0052 | D49: D3_C3 | E49: 2.147639 | F49: 41.382613 | G49: https://www.google.com/maps/@?api=1&map_action=pano&viewpoint=41.3826129597012,2.14763895462665 | H49: =HYPERLINK("https://www.google.com/maps/@?api=1&map_action=pano&viewpoint=41.3826129597012,2.14763895462665","Open GSV") -> Open GSV | I49: NA | J49: 1 | L49: 0 | O49: Peg moved 24 | P49: =IF(OR(I49=1,I49="1",I49=0,I49="0"),I49,IF(OR(J49=1,J49="1",J49=0,J49="0"),J49,IF(OR(K49=1,K49="1",K49=0,K49="0"),K49,"NA"))) -> 1 | Q49: =IF(OR(L49=1,L49="1",L49=0,L49="0"),L49,IF(OR(M49=1,M49="1",M49=0,M49="0"),M49,IF(OR(N49=1,N49="1",N49=0,N49="0"),N49,"NA"))) -> 0 | R49: =AND(ROUND(P49,0)=1, ROUND(Q49,0)=0) -> TRUE
A50: 48 | B50: ADD | C50: tract_0052 | D50: D3_C3 | E50: 2.1482078 | F50: 41.383042 | G50: https://www.google.com/maps/@?api=1&map_action=pano&viewpoint=41.3830424246768,2.14820775338395 | H50: =HYPERLINK("https://www.google.com/maps/@?api=1&map_action=pano&viewpoint=41.3830424246768,2.14820775338395","Open GSV") -> Open GSV | I50: NA | J50: 1 | L50: 0 | O50: Peg moved 24 | P50: =IF(OR(I50=1,I50="1",I50=0,I50="0"),I50,IF(OR(J50=1,J50="1",J50=0,J50="0"),J50,IF(OR(K50=1,K50="1",K50=0,K50="0"),K50,"NA"))) -> 1 | Q50: =IF(OR(L50=1,L50="1",L50=0,L50="0"),L50,IF(OR(M50=1,M50="1",M50=0,M50="0"),M50,IF(OR(N50=1,N50="1",N50=0,N50="0"),N50,"NA"))) -> 0 | R50: =AND(ROUND(P50,0)=1, ROUND(Q50,0)=0) -> TRUE
R51: =COUNTIFS(R3:R50,1) -> 35 | S51: =COUNTIFS(R3:R50,1) / (COUNTIFS(R3:R50,1) + COUNTIFS(R3:R50,0)) -> 0.79545455

Sheet ADD_vgp
I1: 2023 | L1: 2015
A2: id | B2: class | C2: tract_id | D2: stratum | E2: lon | F2: lat | G2: gsv_link | H2: GSV | I2: present_2023 | J2: present_2024 | K2: present_2022 | L2: present_2015 | M2: present_2014 | N2: present_2016 | O2: notes | P2: present_followup | Q2: present_baseline | R2: Match
A3: 1 | B3: ADD | C3: tract_0001 | D3: D1_C1 | E3: 2.1121109 | F3: 41.390968 | G3: https://www.google.com/maps/@?api=1&map_action=pano&viewpoint=41.3909679997347,2.11211089874738 | H3: =HYPERLINK("https://www.google.com/maps/@?api=1&map_action=pano&viewpoint=41.3909679997347,2.11211089874738","Open GSV") -> Open GSV | I3: NA | J3: NA | K3: 1 | L3: 0 | O3: peg moved 2022 and 2015 | P3: =IF(OR(I3=1,I3="1",I3=0,I3="0"),I3,IF(OR(J3=1,J3="1",J3=0,J3="0"),J3,IF(OR(K3=1,K3="1",K3=0,K3="0"),K3,"NA"))) -> 1 | Q3: =IF(OR(L3=1,L3="1",L3=0,L3="0"),L3,IF(OR(M3=1,M3="1",M3=0,M3="0"),M3,IF(OR(N3=1,N3="1",N3=0,N3="0"),N3,"NA"))) -> 0 | R3: =AND(ROUND(P3,0)=1, ROUND(Q3,0)=0) -> TRUE
A4: 2 | B4: ADD | C4: tract_0003 | D4: D1_C1 | E4: 2.1803101 | F4: 41.458146 | G4: https://www.google.com/maps/@?api=1&map_action=pano&viewpoint=41.4581456267453,2.18031012416 | H4: =HYPERLINK("https://www.google.com/maps/@?api=1&map_action=pano&viewpoint=41.4581456267453,2.18031012416","Open GSV") -> Open GSV | I4: 1 | L4: NA | M4: 1 | O4: peg moved 2023; 2015 then 2014 checked -> Always existed -> FALSE ADD | P4: =IF(OR(I4=1,I4="1",I4=0,I4="0"),I4,IF(OR(J4=1,J4="1",J4=0,J4="0"),J4,IF(OR(K4=1,K4="1",K4=0,K4="0"),K4,"NA"))) -> 1 | Q4: =IF(OR(L4=1,L4="1",L4=0,L4="0"),L4,IF(OR(M4=1,M4="1",M4=0,M4="0"),M4,IF(OR(N4=1,N4="1",N4=0,N4="0"),N4,"NA"))) -> 1 | R4: =AND(ROUND(P4,0)=1, ROUND(Q4,0)=0) -> FALSE
A5: 3 | B5: ADD | C5: tract_0004 | D5: D1_C1 | E5: 2.1408527 | F5: 41.413422 | G5: https://www.google.com/maps/@?api=1&map_action=pano&viewpoint=41.4134215995416,2.14085269668676 | H5: =HYPERLINK("https://www.google.com/maps/@?api=1&map_action=pano&viewpoint=41.4134215995416,2.14085269668676","Open GSV") -> Open GSV | I5: NA | J5: 1 | L5: 0 | O5: peg moved 2024; | P5: =IF(OR(I5=1,I5="1",I5=0,I5="0"),I5,IF(OR(J5=1,J5="1",J5=0,J5="0"),J5,IF(OR(K5=1,K5="1",K5=0,K5="0"),K5,"NA"))) -> 1 | Q5: =IF(OR(L5=1,L5="1",L5=0,L5="0"),L5,IF(OR(M5=1,M5="1",M5=0,M5="0"),M5,IF(OR(N5=1,N5="1",N5=0,N5="0"),N5,"NA"))) -> 0 | R5: =AND(ROUND(P5,0)=1, ROUND(Q5,0)=0) -> TRUE
A6: 4 | B6: ADD | C6: tract_0006 | D6: D1_C1 | E6: 2.2011317 | F6: 41.426283 | G6: https://www.google.com/maps/@?api=1&map_action=pano&viewpoint=41.4262832087554,2.20113165987653 | H6: =HYPERLINK("https://www.google.com/maps/@?api=1&map_action=pano&viewpoint=41.4262832087554,2.20113165987653","Open GSV") -> Open GSV | I6: 1 | L6: 0 | P6: =IF(OR(I6=1,I6="1",I6=0,I6="0"),I6,IF(OR(J6=1,J6="1",J6=0,J6="0"),J6,IF(OR(K6=1,K6="1",K6=0,K6="0"),K6,"NA"))) -> 1 | Q6: =IF(OR(L6=1,L6="1",L6=0,L6="0"),L6,IF(OR(M6=1,M6="1",M6=0,M6="0"),M6,IF(OR(N6=1,N6="1",N6=0,N6="0"),N6,"NA"))) -> 0 | R6: =AND(ROUND(P6,0)=1, ROUND(Q6,0)=0) -> TRUE
A7: 5 | B7: ADD | C7: tract_0006 | D7: D1_C1 | E7: 2.2001191 | F7: 41.426033 | G7: https://www.google.com/maps/@?api=1&map_action=pano&viewpoint=41.4260327049088,2.2001190522901 | H7: =HYPERLINK("https://www.google.com/maps/@?api=1&map_action=pano&viewpoint=41.4260327049088,2.2001190522901","Open GSV") -> Open GSV | I7: 1 | L7: 0 | P7: =IF(OR(I7=1,I7="1",I7=0,I7="0"),I7,IF(OR(J7=1,J7="1",J7=0,J7="0"),J7,IF(OR(K7=1,K7="1",K7=0,K7="0"),K7,"NA"))) -> 1 | Q7: =IF(OR(L7=1,L7="1",L7=0,L7="0"),L7,IF(OR(M7=1,M7="1",M7=0,M7="0"),M7,IF(OR(N7=1,N7="1",N7=0,N7="0"),N7,"NA"))) -> 0 | R7: =AND(ROUND(P7,0)=1, ROUND(Q7,0)=0) -> TRUE
A8: 6 | B8: ADD | C8: tract_0007 | D8: D1_C2 | E8: 2.1347574 | F8: 41.389964 | G8: https://www.google.com/maps/@?api=1&map_action=pano&viewpoint=41.3899636143591,2.134757401236 | H8: =HYPERLINK("https://www.google.com/maps/@?api=1&map_action=pano&viewpoint=41.3899636143591,2.134757401236","Open GSV") -> Open GSV | I8: NA | J8: 0 | L8: 0 | O8: peg moved 2023, 2024 checked and not found -> Never existed -> FALSE ADD | P8: =IF(OR(I8=1,I8="1",I8=0,I8="0"),I8,IF(OR(J8=1,J8="1",J8=0,J8="0"),J8,IF(OR(K8=1,K8="1",K8=0,K8="0"),K8,"NA"))) -> 0 | Q8: =IF(OR(L8=1,L8="1",L8=0,L8="0"),L8,IF(OR(M8=1,M8="1",M8=0,M8="0"),M8,IF(OR(N8=1,N8="1",N8=0,N8="0"),N8,"NA"))) -> 0 | R8: =AND(ROUND(P8,0)=1, ROUND(Q8,0)=0) -> FALSE
A9: 7 | B9: ADD | C9: tract_0007 | D9: D1_C2 | E9: 2.1340276 | F9: 41.388185 | G9: https://www.google.com/maps/@?api=1&map_action=pano&viewpoint=41.3881854073843,2.13402755812854 | H9: =HYPERLINK("https://www.google.com/maps/@?api=1&map_action=pano&viewpoint=41.3881854073843,2.13402755812854","Open GSV") -> Open GSV | I9: 1 | L9: 0 | O9: peg moved 2023, | P9: =IF(OR(I9=1,I9="1",I9=0,I9="0"),I9,IF(OR(J9=1,J9="1",J9=0,J9="0"),J9,IF(OR(K9=1,K9="1",K9=0,K9="0"),K9,"NA"))) -> 1 | Q9: =IF(OR(L9=1,L9="1",L9=0,L9="0"),L9,IF(OR(M9=1,M9="1",M9=0,M9="0"),M9,IF(OR(N9=1,N9="1",N9=0,N9="0"),N9,"NA"))) -> 0 | R9: =AND(ROUND(P9,0)=1, ROUND(Q9,0)=0) -> TRUE
A10: 8 | B10: ADD | C10: tract_0009 | D10: D1_C2 | E10: 2.1988167 | F10: 41.416812 | G10: https://www.google.com/maps/@?api=1&map_action=pano&viewpoint=41.4168121764961,2.19881673887713 | H10: =HYPERLINK("https://www.google.com/maps/@?api=1&map_action=pano&viewpoint=41.4168121764961,2.19881673887713","Open GSV") -> Open GSV | I10: 1 | L10: NA | M10: 0 | O10: peg moved 2015 (roadworks), | P10: =IF(OR(I10=1,I10="1",I10=0,I10="0"),I10,IF(OR(J10=1,J10="1",J10=0,J10="0"),J10,IF(OR(K10=1,K10="1",K10=0,K10="0"),K10,"NA"))) -> 1 | Q10: =IF(OR(L10=1,L10="1",L10=0,L10="0"),L10,IF(OR(M10=1,M10="1",M10=0,M10="0"),M10,IF(OR(N10=1,N10="1",N10=0,N10="0"),N10,"NA"))) -> 0 | R10: =AND(ROUND(P10,0)=1, ROUND(Q10,0)=0) -> TRUE
A11: 9 | B11: ADD | C11: tract_0010 | D11: D1_C2 | E11: 2.1746102 | F11: 41.416865 | G11: https://www.google.com/maps/@?api=1&map_action=pano&viewpoint=41.4168653577514,2.17461017557639 | H11: =HYPERLINK("https://www.google.com/maps/@?api=1&map_action=pano&viewpoint=41.4168653577514,2.17461017557639","Open GSV") -> Open GSV | I11: 1 | L11: 0 | P11: =IF(OR(I11=1,I11="1",I11=0,I11="0"),I11,IF(OR(J11=1,J11="1",J11=0,J11="0"),J11,IF(OR(K11=1,K11="1",K11=0,K11="0"),K11,"NA"))) -> 1 | Q11: =IF(OR(L11=1,L11="1",L11=0,L11="0"),L11,IF(OR(M11=1,M11="1",M11=0,M11="0"),M11,IF(OR(N11=1,N11="1",N11=0,N11="0"),N11,"NA"))) -> 0 | R11: =AND(ROUND(P11,0)=1, ROUND(Q11,0)=0) -> TRUE
A12: 10 | B12: ADD | C12: tract_0010 | D12: D1_C2 | E12: 2.172051 | F12: 41.414976 | G12: https://www.google.com/maps/@?api=1&map_action=pano&viewpoint=41.414975730964,2.17205102853822 | H12: =HYPERLINK("https://www.google.com/maps/@?api=1&map_action=pano&viewpoint=41.414975730964,2.17205102853822","Open GSV") -> Open GSV | I12: 1 | L12: 1 | O12: FALSE ADD -> REALIGN | P12: =IF(OR(I12=1,I12="1",I12=0,I12="0"),I12,IF(OR(J12=1,J12="1",J12=0,J12="0"),J12,IF(OR(K12=1,K12="1",K12=0,K12="0"),K12,"NA"))) -> 1 | Q12: =IF(OR(L12=1,L12="1",L12=0,L12="0"),L12,IF(OR(M12=1,M12="1",M12=0,M12="0"),M12,IF(OR(N12=1,N12="1",N12=0,N12="0"),N12,"NA"))) -> 1 | R12: =AND(ROUND(P12,0)=1, ROUND(Q12,0)=0) -> FALSE
A13: 11 | B13: ADD | C13: tract_0011 | D13: D1_C2 | E13: 2.2075546 | F13: 41.420448 | G13: https://www.google.com/maps/@?api=1&map_action=pano&viewpoint=41.4204481302083,2.2075546110796 | H13: =HYPERLINK("https://www.google.com/maps/@?api=1&map_action=pano&viewpoint=41.4204481302083,2.2075546110796","Open GSV") -> Open GSV | I13: 1 | L13: NA | M13: 1 | O13: peg moved 2023; 2015 then 2014 checked -> Always existed -> FALSE ADD | P13: =IF(OR(I13=1,I13="1",I13=0,I13="0"),I13,IF(OR(J13=1,J13="1",J13=0,J13="0"),J13,IF(OR(K13=1,K13="1",K13=0,K13="0"),K13,"NA"))) -> 1 | Q13: =IF(OR(L13=1,L13="1",L13=0,L13="0"),L13,IF(OR(M13=1,M13="1",M13=0,M13="0"),M13,IF(OR(N13=1,N13="1",N13=0,N13="0"),N13,"NA"))) -> 1 | R13: =AND(ROUND(P13,0)=1, ROUND(Q13,0)=0) -> FALSE
A14: 12 | B14: ADD | C14: tract_0011 | D14: D1_C2 | E14: 2.2079426 | F14: 41.420245 | G14: https://www.google.com/maps/@?api=1&map_action=pano&viewpoint=41.4202454258576,2.20794256929774 | H14: =HYPERLINK("https://www.google.com/maps/@?api=1&map_action=pano&viewpoint=41.4202454258576,2.20794256929774","Open GSV") -> Open GSV | I14: 1 | L14: NA | M14: 1 | O14: peg moved 2023; 2015 then 2014 checked -> Always existed -> FALSE ADD | P14: =IF(OR(I14=1,I14="1",I14=0,I14="0"),I14,IF(OR(J14=1,J14="1",J14=0,J14="0"),J14,IF(OR(K14=1,K14="1",K14=0,K14="0"),K14,"NA"))) -> 1 | Q14: =IF(OR(L14=1,L14="1",L14=0,L14="0"),L14,IF(OR(M14=1,M14="1",M14=0,M14="0"),M14,IF(OR(N14=1,N14="1",N14=0,N14="0"),N14,"NA"))) -> 1 | R14: =AND(ROUND(P14,0)=1, ROUND(Q14,0)=0) -> FALSE
A15: 13 | B15: ADD | C15: tract_0012 | D15: D1_C2 | E15: 2.1609809 | F15: 41.412109 | G15: https://www.google.com/maps/@?api=1&map_action=pano&viewpoint=41.4121092794043,2.16098092184219 | H15: =HYPERLINK("https://www.google.com/maps/@?api=1&map_action=pano&viewpoint=41.4121092794043,2.16098092184219","Open GSV") -> Open GSV | I15: 1 | L15: 0 | P15: =IF(OR(I15=1,I15="1",I15=0,I15="0"),I15,IF(OR(J15=1,J15="1",J15=0,J15="0"),J15,IF(OR(K15=1,K15="1",K15=0,K15="0"),K15,"NA"))) -> 1 | Q15: =IF(OR(L15=1,L15="1",L15=0,L15="0"),L15,IF(OR(M15=1,M15="1",M15=0,M15="0"),M15,IF(OR(N15=1,N15="1",N15=0,N15="0"),N15,"NA"))) -> 0 | R15: =AND(ROUND(P15,0)=1, ROUND(Q15,0)=0) -> TRUE
A16: 14 | B16: ADD | C16: tract_0012 | D16: D1_C2 | E16: 2.1617583 | F16: 41.412547 | G16: https://www.google.com/maps/@?api=1&map_action=pano&viewpoint=41.4125465819168,2.16175831110785 | H16: =HYPERLINK("https://www.google.com/maps/@?api=1&map_action=pano&viewpoint=41.4125465819168,2.16175831110785","Open GSV") -> Open GSV | I16: NA | J16: 1 | L16: 0 | O16: 2023 underground, 2024 same point overground / 2015 only underground if peg not moved before year switch / "REAL ADD" but many steps to check. | P16: =IF(OR(I16=1,I16="1",I16=0,I16="0"),I16,IF(OR(J16=1,J16="1",J16=0,J16="0"),J16,IF(OR(K16=1,K16="1",K16=0,K16="0"),K16,"NA"))) -> 1 | Q16: =IF(OR(L16=1,L16="1",L16=0,L16="0"),L16,IF(OR(M16=1,M16="1",M16=0,M16="0"),M16,IF(OR(N16=1,N16="1",N16=0,N16="0"),N16,"NA"))) -> 0 | R16: =AND(ROUND(P16,0)=1, ROUND(Q16,0)=0) -> TRUE
A17: 15 | B17: ADD | C17: tract_0013 | D17: D1_C3 | E17: 2.2007726 | F17: 41.394521 | G17: https://www.google.com/maps/@?api=1&map_action=pano&viewpoint=41.3945206907087,2.20077256303846 | H17: =HYPERLINK("https://www.google.com/maps/@?api=1&map_action=pano&viewpoint=41.3945206907087,2.20077256303846","Open GSV") -> Open GSV | I17: 1 | L17: 0 | O17: peg moved 2023 | P17: =IF(OR(I17=1,I17="1",I17=0,I17="0"),I17,IF(OR(J17=1,J17="1",J17=0,J17="0"),J17,IF(OR(K17=1,K17="1",K17=0,K17="0"),K17,"NA"))) -> 1 | Q17: =IF(OR(L17=1,L17="1",L17=0,L17="0"),L17,IF(OR(M17=1,M17="1",M17=0,M17="0"),M17,IF(OR(N17=1,N17="1",N17=0,N17="0"),N17,"NA"))) -> 0 | R17: =AND(ROUND(P17,0)=1, ROUND(Q17,0)=0) -> TRUE
A18: 16 | B18: ADD | C18: tract_0013 | D18: D1_C3 | E18: 2.2010092 | F18: 41.394719 | G18: https://www.google.com/maps/@?api=1&map_action=pano&viewpoint=41.394718915396,2.20100922656311 | H18: =HYPERLINK("https://www.google.com/maps/@?api=1&map_action=pano&viewpoint=41.394718915396,2.20100922656311","Open GSV") -> Open GSV | I18: 1 | L18: 0 | P18: =IF(OR(I18=1,I18="1",I18=0,I18="0"),I18,IF(OR(J18=1,J18="1",J18=0,J18="0"),J18,IF(OR(K18=1,K18="1",K18=0,K18="0"),K18,"NA"))) -> 1 | Q18: =IF(OR(L18=1,L18="1",L18=0,L18="0"),L18,IF(OR(M18=1,M18="1",M18=0,M18="0"),M18,IF(OR(N18=1,N18="1",N18=0,N18="0"),N18,"NA"))) -> 0 | R18: =AND(ROUND(P18,0)=1, ROUND(Q18,0)=0) -> TRUE
A19: 17 | B19: ADD | C19: tract_0017 | D19: D1_C3 | E19: 2.1451506 | F19: 41.376224 | G19: https://www.google.com/maps/@?api=1&map_action=pano&viewpoint=41.3762241357195,2.14515055931621 | H19: =HYPERLINK("https://www.google.com/maps/@?api=1&map_action=pano&viewpoint=41.3762241357195,2.14515055931621","Open GSV") -> Open GSV | I19: 1 | L19: 0 | O19: 2015 Lanes with roadpaint indicating bike presence? | P19: =IF(OR(I19=1,I19="1",I19=0,I19="0"),I19,IF(OR(J19=1,J19="1",J19=0,J19="0"),J19,IF(OR(K19=1,K19="1",K19=0,K19="0"),K19,"NA"))) -> 1 | Q19: =IF(OR(L19=1,L19="1",L19=0,L19="0"),L19,IF(OR(M19=1,M19="1",M19=0,M19="0"),M19,IF(OR(N19=1,N19="1",N19=0,N19="0"),N19,"NA"))) -> 0 | R19: =AND(ROUND(P19,0)=1, ROUND(Q19,0)=0) -> TRUE
A20: 18 | B20: ADD | C20: tract_0017 | D20: D1_C3 | E20: 2.1455917 | F20: 41.376413 | G20: https://www.google.com/maps/@?api=1&map_action=pano&viewpoint=41.3764134914288,2.14559167922172 | H20: =HYPERLINK("https://www.google.com/maps/@?api=1&map_action=pano&viewpoint=41.3764134914288,2.14559167922172","Open GSV") -> Open GSV | I20: 1 | L20: 0 | O20: 2015 Lanes with roadpaint indicating bike presence? | P20: =IF(OR(I20=1,I20="1",I20=0,I20="0"),I20,IF(OR(J20=1,J20="1",J20=0,J20="0"),J20,IF(OR(K20=1,K20="1",K20=0,K20="0"),K20,"NA"))) -> 1 | Q20: =IF(OR(L20=1,L20="1",L20=0,L20="0"),L20,IF(OR(M20=1,M20="1",M20=0,M20="0"),M20,IF(OR(N20=1,N20="1",N20=0,N20="0"),N20,"NA"))) -> 0 | R20: =AND(ROUND(P20,0)=1, ROUND(Q20,0)=0) -> TRUE
A21: 19 | B21: ADD | C21: tract_0018 | D21: D1_C3 | E21: 2.1828475 | F21: 41.405575 | G21: https://www.google.com/maps/@?api=1&map_action=pano&viewpoint=41.4055753756871,2.18284748138898 | H21: =HYPERLINK("https://www.google.com/maps/@?api=1&map_action=pano&viewpoint=41.4055753756871,2.18284748138898","Open GSV") -> Open GSV | I21: 1 | L21: 0 | P21: =IF(OR(I21=1,I21="1",I21=0,I21="0"),I21,IF(OR(J21=1,J21="1",J21=0,J21="0"),J21,IF(OR(K21=1,K21="1",K21=0,K21="0"),K21,"NA"))) -> 1 | Q21: =IF(OR(L21=1,L21="1",L21=0,L21="0"),L21,IF(OR(M21=1,M21="1",M21=0,M21="0"),M21,IF(OR(N21=1,N21="1",N21=0,N21="0"),N21,"NA"))) -> 0 | R21: =AND(ROUND(P21,0)=1, ROUND(Q21,0)=0) -> TRUE
A22: 20 | B22: ADD | C22: tract_0018 | D22: D1_C3 | E22: 2.1828597 | F22: 41.403095 | G22: https://www.google.com/maps/@?api=1&map_action=pano&viewpoint=41.403094880684,2.18285971742863 | H22: =HYPERLINK("https://www.google.com/maps/@?api=1&map_action=pano&viewpoint=41.403094880684,2.18285971742863","Open GSV") -> Open GSV | I22: 1 | L22: 0 | O22: peg moved 2023 | P22: =IF(OR(I22=1,I22="1",I22=0,I22="0"),I22,IF(OR(J22=1,J22="1",J22=0,J22="0"),J22,IF(OR(K22=1,K22="1",K22=0,K22="0"),K22,"NA"))) -> 1 | Q22: =IF(OR(L22=1,L22="1",L22=0,L22="0"),L22,IF(OR(M22=1,M22="1",M22=0,M22="0"),M22,IF(OR(N22=1,N22="1",N22=0,N22="0"),N22,"NA"))) -> 0 | R22: =AND(ROUND(P22,0)=1, ROUND(Q22,0)=0) -> TRUE
A23: 21 | B23: ADD | C23: tract_0023 | D23: D2_C1 | E23: 2.1758556 | F23: 41.428756 | G23: https://www.google.com/maps/@?api=1&map_action=pano&viewpoint=41.4287555466715,2.17585558557915 | H23: =HYPERLINK("https://www.google.com/maps/@?api=1&map_action=pano&viewpoint=41.4287555466715,2.17585558557915","Open GSV") -> Open GSV | I23: 1 | L23: NA | M23: 1 | O23: peg moved both to confirm it is and was a bike lane; 2015 then 2014 checked -> Always existed -> FALSE ADD | P23: =IF(OR(I23=1,I23="1",I23=0,I23="0"),I23,IF(OR(J23=1,J23="1",J23=0,J23="0"),J23,IF(OR(K23=1,K23="1",K23=0,K23="0"),K23,"NA"))) -> 1 | Q23: =IF(OR(L23=1,L23="1",L23=0,L23="0"),L23,IF(OR(M23=1,M23="1",M23=0,M23="0"),M23,IF(OR(N23=1,N23="1",N23=0,N23="0"),N23,"NA"))) -> 1 | R23: =AND(ROUND(P23,0)=1, ROUND(Q23,0)=0) -> FALSE
A24: 22 | B24: ADD | C24: tract_0024 | D24: D2_C1 | E24: 2.1908314 | F24: 41.440995 | G24: https://www.google.com/maps/@?api=1&map_action=pano&viewpoint=41.4409954760919,2.19083141351904 | H24: =HYPERLINK("https://www.google.com/maps/@?api=1&map_action=pano&viewpoint=41.4409954760919,2.19083141351904","Open GSV") -> Open GSV | I24: 1 | L24: NA | M24: 1 | O24: Paint on sidewalk indicates bikelane 2023, same paint in 2025 and 2014 -> Always ecisted --> FALSE ADD | P24: =IF(OR(I24=1,I24="1",I24=0,I24="0"),I24,IF(OR(J24=1,J24="1",J24=0,J24="0"),J24,IF(OR(K24=1,K24="1",K24=0,K24="0"),K24,"NA"))) -> 1 | Q24: =IF(OR(L24=1,L24="1",L24=0,L24="0"),L24,IF(OR(M24=1,M24="1",M24=0,M24="0"),M24,IF(OR(N24=1,N24="1",N24=0,N24="0"),N24,"NA"))) -> 1 | R24: =AND(ROUND(P24,0)=1, ROUND(Q24,0)=0) -> FALSE
A25: 23 | B25: ADD | C25: tract_0025 | D25: D2_C2 | E25: 2.1515561 | F25: 41.400312 | G25: https://www.google.com/maps/@?api=1&map_action=pano&viewpoint=41.4003124653889,2.15155610489397 | H25: =HYPERLINK("https://www.google.com/maps/@?api=1&map_action=pano&viewpoint=41.4003124653889,2.15155610489397","Open GSV") -> Open GSV | I25: 1 | L25: 0 | P25: =IF(OR(I25=1,I25="1",I25=0,I25="0"),I25,IF(OR(J25=1,J25="1",J25=0,J25="0"),J25,IF(OR(K25=1,K25="1",K25=0,K25="0"),K25,"NA"))) -> 1 | Q25: =IF(OR(L25=1,L25="1",L25=0,L25="0"),L25,IF(OR(M25=1,M25="1",M25=0,M25="0"),M25,IF(OR(N25=1,N25="1",N25=0,N25="0"),N25,"NA"))) -> 0 | R25: =AND(ROUND(P25,0)=1, ROUND(Q25,0)=0) -> TRUE
A26: 24 | B26: ADD | C26: tract_0025 | D26: D2_C2 | E26: 2.1515394 | F26: 41.400205 | G26: https://www.google.com/maps/@?api=1&map_action=pano&viewpoint=41.400204647767,2.15153939610418 | H26: =HYPERLINK("https://www.google.com/maps/@?api=1&map_action=pano&viewpoint=41.400204647767,2.15153939610418","Open GSV") -> Open GSV | I26: 1 | L26: 0 | P26: =IF(OR(I26=1,I26="1",I26=0,I26="0"),I26,IF(OR(J26=1,J26="1",J26=0,J26="0"),J26,IF(OR(K26=1,K26="1",K26=0,K26="0"),K26,"NA"))) -> 1 | Q26: =IF(OR(L26=1,L26="1",L26=0,L26="0"),L26,IF(OR(M26=1,M26="1",M26=0,M26="0"),M26,IF(OR(N26=1,N26="1",N26=0,N26="0"),N26,"NA"))) -> 0 | R26: =AND(ROUND(P26,0)=1, ROUND(Q26,0)=0) -> TRUE
A27: 25 | B27: ADD | C27: tract_0028 | D27: D2_C2 | E27: 2.1868835 | F27: 41.413052 | G27: https://www.google.com/maps/@?api=1&map_action=pano&viewpoint=41.4130517909949,2.18688350279505 | H27: =HYPERLINK("https://www.google.com/maps/@?api=1&map_action=pano&viewpoint=41.4130517909949,2.18688350279505","Open GSV") -> Open GSV | I27: 1 | L27: 0 | P27: =IF(OR(I27=1,I27="1",I27=0,I27="0"),I27,IF(OR(J27=1,J27="1",J27=0,J27="0"),J27,IF(OR(K27=1,K27="1",K27=0,K27="0"),K27,"NA"))) -> 1 | Q27: =IF(OR(L27=1,L27="1",L27=0,L27="0"),L27,IF(OR(M27=1,M27="1",M27=0,M27="0"),M27,IF(OR(N27=1,N27="1",N27=0,N27="0"),N27,"NA"))) -> 0 | R27: =AND(ROUND(P27,0)=1, ROUND(Q27,0)=0) -> TRUE
A28: 26 | B28: ADD | C28: tract_0028 | D28: D2_C2 | E28: 2.1863076 | F28: 41.414041 | G28: https://www.google.com/maps/@?api=1&map_action=pano&viewpoint=41.4140408624214,2.18630763816643 | H28: =HYPERLINK("https://www.google.com/maps/@?api=1&map_action=pano&viewpoint=41.4140408624214,2.18630763816643","Open GSV") -> Open GSV | I28: 1 | L28: 0 | O28: peg moved 2023, 2015 lane with roadpaint indicating bike presence? | P28: =IF(OR(I28=1,I28="1",I28=0,I28="0"),I28,IF(OR(J28=1,J28="1",J28=0,J28="0"),J28,IF(OR(K28=1,K28="1",K28=0,K28="0"),K28,"NA"))) -> 1 | Q28: =IF(OR(L28=1,L28="1",L28=0,L28="0"),L28,IF(OR(M28=1,M28="1",M28=0,M28="0"),M28,IF(OR(N28=1,N28="1",N28=0,N28="0"),N28,"NA"))) -> 0 | R28: =AND(ROUND(P28,0)=1, ROUND(Q28,0)=0) -> TRUE
A29: 27 | B29: ADD | C29: tract_0030 | D29: D2_C2 | E29: 2.136257 | F29: 41.385981 | G29: https://www.google.com/maps/@?api=1&map_action=pano&viewpoint=41.3859805190524,2.13625700853397 | H29: =HYPERLINK("https://www.google.com/maps/@?api=1&map_action=pano&viewpoint=41.3859805190524,2.13625700853397","Open GSV") -> Open GSV | I29: NA | J29: NA | K29: 1 | L29: 0 | P29: =IF(OR(I29=1,I29="1",I29=0,I29="0"),I29,IF(OR(J29=1,J29="1",J29=0,J29="0"),J29,IF(OR(K29=1,K29="1",K29=0,K29="0"),K29,"NA"))) -> 1 | Q29: =IF(OR(L29=1,L29="1",L29=0,L29="0"),L29,IF(OR(M29=1,M29="1",M29=0,M29="0"),M29,IF(OR(N29=1,N29="1",N29=0,N29="0"),N29,"NA"))) -> 0 | R29: =AND(ROUND(P29,0)=1, ROUND(Q29,0)=0) -> TRUE
A30: 28 | B30: ADD | C30: tract_0030 | D30: D2_C2 | E30: 2.1385586 | F30: 41.385297 | G30: https://www.google.com/maps/@?api=1&map_action=pano&viewpoint=41.3852971271454,2.13855858286425 | H30: =HYPERLINK("https://www.google.com/maps/@?api=1&map_action=pano&viewpoint=41.3852971271454,2.13855858286425","Open GSV") -> Open GSV | I30: NA | J30: NA | K30: 1 | L30: 0 | O30: 2015 lane with road paint indicating bike rpesence? | P30: =IF(OR(I30=1,I30="1",I30=0,I30="0"),I30,IF(OR(J30=1,J30="1",J30=0,J30="0"),J30,IF(OR(K30=1,K30="1",K30=0,K30="0"),K30,"NA"))) -> 1 | Q30: =IF(OR(L30=1,L30="1",L30=0,L30="0"),L30,IF(OR(M30=1,M30="1",M30=0,M30="0"),M30,IF(OR(N30=1,N30="1",N30=0,N30="0"),N30,"NA"))) -> 0 | R30: =AND(ROUND(P30,0)=1, ROUND(Q30,0)=0) -> TRUE
A31: 29 | B31: ADD | C31: tract_0031 | D31: D2_C3 | E31: 2.1864299 | F31: 41.391188 | G31: https://www.google.com/maps/@?api=1&map_action=pano&viewpoint=41.3911878676426,2.18642991571189 | H31: =HYPERLINK("https://www.google.com/maps/@?api=1&map_action=pano&viewpoint=41.3911878676426,2.18642991571189","Open GSV") -> Open GSV | I31: 1 | L31: 0 | O31: peg moved both | P31: =IF(OR(I31=1,I31="1",I31=0,I31="0"),I31,IF(OR(J31=1,J31="1",J31=0,J31="0"),J31,IF(OR(K31=1,K31="1",K31=0,K31="0"),K31,"NA"))) -> 1 | Q31: =IF(OR(L31=1,L31="1",L31=0,L31="0"),L31,IF(OR(M31=1,M31="1",M31=0,M31="0"),M31,IF(OR(N31=1,N31="1",N31=0,N31="0"),N31,"NA"))) -> 0 | R31: =AND(ROUND(P31,0)=1, ROUND(Q31,0)=0) -> TRUE
A32: 30 | B32: ADD | C32: tract_0031 | D32: D2_C3 | E32: 2.185338 | F32: 41.390375 | G32: https://www.google.com/maps/@?api=1&map_action=pano&viewpoint=41.3903749358271,2.18533799661021 | H32: =HYPERLINK("https://www.google.com/maps/@?api=1&map_action=pano&viewpoint=41.3903749358271,2.18533799661021","Open GSV") -> Open GSV | I32: 1 | L32: 0 | O32: peg moved 2023. | P32: =IF(OR(I32=1,I32="1",I32=0,I32="0"),I32,IF(OR(J32=1,J32="1",J32=0,J32="0"),J32,IF(OR(K32=1,K32="1",K32=0,K32="0"),K32,"NA"))) -> 1 | Q32: =IF(OR(L32=1,L32="1",L32=0,L32="0"),L32,IF(OR(M32=1,M32="1",M32=0,M32="0"),M32,IF(OR(N32=1,N32="1",N32=0,N32="0"),N32,"NA"))) -> 0 | R32: =AND(ROUND(P32,0)=1, ROUND(Q32,0)=0) -> TRUE
A33: 31 | B33: ADD | C33: tract_0035 | D33: D2_C3 | E33: 2.1589756 | F33: 41.382643 | G33: https://www.google.com/maps/@?api=1&map_action=pano&viewpoint=41.3826431790481,2.15897555292766 | H33: =HYPERLINK("https://www.google.com/maps/@?api=1&map_action=pano&viewpoint=41.3826431790481,2.15897555292766","Open GSV") -> Open GSV | I33: 1 | L33: NA | M33: 1 | O33: Paint on sidewalk indicates bike lane 2014 -> FALSE ADD -> REALIGN | P33: =IF(OR(I33=1,I33="1",I33=0,I33="0"),I33,IF(OR(J33=1,J33="1",J33=0,J33="0"),J33,IF(OR(K33=1,K33="1",K33=0,K33="0"),K33,"NA"))) -> 1 | Q33: =IF(OR(L33=1,L33="1",L33=0,L33="0"),L33,IF(OR(M33=1,M33="1",M33=0,M33="0"),M33,IF(OR(N33=1,N33="1",N33=0,N33="0"),N33,"NA"))) -> 1 | R33: =AND(ROUND(P33,0)=1, ROUND(Q33,0)=0) -> FALSE
A34: 32 | B34: ADD | C34: tract_0036 | D34: D2_C3 | E34: 2.153705 | F34: 41.398118 | G34: https://www.google.com/maps/@?api=1&map_action=pano&viewpoint=41.3981184632183,2.15370501205099 | H34: =HYPERLINK("https://www.google.com/maps/@?api=1&map_action=pano&viewpoint=41.3981184632183,2.15370501205099","Open GSV") -> Open GSV | I34: 1 | L34: 0 | P34: =IF(OR(I34=1,I34="1",I34=0,I34="0"),I34,IF(OR(J34=1,J34="1",J34=0,J34="0"),J34,IF(OR(K34=1,K34="1",K34=0,K34="0"),K34,"NA"))) -> 1 | Q34: =IF(OR(L34=1,L34="1",L34=0,L34="0"),L34,IF(OR(M34=1,M34="1",M34=0,M34="0"),M34,IF(OR(N34=1,N34="1",N34=0,N34="0"),N34,"NA"))) -> 0 | R34: =AND(ROUND(P34,0)=1, ROUND(Q34,0)=0) -> TRUE
A35: 33 | B35: ADD | C35: tract_0036 | D35: D2_C3 | E35: 2.1537502 | F35: 41.398133 | G35: https://www.google.com/maps/@?api=1&map_action=pano&viewpoint=41.3981332109611,2.1537501547691 | H35: =HYPERLINK("https://www.google.com/maps/@?api=1&map_action=pano&viewpoint=41.3981332109611,2.1537501547691","Open GSV") -> Open GSV | I35: 1 | L35: 0 | O35: Same point as before. | P35: =IF(OR(I35=1,I35="1",I35=0,I35="0"),I35,IF(OR(J35=1,J35="1",J35=0,J35="0"),J35,IF(OR(K35=1,K35="1",K35=0,K35="0"),K35,"NA"))) -> 1 | Q35: =IF(OR(L35=1,L35="1",L35=0,L35="0"),L35,IF(OR(M35=1,M35="1",M35=0,M35="0"),M35,IF(OR(N35=1,N35="1",N35=0,N35="0"),N35,"NA"))) -> 0 | R35: =AND(ROUND(P35,0)=1, ROUND(Q35,0)=0) -> TRUE
A36: 34 | B36: ADD | C36: tract_0041 | D36: D3_C1 | E36: 2.1240095 | F36: 41.375664 | G36: https://www.google.com/maps/@?api=1&map_action=pano&viewpoint=41.3756644128399,2.1240095291374 | H36: =HYPERLINK("https://www.google.com/maps/@?api=1&map_action=pano&viewpoint=41.3756644128399,2.1240095291374","Open GSV") -> Open GSV | I36: 1 | L36: 0 | P36: =IF(OR(I36=1,I36="1",I36=0,I36="0"),I36,IF(OR(J36=1,J36="1",J36=0,J36="0"),J36,IF(OR(K36=1,K36="1",K36=0,K36="0"),K36,"NA"))) -> 1 | Q36: =IF(OR(L36=1,L36="1",L36=0,L36="0"),L36,IF(OR(M36=1,M36="1",M36=0,M36="0"),M36,IF(OR(N36=1,N36="1",N36=0,N36="0"),N36,"NA"))) -> 0 | R36: =AND(ROUND(P36,0)=1, ROUND(Q36,0)=0) -> TRUE
A37: 35 | B37: ADD | C37: tract_0043 | D37: D3_C2 | E37: 2.130759 | F37: 41.375087 | G37: https://www.google.com/maps/@?api=1&map_action=pano&viewpoint=41.3750869481267,2.13075902951078 | H37: =HYPERLINK("https://www.google.com/maps/@?api=1&map_action=pano&viewpoint=41.3750869481267,2.13075902951078","Open GSV") -> Open GSV | I37: 1 | L37: 1 | O37: FALSE ADD --> No changes (always bike/walkside or never bike/walkside, according to near pedestrian crossing) | P37: =IF(OR(I37=1,I37="1",I37=0,I37="0"),I37,IF(OR(J37=1,J37="1",J37=0,J37="0"),J37,IF(OR(K37=1,K37="1",K37=0,K37="0"),K37,"NA"))) -> 1 | Q37: =IF(OR(L37=1,L37="1",L37=0,L37="0"),L37,IF(OR(M37=1,M37="1",M37=0,M37="0"),M37,IF(OR(N37=1,N37="1",N37=0,N37="0"),N37,"NA"))) -> 1 | R37: =AND(ROUND(P37,0)=1, ROUND(Q37,0)=0) -> FALSE
A38: 36 | B38: ADD | C38: tract_0043 | D38: D3_C2 | E38: 2.1311878 | F38: 41.37384 | G38: https://www.google.com/maps/@?api=1&map_action=pano&viewpoint=41.3738399462803,2.13118777902404 | H38: =HYPERLINK("https://www.google.com/maps/@?api=1&map_action=pano&viewpoint=41.3738399462803,2.13118777902404","Open GSV") -> Open GSV | I38: 1 | L38: 1 | O38: 2023 and 2024 underground, 2022 same point overground (no bikelane) / 2015 only underground if peg not moved before year switch (no bikeline either) -> FALSE ADD | P38: =IF(OR(I38=1,I38="1",I38=0,I38="0"),I38,IF(OR(J38=1,J38="1",J38=0,J38="0"),J38,IF(OR(K38=1,K38="1",K38=0,K38="0"),K38,"NA"))) -> 1 | Q38: =IF(OR(L38=1,L38="1",L38=0,L38="0"),L38,IF(OR(M38=1,M38="1",M38=0,M38="0"),M38,IF(OR(N38=1,N38="1",N38=0,N38="0"),N38,"NA"))) -> 1 | R38: =AND(ROUND(P38,0)=1, ROUND(Q38,0)=0) -> FALSE
A39: 37 | B39: ADD | C39: tract_0044 | D39: D3_C2 | E39: 2.1797608 | F39: 41.41188 | G39: https://www.google.com/maps/@?api=1&map_action=pano&viewpoint=41.4118804921771,2.17976081270431 | H39: =HYPERLINK("https://www.google.com/maps/@?api=1&map_action=pano&viewpoint=41.4118804921771,2.17976081270431","Open GSV") -> Open GSV | I39: NA | J39: NA | K39: 0 | L39: 0 | O39: FALSE ADD | P39: =IF(OR(I39=1,I39="1",I39=0,I39="0"),I39,IF(OR(J39=1,J39="1",J39=0,J39="0"),J39,IF(OR(K39=1,K39="1",K39=0,K39="0"),K39,"NA"))) -> 0 | Q39: =IF(OR(L39=1,L39="1",L39=0,L39="0"),L39,IF(OR(M39=1,M39="1",M39=0,M39="0"),M39,IF(OR(N39=1,N39="1",N39=0,N39="0"),N39,"NA"))) -> 0 | R39: =AND(ROUND(P39,0)=1, ROUND(Q39,0)=0) -> FALSE
A40: 38 | B40: ADD | C40: tract_0044 | D40: D3_C2 | E40: 2.1808908 | F40: 41.412745 | G40: https://www.google.com/maps/@?api=1&map_action=pano&viewpoint=41.4127447371871,2.180890772398 | H40: =HYPERLINK("https://www.google.com/maps/@?api=1&map_action=pano&viewpoint=41.4127447371871,2.180890772398","Open GSV") -> Open GSV | I40: NA | J40: NA | K40: 0 | L40: 0 | O40: Peg moved 2023 (roadworks - may be bike lane works but cannot confirm) -> FALSE ADD | P40: =IF(OR(I40=1,I40="1",I40=0,I40="0"),I40,IF(OR(J40=1,J40="1",J40=0,J40="0"),J40,IF(OR(K40=1,K40="1",K40=0,K40="0"),K40,"NA"))) -> 0 | Q40: =IF(OR(L40=1,L40="1",L40=0,L40="0"),L40,IF(OR(M40=1,M40="1",M40=0,M40="0"),M40,IF(OR(N40=1,N40="1",N40=0,N40="0"),N40,"NA"))) -> 0 | R40: =AND(ROUND(P40,0)=1, ROUND(Q40,0)=0) -> FALSE
A41: 39 | B41: ADD | C41: tract_0045 | D41: D3_C2 | E41: 2.1373648 | F41: 41.384823 | G41: https://www.google.com/maps/@?api=1&map_action=pano&viewpoint=41.3848229909854,2.13736483373658 | H41: =HYPERLINK("https://www.google.com/maps/@?api=1&map_action=pano&viewpoint=41.3848229909854,2.13736483373658","Open GSV") -> Open GSV | I41: NA | J41: NA | K41: 1 | L41: 0 | P41: =IF(OR(I41=1,I41="1",I41=0,I41="0"),I41,IF(OR(J41=1,J41="1",J41=0,J41="0"),J41,IF(OR(K41=1,K41="1",K41=0,K41="0"),K41,"NA"))) -> 1 | Q41: =IF(OR(L41=1,L41="1",L41=0,L41="0"),L41,IF(OR(M41=1,M41="1",M41=0,M41="0"),M41,IF(OR(N41=1,N41="1",N41=0,N41="0"),N41,"NA"))) -> 0 | R41: =AND(ROUND(P41,0)=1, ROUND(Q41,0)=0) -> TRUE
A42: 40 | B42: ADD | C42: tract_0045 | D42: D3_C2 | E42: 2.137841 | F42: 41.385166 | G42: https://www.google.com/maps/@?api=1&map_action=pano&viewpoint=41.3851659046238,2.13784099621788 | H42: =HYPERLINK("https://www.google.com/maps/@?api=1&map_action=pano&viewpoint=41.3851659046238,2.13784099621788","Open GSV") -> Open GSV | I42: NA | J42: NA | K42: 1 | L42: 0 | P42: =IF(OR(I42=1,I42="1",I42=0,I42="0"),I42,IF(OR(J42=1,J42="1",J42=0,J42="0"),J42,IF(OR(K42=1,K42="1",K42=0,K42="0"),K42,"NA"))) -> 1 | Q42: =IF(OR(L42=1,L42="1",L42=0,L42="0"),L42,IF(OR(M42=1,M42="1",M42=0,M42="0"),M42,IF(OR(N42=1,N42="1",N42=0,N42="0"),N42,"NA"))) -> 0 | R42: =AND(ROUND(P42,0)=1, ROUND(Q42,0)=0) -> TRUE
A43: 41 | B43: ADD | C43: tract_0046 | D43: D3_C2 | E43: 2.1905776 | F43: 41.416619 | G43: https://www.google.com/maps/@?api=1&map_action=pano&viewpoint=41.4166187121365,2.1905776282886 | H43: =HYPERLINK("https://www.google.com/maps/@?api=1&map_action=pano&viewpoint=41.4166187121365,2.1905776282886","Open GSV") -> Open GSV | I43: 1 | L43: 0 | P43: =IF(OR(I43=1,I43="1",I43=0,I43="0"),I43,IF(OR(J43=1,J43="1",J43=0,J43="0"),J43,IF(OR(K43=1,K43="1",K43=0,K43="0"),K43,"NA"))) -> 1 | Q43: =IF(OR(L43=1,L43="1",L43=0,L43="0"),L43,IF(OR(M43=1,M43="1",M43=0,M43="0"),M43,IF(OR(N43=1,N43="1",N43=0,N43="0"),N43,"NA"))) -> 0 | R43: =AND(ROUND(P43,0)=1, ROUND(Q43,0)=0) -> TRUE
A44: 42 | B44: ADD | C44: tract_0047 | D44: D3_C2 | E44: 2.1392576 | F44: 41.360011 | G44: https://www.google.com/maps/@?api=1&map_action=pano&viewpoint=41.3600114226599,2.1392576352892 | H44: =HYPERLINK("https://www.google.com/maps/@?api=1&map_action=pano&viewpoint=41.3600114226599,2.1392576352892","Open GSV") -> Open GSV | I44: 1 | L44: 0 | O44: peg moved 2023 | P44: =IF(OR(I44=1,I44="1",I44=0,I44="0"),I44,IF(OR(J44=1,J44="1",J44=0,J44="0"),J44,IF(OR(K44=1,K44="1",K44=0,K44="0"),K44,"NA"))) -> 1 | Q44: =IF(OR(L44=1,L44="1",L44=0,L44="0"),L44,IF(OR(M44=1,M44="1",M44=0,M44="0"),M44,IF(OR(N44=1,N44="1",N44=0,N44="0"),N44,"NA"))) -> 0 | R44: =AND(ROUND(P44,0)=1, ROUND(Q44,0)=0) -> TRUE
A45: 43 | B45: ADD | C45: tract_0049 | D45: D3_C3 | E45: 2.1498848 | F45: 41.38264 | G45: https://www.google.com/maps/@?api=1&map_action=pano&viewpoint=41.3826401063928,2.14988483545965 | H45: =HYPERLINK("https://www.google.com/maps/@?api=1&map_action=pano&viewpoint=41.3826401063928,2.14988483545965","Open GSV") -> Open GSV | I45: 1 | L45: 0 | P45: =IF(OR(I45=1,I45="1",I45=0,I45="0"),I45,IF(OR(J45=1,J45="1",J45=0,J45="0"),J45,IF(OR(K45=1,K45="1",K45=0,K45="0"),K45,"NA"))) -> 1 | Q45: =IF(OR(L45=1,L45="1",L45=0,L45="0"),L45,IF(OR(M45=1,M45="1",M45=0,M45="0"),M45,IF(OR(N45=1,N45="1",N45=0,N45="0"),N45,"NA"))) -> 0 | R45: =AND(ROUND(P45,0)=1, ROUND(Q45,0)=0) -> TRUE
A46: 44 | B46: ADD | C46: tract_0050 | D46: D3_C3 | E46: 2.1511425 | F46: 41.381818 | G46: https://www.google.com/maps/@?api=1&map_action=pano&viewpoint=41.381818495143,2.15114251227034 | H46: =HYPERLINK("https://www.google.com/maps/@?api=1&map_action=pano&viewpoint=41.381818495143,2.15114251227034","Open GSV") -> Open GSV | I46: 1 | L46: 0 | O46: peg moved both | P46: =IF(OR(I46=1,I46="1",I46=0,I46="0"),I46,IF(OR(J46=1,J46="1",J46=0,J46="0"),J46,IF(OR(K46=1,K46="1",K46=0,K46="0"),K46,"NA"))) -> 1 | Q46: =IF(OR(L46=1,L46="1",L46=0,L46="0"),L46,IF(OR(M46=1,M46="1",M46=0,M46="0"),M46,IF(OR(N46=1,N46="1",N46=0,N46="0"),N46,"NA"))) -> 0 | R46: =AND(ROUND(P46,0)=1, ROUND(Q46,0)=0) -> TRUE
A47: 45 | B47: ADD | C47: tract_0050 | D47: D3_C3 | E47: 2.1510866 | F47: 41.381728 | G47: https://www.google.com/maps/@?api=1&map_action=pano&viewpoint=41.3817275823742,2.15108663385945 | H47: =HYPERLINK("https://www.google.com/maps/@?api=1&map_action=pano&viewpoint=41.3817275823742,2.15108663385945","Open GSV") -> Open GSV | I47: 1 | L47: 0 | O47: peg moved both + Same point as before | P47: =IF(OR(I47=1,I47="1",I47=0,I47="0"),I47,IF(OR(J47=1,J47="1",J47=0,J47="0"),J47,IF(OR(K47=1,K47="1",K47=0,K47="0"),K47,"NA"))) -> 1 | Q47: =IF(OR(L47=1,L47="1",L47=0,L47="0"),L47,IF(OR(M47=1,M47="1",M47=0,M47="0"),M47,IF(OR(N47=1,N47="1",N47=0,N47="0"),N47,"NA"))) -> 0 | R47: =AND(ROUND(P47,0)=1, ROUND(Q47,0)=0) -> TRUE
A48: 46 | B48: ADD | C48: tract_0051 | D48: D3_C3 | E48: 2.1536217 | F48: 41.378197 | G48: https://www.google.com/maps/@?api=1&map_action=pano&viewpoint=41.3781971000936,2.15362165090984 | H48: =HYPERLINK("https://www.google.com/maps/@?api=1&map_action=pano&viewpoint=41.3781971000936,2.15362165090984","Open GSV") -> Open GSV | I48: 1 | L48: 1 | O48: Paint on sidewalk indicates bike lane 2015 -> FALSE ADD -> REALIGN | P48: =IF(OR(I48=1,I48="1",I48=0,I48="0"),I48,IF(OR(J48=1,J48="1",J48=0,J48="0"),J48,IF(OR(K48=1,K48="1",K48=0,K48="0"),K48,"NA"))) -> 1 | Q48: =IF(OR(L48=1,L48="1",L48=0,L48="0"),L48,IF(OR(M48=1,M48="1",M48=0,M48="0"),M48,IF(OR(N48=1,N48="1",N48=0,N48="0"),N48,"NA"))) -> 1 | R48: =AND(ROUND(P48,0)=1, ROUND(Q48,0)=0) -> FALSE
A49: 47 | B49: ADD | C49: tract_0052 | D49: D3_C3 | E49: 2.147639 | F49: 41.382613 | G49: https://www.google.com/maps/@?api=1&map_action=pano&viewpoint=41.3826129597012,2.14763895462665 | H49: =HYPERLINK("https://www.google.com/maps/@?api=1&map_action=pano&viewpoint=41.3826129597012,2.14763895462665","Open GSV") -> Open GSV | I49: 0 | L49: 0 | O49: FALSE ADD -> 2024 not available to check | P49: =IF(OR(I49=1,I49="1",I49=0,I49="0"),I49,IF(OR(J49=1,J49="1",J49=0,J49="0"),J49,IF(OR(K49=1,K49="1",K49=0,K49="0"),K49,"NA"))) -> 0 | Q49: =IF(OR(L49=1,L49="1",L49=0,L49="0"),L49,IF(OR(M49=1,M49="1",M49=0,M49="0"),M49,IF(OR(N49=1,N49="1",N49=0,N49="0"),N49,"NA"))) -> 0 | R49: =AND(ROUND(P49,0)=1, ROUND(Q49,0)=0) -> FALSE
A50: 48 | B50: ADD | C50: tract_0052 | D50: D3_C3 | E50: 2.1482078 | F50: 41.383042 | G50: https://www.google.com/maps/@?api=1&map_action=pano&viewpoint=41.3830424246768,2.14820775338395 | H50: =HYPERLINK("https://www.google.com/maps/@?api=1&map_action=pano&viewpoint=41.3830424246768,2.14820775338395","Open GSV") -> Open GSV | I50: 0 | L50: 0 | O50: FALSE ADD -> 2024 not available to check | P50: =IF(OR(I50=1,I50="1",I50=0,I50="0"),I50,IF(OR(J50=1,J50="1",J50=0,J50="0"),J50,IF(OR(K50=1,K50="1",K50=0,K50="0"),K50,"NA"))) -> 0 | Q50: =IF(OR(L50=1,L50="1",L50=0,L50="0"),L50,IF(OR(M50=1,M50="1",M50=0,M50="0"),M50,IF(OR(N50=1,N50="1",N50=0,N50="0"),N50,"NA"))) -> 0 | R50: =AND(ROUND(P50,0)=1, ROUND(Q50,0)=0) -> FALSE
R51: =COUNTIFS(R3:R50,1) -> 33 | S51: =COUNTIFS(R3:R50,1) / (COUNTIFS(R3:R50,1) + COUNTIFS(R3:R50,0)) -> 0.6875

Sheet REMOVE_evt
I1: 2023 | L1: 2015
A2: id | B2: class | C2: tract_id | D2: stratum | E2: lon | F2: lat | G2: gsv_link | H2: GSV | I2: present_2023 | J2: present_2024 | K2: present_2022 | L2: present_2015 | M2: present_2014 | N2: present_2016 | O2: notes | P2: present_followup | Q2: present_baseline | R2: Match
A3: 1 | B3: REMOVE | C3: tract_0001 | D3: D1_C1 | E3: 2.1040062 | F3: 41.38494 | G3: https://www.google.com/maps/@?api=1&map_action=pano&viewpoint=41.3849403989724,2.10400617396064 | H3: =HYPERLINK("https://www.google.com/maps/@?api=1&map_action=pano&viewpoint=41.3849403989724,2.10400617396064","Open GSV") -> Open GSV | I3: 0 | L3: NA | M3: 0 | O3: Peg moved both | P3: =IF(OR(I3=1,I3="1",I3=0,I3="0"),I3,IF(OR(J3=1,J3="1",J3=0,J3="0"),J3,IF(OR(K3=1,K3="1",K3=0,K3="0"),K3,"NA"))) -> 0 | Q3: =IF(OR(L3=1,L3="1",L3=0,L3="0"),L3,IF(OR(M3=1,M3="1",M3=0,M3="0"),M3,IF(OR(N3=1,N3="1",N3=0,N3="0"),N3,"NA"))) -> 0 | R3: =AND(ROUND(P3,0)=0, ROUND(Q3,0)=1) -> FALSE
A4: 2 | B4: REMOVE | C4: tract_0008 | D4: D1_C2 | E4: 2.2007798 | F4: 41.42019 | G4: https://www.google.com/maps/@?api=1&map_action=pano&viewpoint=41.4201900660698,2.20077984083242 | H4: =HYPERLINK("https://www.google.com/maps/@?api=1&map_action=pano&viewpoint=41.4201900660698,2.20077984083242","Open GSV") -> Open GSV | I4: NA | J4: 1 | L4: 1 | P4: =IF(OR(I4=1,I4="1",I4=0,I4="0"),I4,IF(OR(J4=1,J4="1",J4=0,J4="0"),J4,IF(OR(K4=1,K4="1",K4=0,K4="0"),K4,"NA"))) -> 1 | Q4: =IF(OR(L4=1,L4="1",L4=0,L4="0"),L4,IF(OR(M4=1,M4="1",M4=0,M4="0"),M4,IF(OR(N4=1,N4="1",N4=0,N4="0"),N4,"NA"))) -> 1 | R4: =AND(ROUND(P4,0)=0, ROUND(Q4,0)=1) -> FALSE
A5: 3 | B5: REMOVE | C5: tract_0017 | D5: D1_C3 | E5: 2.1483858 | F5: 41.375372 | G5: https://www.google.com/maps/@?api=1&map_action=pano&viewpoint=41.3753719135312,2.14838582462673 | H5: =HYPERLINK("https://www.google.com/maps/@?api=1&map_action=pano&viewpoint=41.3753719135312,2.14838582462673","Open GSV") -> Open GSV | I5: 0 | L5: NA | M5: 0 | O5: Peg moved both | P5: =IF(OR(I5=1,I5="1",I5=0,I5="0"),I5,IF(OR(J5=1,J5="1",J5=0,J5="0"),J5,IF(OR(K5=1,K5="1",K5=0,K5="0"),K5,"NA"))) -> 0 | Q5: =IF(OR(L5=1,L5="1",L5=0,L5="0"),L5,IF(OR(M5=1,M5="1",M5=0,M5="0"),M5,IF(OR(N5=1,N5="1",N5=0,N5="0"),N5,"NA"))) -> 0 | R5: =AND(ROUND(P5,0)=0, ROUND(Q5,0)=1) -> FALSE
A6: 4 | B6: REMOVE | C6: tract_0020 | D6: D2_C1 | E6: 2.1797919 | F6: 41.432573 | G6: https://www.google.com/maps/@?api=1&map_action=pano&viewpoint=41.4325734990105,2.17979187635586 | H6: =HYPERLINK("https://www.google.com/maps/@?api=1&map_action=pano&viewpoint=41.4325734990105,2.17979187635586","Open GSV") -> Open GSV | I6: 0 | L6: NA | M6: 0 | P6: =IF(OR(I6=1,I6="1",I6=0,I6="0"),I6,IF(OR(J6=1,J6="1",J6=0,J6="0"),J6,IF(OR(K6=1,K6="1",K6=0,K6="0"),K6,"NA"))) -> 0 | Q6: =IF(OR(L6=1,L6="1",L6=0,L6="0"),L6,IF(OR(M6=1,M6="1",M6=0,M6="0"),M6,IF(OR(N6=1,N6="1",N6=0,N6="0"),N6,"NA"))) -> 0 | R6: =AND(ROUND(P6,0)=0, ROUND(Q6,0)=1) -> FALSE
A7: 5 | B7: REMOVE | C7: tract_0023 | D7: D2_C1 | E7: 2.1744355 | F7: 41.43024 | G7: https://www.google.com/maps/@?api=1&map_action=pano&viewpoint=41.4302401188698,2.17443553665477 | H7: =HYPERLINK("https://www.google.com/maps/@?api=1&map_action=pano&viewpoint=41.4302401188698,2.17443553665477","Open GSV") -> Open GSV | I7: 0 | L7: NA | M7: 0 | P7: =IF(OR(I7=1,I7="1",I7=0,I7="0"),I7,IF(OR(J7=1,J7="1",J7=0,J7="0"),J7,IF(OR(K7=1,K7="1",K7=0,K7="0"),K7,"NA"))) -> 0 | Q7: =IF(OR(L7=1,L7="1",L7=0,L7="0"),L7,IF(OR(M7=1,M7="1",M7=0,M7="0"),M7,IF(OR(N7=1,N7="1",N7=0,N7="0"),N7,"NA"))) -> 0 | R7: =AND(ROUND(P7,0)=0, ROUND(Q7,0)=1) -> FALSE
A8: 6 | B8: REMOVE | C8: tract_0035 | D8: D2_C3 | E8: 2.1568127 | F8: 41.38434 | G8: https://www.google.com/maps/@?api=1&map_action=pano&viewpoint=41.3843400360326,2.15681272246317 | H8: =HYPERLINK("https://www.google.com/maps/@?api=1&map_action=pano&viewpoint=41.3843400360326,2.15681272246317","Open GSV") -> Open GSV | I8: 0 | L8: 1 | O8: Peg moved both | P8: =IF(OR(I8=1,I8="1",I8=0,I8="0"),I8,IF(OR(J8=1,J8="1",J8=0,J8="0"),J8,IF(OR(K8=1,K8="1",K8=0,K8="0"),K8,"NA"))) -> 0 | Q8: =IF(OR(L8=1,L8="1",L8=0,L8="0"),L8,IF(OR(M8=1,M8="1",M8=0,M8="0"),M8,IF(OR(N8=1,N8="1",N8=0,N8="0"),N8,"NA"))) -> 1 | R8: =AND(ROUND(P8,0)=0, ROUND(Q8,0)=1) -> TRUE
A9: 7 | B9: REMOVE | C9: tract_0035 | D9: D2_C3 | E9: 2.157262 | F9: 41.38328 | G9: https://www.google.com/maps/@?api=1&map_action=pano&viewpoint=41.3832798659396,2.15726201275132 | H9: =HYPERLINK("https://www.google.com/maps/@?api=1&map_action=pano&viewpoint=41.3832798659396,2.15726201275132","Open GSV") -> Open GSV | I9: NA | J9: NA | K9: NA | L9: NA | M9: NA | N9: NA | O9: Peg moved both; realignment 24 | P9: =IF(OR(I9=1,I9="1",I9=0,I9="0"),I9,IF(OR(J9=1,J9="1",J9=0,J9="0"),J9,IF(OR(K9=1,K9="1",K9=0,K9="0"),K9,"NA"))) -> NA | Q9: =IF(OR(L9=1,L9="1",L9=0,L9="0"),L9,IF(OR(M9=1,M9="1",M9=0,M9="0"),M9,IF(OR(N9=1,N9="1",N9=0,N9="0"),N9,"NA"))) -> NA | R9: =AND(ROUND(P9,0)=0, ROUND(Q9,0)=1) -> #VALUE!
A10: 8 | B10: REMOVE | C10: tract_0050 | D10: D3_C3 | E10: 2.1521384 | F10: 41.38094 | G10: https://www.google.com/maps/@?api=1&map_action=pano&viewpoint=41.3809395290626,2.15213844443264 | H10: =HYPERLINK("https://www.google.com/maps/@?api=1&map_action=pano&viewpoint=41.3809395290626,2.15213844443264","Open GSV") -> Open GSV | I10: 0 | L10: 1 | O10: road works 23 | P10: =IF(OR(I10=1,I10="1",I10=0,I10="0"),I10,IF(OR(J10=1,J10="1",J10=0,J10="0"),J10,IF(OR(K10=1,K10="1",K10=0,K10="0"),K10,"NA"))) -> 0 | Q10: =IF(OR(L10=1,L10="1",L10=0,L10="0"),L10,IF(OR(M10=1,M10="1",M10=0,M10="0"),M10,IF(OR(N10=1,N10="1",N10=0,N10="0"),N10,"NA"))) -> 1 | R10: =AND(ROUND(P10,0)=0, ROUND(Q10,0)=1) -> TRUE
R11: =COUNTIFS(R3:R10,1) -> 2 | S11: =COUNTIFS(R3:R10,1) / (COUNTIFS(R3:R10,1) + COUNTIFS(R3:R10,0)) -> 0.28571429

Sheet REMOVE_vgp
I1: 2023 | L1: 2015
A2: id | B2: class | C2: tract_id | D2: stratum | E2: lon | F2: lat | G2: gsv_link | H2: GSV | I2: present_2023 | J2: present_2024 | K2: present_2022 | L2: present_2015 | M2: present_2014 | N2: present_2016 | O2: notes | P2: present_followup | Q2: present_baseline | R2: Match
A3: 1 | B3: REMOVE | C3: tract_0001 | D3: D1_C1 | E3: 2.1040062 | F3: 41.38494 | G3: https://www.google.com/maps/@?api=1&map_action=pano&viewpoint=41.3849403989724,2.10400617396064 | H3: =HYPERLINK("https://www.google.com/maps/@?api=1&map_action=pano&viewpoint=41.3849403989724,2.10400617396064","Open GSV") -> Open GSV | I3: 0 | J3: 0 | K3: 0 | L3: 0 | M3: 0 | N3: 0 | O3: 2023 and 2025 checked, no bikeline. Neighbouring years checked, no bikelane either --> FALSE REMOVE | P3: =IF(OR(I3=1,I3="1",I3=0,I3="0"),I3,IF(OR(J3=1,J3="1",J3=0,J3="0"),J3,IF(OR(K3=1,K3="1",K3=0,K3="0"),K3,"NA"))) -> 0 | Q3: =IF(OR(L3=1,L3="1",L3=0,L3="0"),L3,IF(OR(M3=1,M3="1",M3=0,M3="0"),M3,IF(OR(N3=1,N3="1",N3=0,N3="0"),N3,"NA"))) -> 0 | R3: =AND(ROUND(P3,0)=0, ROUND(Q3,0)=1) -> FALSE
A4: 2 | B4: REMOVE | C4: tract_0008 | D4: D1_C2 | E4: 2.2007798 | F4: 41.42019 | G4: https://www.google.com/maps/@?api=1&map_action=pano&viewpoint=41.4201900660698,2.20077984083242 | H4: =HYPERLINK("https://www.google.com/maps/@?api=1&map_action=pano&viewpoint=41.4201900660698,2.20077984083242","Open GSV") -> Open GSV | I4: 1 | J4: 1 | K4: 1 | L4: 1 | M4: 1 | N4: 1 | O4: Peg moved all. 2023 and 2015 checked, bikelane in both. Neighbouring years checked, bikelane still visible --> FALSE REMOVE | P4: =IF(OR(I4=1,I4="1",I4=0,I4="0"),I4,IF(OR(J4=1,J4="1",J4=0,J4="0"),J4,IF(OR(K4=1,K4="1",K4=0,K4="0"),K4,"NA"))) -> 1 | Q4: =IF(OR(L4=1,L4="1",L4=0,L4="0"),L4,IF(OR(M4=1,M4="1",M4=0,M4="0"),M4,IF(OR(N4=1,N4="1",N4=0,N4="0"),N4,"NA"))) -> 1 | R4: =AND(ROUND(P4,0)=0, ROUND(Q4,0)=1) -> FALSE
A5: 3 | B5: REMOVE | C5: tract_0017 | D5: D1_C3 | E5: 2.1483858 | F5: 41.375372 | G5: https://www.google.com/maps/@?api=1&map_action=pano&viewpoint=41.3753719135312,2.14838582462673 | H5: =HYPERLINK("https://www.google.com/maps/@?api=1&map_action=pano&viewpoint=41.3753719135312,2.14838582462673","Open GSV") -> Open GSV | I5: 0 | J5: 0 | K5: NA | L5: 0 | M5: 0 | N5: 0 | O5: Peg moved all. 2023 and 2015 checked, no bikeline. Neighbouring years checked, no bike lane either --> FALSE REMOVE | P5: =IF(OR(I5=1,I5="1",I5=0,I5="0"),I5,IF(OR(J5=1,J5="1",J5=0,J5="0"),J5,IF(OR(K5=1,K5="1",K5=0,K5="0"),K5,"NA"))) -> 0 | Q5: =IF(OR(L5=1,L5="1",L5=0,L5="0"),L5,IF(OR(M5=1,M5="1",M5=0,M5="0"),M5,IF(OR(N5=1,N5="1",N5=0,N5="0"),N5,"NA"))) -> 0 | R5: =AND(ROUND(P5,0)=0, ROUND(Q5,0)=1) -> FALSE
A6: 4 | B6: REMOVE | C6: tract_0020 | D6: D2_C1 | E6: 2.1797919 | F6: 41.432573 | G6: https://www.google.com/maps/@?api=1&map_action=pano&viewpoint=41.4325734990105,2.17979187635586 | H6: =HYPERLINK("https://www.google.com/maps/@?api=1&map_action=pano&viewpoint=41.4325734990105,2.17979187635586","Open GSV") -> Open GSV | I6: 0 | J6: NA | K6: 0 | L6: 0 | M6: 0 | N6: 0 | O6: Peg moved 2023. 2023 and 2015 checked, no bikelane in both. Neighbouring years checked, no bike lane either --> FALSE REMOVE | P6: =IF(OR(I6=1,I6="1",I6=0,I6="0"),I6,IF(OR(J6=1,J6="1",J6=0,J6="0"),J6,IF(OR(K6=1,K6="1",K6=0,K6="0"),K6,"NA"))) -> 0 | Q6: =IF(OR(L6=1,L6="1",L6=0,L6="0"),L6,IF(OR(M6=1,M6="1",M6=0,M6="0"),M6,IF(OR(N6=1,N6="1",N6=0,N6="0"),N6,"NA"))) -> 0 | R6: =AND(ROUND(P6,0)=0, ROUND(Q6,0)=1) -> FALSE
A7: 5 | B7: REMOVE | C7: tract_0023 | D7: D2_C1 | E7: 2.1744355 | F7: 41.43024 | G7: https://www.google.com/maps/@?api=1&map_action=pano&viewpoint=41.4302401188698,2.17443553665477 | H7: =HYPERLINK("https://www.google.com/maps/@?api=1&map_action=pano&viewpoint=41.4302401188698,2.17443553665477","Open GSV") -> Open GSV | I7: 1 | J7: 1 | K7: 1 | L7: 1 | M7: 1 | N7: 1 | O7: 2023 and 2015 checked, bikelane in both. Neighbouring years checked, bikelane still visible in all --> FALSE REMOVE | P7: =IF(OR(I7=1,I7="1",I7=0,I7="0"),I7,IF(OR(J7=1,J7="1",J7=0,J7="0"),J7,IF(OR(K7=1,K7="1",K7=0,K7="0"),K7,"NA"))) -> 1 | Q7: =IF(OR(L7=1,L7="1",L7=0,L7="0"),L7,IF(OR(M7=1,M7="1",M7=0,M7="0"),M7,IF(OR(N7=1,N7="1",N7=0,N7="0"),N7,"NA"))) -> 1 | R7: =AND(ROUND(P7,0)=0, ROUND(Q7,0)=1) -> FALSE
A8: 6 | B8: REMOVE | C8: tract_0035 | D8: D2_C3 | E8: 2.1568127 | F8: 41.38434 | G8: https://www.google.com/maps/@?api=1&map_action=pano&viewpoint=41.3843400360326,2.15681272246317 | H8: =HYPERLINK("https://www.google.com/maps/@?api=1&map_action=pano&viewpoint=41.3843400360326,2.15681272246317","Open GSV") -> Open GSV | I8: 0 | L8: 1 | O8: Peg moved 2023. Dedicated bike infrastructure disappears (pedestrianization process). | P8: =IF(OR(I8=1,I8="1",I8=0,I8="0"),I8,IF(OR(J8=1,J8="1",J8=0,J8="0"),J8,IF(OR(K8=1,K8="1",K8=0,K8="0"),K8,"NA"))) -> 0 | Q8: =IF(OR(L8=1,L8="1",L8=0,L8="0"),L8,IF(OR(M8=1,M8="1",M8=0,M8="0"),M8,IF(OR(N8=1,N8="1",N8=0,N8="0"),N8,"NA"))) -> 1 | R8: =AND(ROUND(P8,0)=0, ROUND(Q8,0)=1) -> TRUE
A9: 7 | B9: REMOVE | C9: tract_0035 | D9: D2_C3 | E9: 2.157262 | F9: 41.38328 | G9: https://www.google.com/maps/@?api=1&map_action=pano&viewpoint=41.3832798659396,2.15726201275132 | H9: =HYPERLINK("https://www.google.com/maps/@?api=1&map_action=pano&viewpoint=41.3832798659396,2.15726201275132","Open GSV") -> Open GSV | I9: NA | J9: 0 | L9: 1 | O9: Closest bikelane to point supressed by roadworks in 2024 pano. | P9: =IF(OR(I9=1,I9="1",I9=0,I9="0"),I9,IF(OR(J9=1,J9="1",J9=0,J9="0"),J9,IF(OR(K9=1,K9="1",K9=0,K9="0"),K9,"NA"))) -> 0 | Q9: =IF(OR(L9=1,L9="1",L9=0,L9="0"),L9,IF(OR(M9=1,M9="1",M9=0,M9="0"),M9,IF(OR(N9=1,N9="1",N9=0,N9="0"),N9,"NA"))) -> 1 | R9: =AND(ROUND(P9,0)=0, ROUND(Q9,0)=1) -> TRUE
A10: 8 | B10: REMOVE | C10: tract_0050 | D10: D3_C3 | E10: 2.1521384 | F10: 41.38094 | G10: https://www.google.com/maps/@?api=1&map_action=pano&viewpoint=41.3809395290626,2.15213844443264 | H10: =HYPERLINK("https://www.google.com/maps/@?api=1&map_action=pano&viewpoint=41.3809395290626,2.15213844443264","Open GSV") -> Open GSV | I10: 0 | L10: 1 | O10: Peg moved 2023. Bikelane supressed by roadworks in 2015 pano. --> Pedestrianization process detectec | P10: =IF(OR(I10=1,I10="1",I10=0,I10="0"),I10,IF(OR(J10=1,J10="1",J10=0,J10="0"),J10,IF(OR(K10=1,K10="1",K10=0,K10="0"),K10,"NA"))) -> 0 | Q10: =IF(OR(L10=1,L10="1",L10=0,L10="0"),L10,IF(OR(M10=1,M10="1",M10=0,M10="0"),M10,IF(OR(N10=1,N10="1",N10=0,N10="0"),N10,"NA"))) -> 1 | R10: =AND(ROUND(P10,0)=0, ROUND(Q10,0)=1) -> TRUE
R11: =COUNTIFS(R3:R10,1) -> 3 | S11: =COUNTIFS(R3:R10,1) / (COUNTIFS(R3:R10,1) + COUNTIFS(R3:R10,0)) -> 0.375

Sheet NONCI_evt
I1: 2023 | L1: 2015
A2: id | B2: class | C2: tract_id | D2: stratum | E2: lon | F2: lat | G2: gsv_link | H2: GSV | I2: present_2023 | J2: present_2024 | K2: present_2022 | L2: present_2015 | M2: present_2014 | N2: present_2016 | O2: notes | P2: present_followup | Q2: present_baseline | R2: Match
A3: 1 | B3: NONCI | C3: tract_0001 | D3: D1_C1 | E3: 2.1044124 | F3: 41.389559 | G3: https://www.google.com/maps/@?api=1&map_action=pano&viewpoint=41.3895594523829,2.10441235059915 | H3: =HYPERLINK("https://www.google.com/maps/@?api=1&map_action=pano&viewpoint=41.3895594523829,2.10441235059915","Open GSV") -> Open GSV | I3: NA | J3: NA | K3: NA | L3: NA | M3: NA | N3: NA | O3: Peg moved both | P3: =IF(OR(I3=1,I3="1",I3=0,I3="0"),I3,IF(OR(J3=1,J3="1",J3=0,J3="0"),J3,IF(OR(K3=1,K3="1",K3=0,K3="0"),K3,"NA"))) -> NA | Q3: =IF(OR(L3=1,L3="1",L3=0,L3="0"),L3,IF(OR(M3=1,M3="1",M3=0,M3="0"),M3,IF(OR(N3=1,N3="1",N3=0,N3="0"),N3,"NA"))) -> NA | R3: =AND(ROUND(P3,0)=0, ROUND(Q3,0)=0) -> #VALUE!
A4: 2 | B4: NONCI | C4: tract_0002 | D4: D1_C1 | E4: 2.1691949 | F4: 41.421682 | G4: https://www.google.com/maps/@?api=1&map_action=pano&viewpoint=41.4216820407901,2.16919488937241 | H4: =HYPERLINK("https://www.google.com/maps/@?api=1&map_action=pano&viewpoint=41.4216820407901,2.16919488937241","Open GSV") -> Open GSV | I4: NA | J4: 0 | L4: 0 | P4: =IF(OR(I4=1,I4="1",I4=0,I4="0"),I4,IF(OR(J4=1,J4="1",J4=0,J4="0"),J4,IF(OR(K4=1,K4="1",K4=0,K4="0"),K4,"NA"))) -> 0 | Q4: =IF(OR(L4=1,L4="1",L4=0,L4="0"),L4,IF(OR(M4=1,M4="1",M4=0,M4="0"),M4,IF(OR(N4=1,N4="1",N4=0,N4="0"),N4,"NA"))) -> 0 | R4: =AND(ROUND(P4,0)=0, ROUND(Q4,0)=0) -> TRUE
A5: 3 | B5: NONCI | C5: tract_0003 | D5: D1_C1 | E5: 2.1791633 | F5: 41.45499 | G5: https://www.google.com/maps/@?api=1&map_action=pano&viewpoint=41.4549903058703,2.17916326903095 | H5: =HYPERLINK("https://www.google.com/maps/@?api=1&map_action=pano&viewpoint=41.4549903058703,2.17916326903095","Open GSV") -> Open GSV | I5: NA | J5: NA | K5: NA | L5: NA | M5: NA | N5: NA | O5: Peg moved both | P5: =IF(OR(I5=1,I5="1",I5=0,I5="0"),I5,IF(OR(J5=1,J5="1",J5=0,J5="0"),J5,IF(OR(K5=1,K5="1",K5=0,K5="0"),K5,"NA"))) -> NA | Q5: =IF(OR(L5=1,L5="1",L5=0,L5="0"),L5,IF(OR(M5=1,M5="1",M5=0,M5="0"),M5,IF(OR(N5=1,N5="1",N5=0,N5="0"),N5,"NA"))) -> NA | R5: =AND(ROUND(P5,0)=0, ROUND(Q5,0)=0) -> #VALUE!
A6: 4 | B6: NONCI | C6: tract_0004 | D6: D1_C1 | E6: 2.1390853 | F6: 41.415279 | G6: https://www.google.com/maps/@?api=1&map_action=pano&viewpoint=41.4152785875993,2.13908529805925 | H6: =HYPERLINK("https://www.google.com/maps/@?api=1&map_action=pano&viewpoint=41.4152785875993,2.13908529805925","Open GSV") -> Open GSV | I6: NA | J6: NA | K6: 0 | L6: 0 | P6: =IF(OR(I6=1,I6="1",I6=0,I6="0"),I6,IF(OR(J6=1,J6="1",J6=0,J6="0"),J6,IF(OR(K6=1,K6="1",K6=0,K6="0"),K6,"NA"))) -> 0 | Q6: =IF(OR(L6=1,L6="1",L6=0,L6="0"),L6,IF(OR(M6=1,M6="1",M6=0,M6="0"),M6,IF(OR(N6=1,N6="1",N6=0,N6="0"),N6,"NA"))) -> 0 | R6: =AND(ROUND(P6,0)=0, ROUND(Q6,0)=0) -> TRUE
A7: 5 | B7: NONCI | C7: tract_0005 | D7: D1_C1 | E7: 2.2090686 | F7: 41.422976 | G7: https://www.google.com/maps/@?api=1&map_action=pano&viewpoint=41.4229756102428,2.20906860933044 | H7: =HYPERLINK("https://www.google.com/maps/@?api=1&map_action=pano&viewpoint=41.4229756102428,2.20906860933044","Open GSV") -> Open GSV | I7: NA | J7: 0 | L7: 0 | P7: =IF(OR(I7=1,I7="1",I7=0,I7="0"),I7,IF(OR(J7=1,J7="1",J7=0,J7="0"),J7,IF(OR(K7=1,K7="1",K7=0,K7="0"),K7,"NA"))) -> 0 | Q7: =IF(OR(L7=1,L7="1",L7=0,L7="0"),L7,IF(OR(M7=1,M7="1",M7=0,M7="0"),M7,IF(OR(N7=1,N7="1",N7=0,N7="0"),N7,"NA"))) -> 0 | R7: =AND(ROUND(P7,0)=0, ROUND(Q7,0)=0) -> TRUE
A8: 6 | B8: NONCI | C8: tract_0006 | D8: D1_C1 | E8: 2.2048468 | F8: 41.425891 | G8: https://www.google.com/maps/@?api=1&map_action=pano&viewpoint=41.4258905806347,2.20484681868868 | H8: =HYPERLINK("https://www.google.com/maps/@?api=1&map_action=pano&viewpoint=41.4258905806347,2.20484681868868","Open GSV") -> Open GSV | I8: NA | J8: 0 | L8: 0 | P8: =IF(OR(I8=1,I8="1",I8=0,I8="0"),I8,IF(OR(J8=1,J8="1",J8=0,J8="0"),J8,IF(OR(K8=1,K8="1",K8=0,K8="0"),K8,"NA"))) -> 0 | Q8: =IF(OR(L8=1,L8="1",L8=0,L8="0"),L8,IF(OR(M8=1,M8="1",M8=0,M8="0"),M8,IF(OR(N8=1,N8="1",N8=0,N8="0"),N8,"NA"))) -> 0 | R8: =AND(ROUND(P8,0)=0, ROUND(Q8,0)=0) -> TRUE
A9: 7 | B9: NONCI | C9: tract_0007 | D9: D1_C2 | E9: 2.1360527 | F9: 41.388646 | G9: https://www.google.com/maps/@?api=1&map_action=pano&viewpoint=41.3886459941181,2.13605268130468 | H9: =HYPERLINK("https://www.google.com/maps/@?api=1&map_action=pano&viewpoint=41.3886459941181,2.13605268130468","Open GSV") -> Open GSV | I9: 0 | L9: NA | M9: 0 | P9: =IF(OR(I9=1,I9="1",I9=0,I9="0"),I9,IF(OR(J9=1,J9="1",J9=0,J9="0"),J9,IF(OR(K9=1,K9="1",K9=0,K9="0"),K9,"NA"))) -> 0 | Q9: =IF(OR(L9=1,L9="1",L9=0,L9="0"),L9,IF(OR(M9=1,M9="1",M9=0,M9="0"),M9,IF(OR(N9=1,N9="1",N9=0,N9="0"),N9,"NA"))) -> 0 | R9: =AND(ROUND(P9,0)=0, ROUND(Q9,0)=0) -> TRUE
A10: 8 | B10: NONCI | C10: tract_0008 | D10: D1_C2 | E10: 2.1997319 | F10: 41.419285 | G10: https://www.google.com/maps/@?api=1&map_action=pano&viewpoint=41.4192845883494,2.19973194310656 | H10: =HYPERLINK("https://www.google.com/maps/@?api=1&map_action=pano&viewpoint=41.4192845883494,2.19973194310656","Open GSV") -> Open GSV | I10: NA | J10: NA | K10: NA | L10: NA | M10: 0 | P10: =IF(OR(I10=1,I10="1",I10=0,I10="0"),I10,IF(OR(J10=1,J10="1",J10=0,J10="0"),J10,IF(OR(K10=1,K10="1",K10=0,K10="0"),K10,"NA"))) -> NA | Q10: =IF(OR(L10=1,L10="1",L10=0,L10="0"),L10,IF(OR(M10=1,M10="1",M10=0,M10="0"),M10,IF(OR(N10=1,N10="1",N10=0,N10="0"),N10,"NA"))) -> 0 | R10: =AND(ROUND(P10,0)=0, ROUND(Q10,0)=0) -> #VALUE!
A11: 9 | B11: NONCI | C11: tract_0009 | D11: D1_C2 | E11: 2.2009966 | F11: 41.418315 | G11: https://www.google.com/maps/@?api=1&map_action=pano&viewpoint=41.418314723108,2.20099660334155 | H11: =HYPERLINK("https://www.google.com/maps/@?api=1&map_action=pano&viewpoint=41.418314723108,2.20099660334155","Open GSV") -> Open GSV | I11: NA | J11: NA | K11: NA | L11: 0 | P11: =IF(OR(I11=1,I11="1",I11=0,I11="0"),I11,IF(OR(J11=1,J11="1",J11=0,J11="0"),J11,IF(OR(K11=1,K11="1",K11=0,K11="0"),K11,"NA"))) -> NA | Q11: =IF(OR(L11=1,L11="1",L11=0,L11="0"),L11,IF(OR(M11=1,M11="1",M11=0,M11="0"),M11,IF(OR(N11=1,N11="1",N11=0,N11="0"),N11,"NA"))) -> 0 | R11: =AND(ROUND(P11,0)=0, ROUND(Q11,0)=0) -> #VALUE!
A12: 10 | B12: NONCI | C12: tract_0010 | D12: D1_C2 | E12: 2.1719534 | F12: 41.417285 | G12: https://www.google.com/maps/@?api=1&map_action=pano&viewpoint=41.4172851501864,2.1719534490003 | H12: =HYPERLINK("https://www.google.com/maps/@?api=1&map_action=pano&viewpoint=41.4172851501864,2.1719534490003","Open GSV") -> Open GSV | I12: NA | J12: NA | K12: 0 | L12: 0 | P12: =IF(OR(I12=1,I12="1",I12=0,I12="0"),I12,IF(OR(J12=1,J12="1",J12=0,J12="0"),J12,IF(OR(K12=1,K12="1",K12=0,K12="0"),K12,"NA"))) -> 0 | Q12: =IF(OR(L12=1,L12="1",L12=0,L12="0"),L12,IF(OR(M12=1,M12="1",M12=0,M12="0"),M12,IF(OR(N12=1,N12="1",N12=0,N12="0"),N12,"NA"))) -> 0 | R12: =AND(ROUND(P12,0)=0, ROUND(Q12,0)=0) -> TRUE
A13: 11 | B13: NONCI | C13: tract_0011 | D13: D1_C2 | E13: 2.2085959 | F13: 41.421233 | G13: https://www.google.com/maps/@?api=1&map_action=pano&viewpoint=41.4212327396107,2.2085959023376 | H13: =HYPERLINK("https://www.google.com/maps/@?api=1&map_action=pano&viewpoint=41.4212327396107,2.2085959023376","Open GSV") -> Open GSV | I13: NA | J13: 0 | L13: NA | M13: 0 | P13: =IF(OR(I13=1,I13="1",I13=0,I13="0"),I13,IF(OR(J13=1,J13="1",J13=0,J13="0"),J13,IF(OR(K13=1,K13="1",K13=0,K13="0"),K13,"NA"))) -> 0 | Q13: =IF(OR(L13=1,L13="1",L13=0,L13="0"),L13,IF(OR(M13=1,M13="1",M13=0,M13="0"),M13,IF(OR(N13=1,N13="1",N13=0,N13="0"),N13,"NA"))) -> 0 | R13: =AND(ROUND(P13,0)=0, ROUND(Q13,0)=0) -> TRUE
A14: 12 | B14: NONCI | C14: tract_0012 | D14: D1_C2 | E14: 2.1604937 | F14: 41.413682 | G14: https://www.google.com/maps/@?api=1&map_action=pano&viewpoint=41.4136824558834,2.16049369124227 | H14: =HYPERLINK("https://www.google.com/maps/@?api=1&map_action=pano&viewpoint=41.4136824558834,2.16049369124227","Open GSV") -> Open GSV | I14: 0 | L14: 0 | P14: =IF(OR(I14=1,I14="1",I14=0,I14="0"),I14,IF(OR(J14=1,J14="1",J14=0,J14="0"),J14,IF(OR(K14=1,K14="1",K14=0,K14="0"),K14,"NA"))) -> 0 | Q14: =IF(OR(L14=1,L14="1",L14=0,L14="0"),L14,IF(OR(M14=1,M14="1",M14=0,M14="0"),M14,IF(OR(N14=1,N14="1",N14=0,N14="0"),N14,"NA"))) -> 0 | R14: =AND(ROUND(P14,0)=0, ROUND(Q14,0)=0) -> TRUE
A15: 13 | B15: NONCI | C15: tract_0013 | D15: D1_C3 | E15: 2.1966276 | F15: 41.396874 | G15: https://www.google.com/maps/@?api=1&map_action=pano&viewpoint=41.3968741340237,2.19662757442697 | H15: =HYPERLINK("https://www.google.com/maps/@?api=1&map_action=pano&viewpoint=41.3968741340237,2.19662757442697","Open GSV") -> Open GSV | I15: NA | J15: 0 | L15: 0 | P15: =IF(OR(I15=1,I15="1",I15=0,I15="0"),I15,IF(OR(J15=1,J15="1",J15=0,J15="0"),J15,IF(OR(K15=1,K15="1",K15=0,K15="0"),K15,"NA"))) -> 0 | Q15: =IF(OR(L15=1,L15="1",L15=0,L15="0"),L15,IF(OR(M15=1,M15="1",M15=0,M15="0"),M15,IF(OR(N15=1,N15="1",N15=0,N15="0"),N15,"NA"))) -> 0 | R15: =AND(ROUND(P15,0)=0, ROUND(Q15,0)=0) -> TRUE
A16: 14 | B16: NONCI | C16: tract_0014 | D16: D1_C3 | E16: 2.1767596 | F16: 41.38152 | G16: https://www.google.com/maps/@?api=1&map_action=pano&viewpoint=41.3815198505021,2.17675959869425 | H16: =HYPERLINK("https://www.google.com/maps/@?api=1&map_action=pano&viewpoint=41.3815198505021,2.17675959869425","Open GSV") -> Open GSV | I16: 0 | L16: 0 | P16: =IF(OR(I16=1,I16="1",I16=0,I16="0"),I16,IF(OR(J16=1,J16="1",J16=0,J16="0"),J16,IF(OR(K16=1,K16="1",K16=0,K16="0"),K16,"NA"))) -> 0 | Q16: =IF(OR(L16=1,L16="1",L16=0,L16="0"),L16,IF(OR(M16=1,M16="1",M16=0,M16="0"),M16,IF(OR(N16=1,N16="1",N16=0,N16="0"),N16,"NA"))) -> 0 | R16: =AND(ROUND(P16,0)=0, ROUND(Q16,0)=0) -> TRUE
A17: 15 | B17: NONCI | C17: tract_0015 | D17: D1_C3 | E17: 2.1989342 | F17: 41.398565 | G17: https://www.google.com/maps/@?api=1&map_action=pano&viewpoint=41.3985654193142,2.19893423224654 | H17: =HYPERLINK("https://www.google.com/maps/@?api=1&map_action=pano&viewpoint=41.3985654193142,2.19893423224654","Open GSV") -> Open GSV | I17: 0 | L17: 0 | P17: =IF(OR(I17=1,I17="1",I17=0,I17="0"),I17,IF(OR(J17=1,J17="1",J17=0,J17="0"),J17,IF(OR(K17=1,K17="1",K17=0,K17="0"),K17,"NA"))) -> 0 | Q17: =IF(OR(L17=1,L17="1",L17=0,L17="0"),L17,IF(OR(M17=1,M17="1",M17=0,M17="0"),M17,IF(OR(N17=1,N17="1",N17=0,N17="0"),N17,"NA"))) -> 0 | R17: =AND(ROUND(P17,0)=0, ROUND(Q17,0)=0) -> TRUE
A18: 16 | B18: NONCI | C18: tract_0016 | D18: D1_C3 | E18: 2.2046822 | F18: 41.407607 | G18: https://www.google.com/maps/@?api=1&map_action=pano&viewpoint=41.4076066879062,2.20468220744704 | H18: =HYPERLINK("https://www.google.com/maps/@?api=1&map_action=pano&viewpoint=41.4076066879062,2.20468220744704","Open GSV") -> Open GSV | I18: 1 | L18: 1 | P18: =IF(OR(I18=1,I18="1",I18=0,I18="0"),I18,IF(OR(J18=1,J18="1",J18=0,J18="0"),J18,IF(OR(K18=1,K18="1",K18=0,K18="0"),K18,"NA"))) -> 1 | Q18: =IF(OR(L18=1,L18="1",L18=0,L18="0"),L18,IF(OR(M18=1,M18="1",M18=0,M18="0"),M18,IF(OR(N18=1,N18="1",N18=0,N18="0"),N18,"NA"))) -> 1 | R18: =AND(ROUND(P18,0)=0, ROUND(Q18,0)=0) -> FALSE
A19: 17 | B19: NONCI | C19: tract_0017 | D19: D1_C3 | E19: 2.1462176 | F19: 41.375893 | G19: https://www.google.com/maps/@?api=1&map_action=pano&viewpoint=41.3758934897395,2.14621758311762 | H19: =HYPERLINK("https://www.google.com/maps/@?api=1&map_action=pano&viewpoint=41.3758934897395,2.14621758311762","Open GSV") -> Open GSV | I19: 0 | L19: 0 | P19: =IF(OR(I19=1,I19="1",I19=0,I19="0"),I19,IF(OR(J19=1,J19="1",J19=0,J19="0"),J19,IF(OR(K19=1,K19="1",K19=0,K19="0"),K19,"NA"))) -> 0 | Q19: =IF(OR(L19=1,L19="1",L19=0,L19="0"),L19,IF(OR(M19=1,M19="1",M19=0,M19="0"),M19,IF(OR(N19=1,N19="1",N19=0,N19="0"),N19,"NA"))) -> 0 | R19: =AND(ROUND(P19,0)=0, ROUND(Q19,0)=0) -> TRUE
A20: 18 | B20: NONCI | C20: tract_0019 | D20: D2_C1 | E20: 2.1217889 | F20: 41.396231 | G20: https://www.google.com/maps/@?api=1&map_action=pano&viewpoint=41.396230594351,2.1217889459586 | H20: =HYPERLINK("https://www.google.com/maps/@?api=1&map_action=pano&viewpoint=41.396230594351,2.1217889459586","Open GSV") -> Open GSV | I20: NA | J20: NA | K20: 0 | L20: 0 | P20: =IF(OR(I20=1,I20="1",I20=0,I20="0"),I20,IF(OR(J20=1,J20="1",J20=0,J20="0"),J20,IF(OR(K20=1,K20="1",K20=0,K20="0"),K20,"NA"))) -> 0 | Q20: =IF(OR(L20=1,L20="1",L20=0,L20="0"),L20,IF(OR(M20=1,M20="1",M20=0,M20="0"),M20,IF(OR(N20=1,N20="1",N20=0,N20="0"),N20,"NA"))) -> 0 | R20: =AND(ROUND(P20,0)=0, ROUND(Q20,0)=0) -> TRUE
A21: 19 | B21: NONCI | C21: tract_0020 | D21: D2_C1 | E21: 2.1790889 | F21: 41.431346 | G21: https://www.google.com/maps/@?api=1&map_action=pano&viewpoint=41.4313457041624,2.17908894150395 | H21: =HYPERLINK("https://www.google.com/maps/@?api=1&map_action=pano&viewpoint=41.4313457041624,2.17908894150395","Open GSV") -> Open GSV | I21: 0 | L21: 0 | P21: =IF(OR(I21=1,I21="1",I21=0,I21="0"),I21,IF(OR(J21=1,J21="1",J21=0,J21="0"),J21,IF(OR(K21=1,K21="1",K21=0,K21="0"),K21,"NA"))) -> 0 | Q21: =IF(OR(L21=1,L21="1",L21=0,L21="0"),L21,IF(OR(M21=1,M21="1",M21=0,M21="0"),M21,IF(OR(N21=1,N21="1",N21=0,N21="0"),N21,"NA"))) -> 0 | R21: =AND(ROUND(P21,0)=0, ROUND(Q21,0)=0) -> TRUE
A22: 20 | B22: NONCI | C22: tract_0021 | D22: D2_C1 | E22: 2.125769 | F22: 41.392901 | G22: https://www.google.com/maps/@?api=1&map_action=pano&viewpoint=41.3929009079565,2.1257689815069 | H22: =HYPERLINK("https://www.google.com/maps/@?api=1&map_action=pano&viewpoint=41.3929009079565,2.1257689815069","Open GSV") -> Open GSV | I22: NA | J22: NA | K22: 0 | L22: 0 | P22: =IF(OR(I22=1,I22="1",I22=0,I22="0"),I22,IF(OR(J22=1,J22="1",J22=0,J22="0"),J22,IF(OR(K22=1,K22="1",K22=0,K22="0"),K22,"NA"))) -> 0 | Q22: =IF(OR(L22=1,L22="1",L22=0,L22="0"),L22,IF(OR(M22=1,M22="1",M22=0,M22="0"),M22,IF(OR(N22=1,N22="1",N22=0,N22="0"),N22,"NA"))) -> 0 | R22: =AND(ROUND(P22,0)=0, ROUND(Q22,0)=0) -> TRUE
A23: 21 | B23: NONCI | C23: tract_0022 | D23: D2_C1 | E23: 2.1842214 | F23: 41.434865 | G23: https://www.google.com/maps/@?api=1&map_action=pano&viewpoint=41.4348652360132,2.18422140795697 | H23: =HYPERLINK("https://www.google.com/maps/@?api=1&map_action=pano&viewpoint=41.4348652360132,2.18422140795697","Open GSV") -> Open GSV | I23: 0 | L23: 0 | P23: =IF(OR(I23=1,I23="1",I23=0,I23="0"),I23,IF(OR(J23=1,J23="1",J23=0,J23="0"),J23,IF(OR(K23=1,K23="1",K23=0,K23="0"),K23,"NA"))) -> 0 | Q23: =IF(OR(L23=1,L23="1",L23=0,L23="0"),L23,IF(OR(M23=1,M23="1",M23=0,M23="0"),M23,IF(OR(N23=1,N23="1",N23=0,N23="0"),N23,"NA"))) -> 0 | R23: =AND(ROUND(P23,0)=0, ROUND(Q23,0)=0) -> TRUE
A24: 22 | B24: NONCI | C24: tract_0023 | D24: D2_C1 | E24: 2.1755407 | F24: 41.42807 | G24: https://www.google.com/maps/@?api=1&map_action=pano&viewpoint=41.4280696452023,2.17554070368043 | H24: =HYPERLINK("https://www.google.com/maps/@?api=1&map_action=pano&viewpoint=41.4280696452023,2.17554070368043","Open GSV") -> Open GSV | I24: 0 | L24: 0 | O24: There may be a bike lane | P24: =IF(OR(I24=1,I24="1",I24=0,I24="0"),I24,IF(OR(J24=1,J24="1",J24=0,J24="0"),J24,IF(OR(K24=1,K24="1",K24=0,K24="0"),K24,"NA"))) -> 0 | Q24: =IF(OR(L24=1,L24="1",L24=0,L24="0"),L24,IF(OR(M24=1,M24="1",M24=0,M24="0"),M24,IF(OR(N24=1,N24="1",N24=0,N24="0"),N24,"NA"))) -> 0 | R24: =AND(ROUND(P24,0)=0, ROUND(Q24,0)=0) -> TRUE
A25: 23 | B25: NONCI | C25: tract_0024 | D25: D2_C1 | E25: 2.1891687 | F25: 41.440761 | G25: https://www.google.com/maps/@?api=1&map_action=pano&viewpoint=41.4407613525245,2.18916874931851 | H25: =HYPERLINK("https://www.google.com/maps/@?api=1&map_action=pano&viewpoint=41.4407613525245,2.18916874931851","Open GSV") -> Open GSV | I25: NA | J25: 0 | L25: 0 | P25: =IF(OR(I25=1,I25="1",I25=0,I25="0"),I25,IF(OR(J25=1,J25="1",J25=0,J25="0"),J25,IF(OR(K25=1,K25="1",K25=0,K25="0"),K25,"NA"))) -> 0 | Q25: =IF(OR(L25=1,L25="1",L25=0,L25="0"),L25,IF(OR(M25=1,M25="1",M25=0,M25="0"),M25,IF(OR(N25=1,N25="1",N25=0,N25="0"),N25,"NA"))) -> 0 | R25: =AND(ROUND(P25,0)=0, ROUND(Q25,0)=0) -> TRUE
A26: 24 | B26: NONCI | C26: tract_0025 | D26: D2_C2 | E26: 2.1523561 | F26: 41.401185 | G26: https://www.google.com/maps/@?api=1&map_action=pano&viewpoint=41.4011854588709,2.15235610314992 | H26: =HYPERLINK("https://www.google.com/maps/@?api=1&map_action=pano&viewpoint=41.4011854588709,2.15235610314992","Open GSV") -> Open GSV | I26: 0 | L26: NA | M26: 0 | P26: =IF(OR(I26=1,I26="1",I26=0,I26="0"),I26,IF(OR(J26=1,J26="1",J26=0,J26="0"),J26,IF(OR(K26=1,K26="1",K26=0,K26="0"),K26,"NA"))) -> 0 | Q26: =IF(OR(L26=1,L26="1",L26=0,L26="0"),L26,IF(OR(M26=1,M26="1",M26=0,M26="0"),M26,IF(OR(N26=1,N26="1",N26=0,N26="0"),N26,"NA"))) -> 0 | R26: =AND(ROUND(P26,0)=0, ROUND(Q26,0)=0) -> TRUE
A27: 25 | B27: NONCI | C27: tract_0026 | D27: D2_C2 | E27: 2.1360911 | F27: 41.401005 | G27: https://www.google.com/maps/@?api=1&map_action=pano&viewpoint=41.4010048500573,2.13609114981908 | H27: =HYPERLINK("https://www.google.com/maps/@?api=1&map_action=pano&viewpoint=41.4010048500573,2.13609114981908","Open GSV") -> Open GSV | I27: NA | J27: 0 | L27: 0 | P27: =IF(OR(I27=1,I27="1",I27=0,I27="0"),I27,IF(OR(J27=1,J27="1",J27=0,J27="0"),J27,IF(OR(K27=1,K27="1",K27=0,K27="0"),K27,"NA"))) -> 0 | Q27: =IF(OR(L27=1,L27="1",L27=0,L27="0"),L27,IF(OR(M27=1,M27="1",M27=0,M27="0"),M27,IF(OR(N27=1,N27="1",N27=0,N27="0"),N27,"NA"))) -> 0 | R27: =AND(ROUND(P27,0)=0, ROUND(Q27,0)=0) -> TRUE
A28: 26 | B28: NONCI | C28: tract_0027 | D28: D2_C2 | E28: 2.1719647 | F28: 41.422625 | G28: https://www.google.com/maps/@?api=1&map_action=pano&viewpoint=41.4226246930358,2.17196473004792 | H28: =HYPERLINK("https://www.google.com/maps/@?api=1&map_action=pano&viewpoint=41.4226246930358,2.17196473004792","Open GSV") -> Open GSV | I28: 0 | L28: 0 | P28: =IF(OR(I28=1,I28="1",I28=0,I28="0"),I28,IF(OR(J28=1,J28="1",J28=0,J28="0"),J28,IF(OR(K28=1,K28="1",K28=0,K28="0"),K28,"NA"))) -> 0 | Q28: =IF(OR(L28=1,L28="1",L28=0,L28="0"),L28,IF(OR(M28=1,M28="1",M28=0,M28="0"),M28,IF(OR(N28=1,N28="1",N28=0,N28="0"),N28,"NA"))) -> 0 | R28: =AND(ROUND(P28,0)=0, ROUND(Q28,0)=0) -> TRUE
A29: 27 | B29: NONCI | C29: tract_0028 | D29: D2_C2 | E29: 2.1846774 | F29: 41.4133 | G29: https://www.google.com/maps/@?api=1&map_action=pano&viewpoint=41.4132997449837,2.18467735930514 | H29: =HYPERLINK("https://www.google.com/maps/@?api=1&map_action=pano&viewpoint=41.4132997449837,2.18467735930514","Open GSV") -> Open GSV | I29: NA | J29: 0 | L29: 0 | P29: =IF(OR(I29=1,I29="1",I29=0,I29="0"),I29,IF(OR(J29=1,J29="1",J29=0,J29="0"),J29,IF(OR(K29=1,K29="1",K29=0,K29="0"),K29,"NA"))) -> 0 | Q29: =IF(OR(L29=1,L29="1",L29=0,L29="0"),L29,IF(OR(M29=1,M29="1",M29=0,M29="0"),M29,IF(OR(N29=1,N29="1",N29=0,N29="0"),N29,"NA"))) -> 0 | R29: =AND(ROUND(P29,0)=0, ROUND(Q29,0)=0) -> TRUE
A30: 28 | B30: NONCI | C30: tract_0029 | D30: D2_C2 | E30: 2.1562834 | F30: 41.405719 | G30: https://www.google.com/maps/@?api=1&map_action=pano&viewpoint=41.4057193003193,2.1562834011384 | H30: =HYPERLINK("https://www.google.com/maps/@?api=1&map_action=pano&viewpoint=41.4057193003193,2.1562834011384","Open GSV") -> Open GSV | I30: NA | J30: NA | K30: 0 | L30: 0 | O30: Peg moved both | P30: =IF(OR(I30=1,I30="1",I30=0,I30="0"),I30,IF(OR(J30=1,J30="1",J30=0,J30="0"),J30,IF(OR(K30=1,K30="1",K30=0,K30="0"),K30,"NA"))) -> 0 | Q30: =IF(OR(L30=1,L30="1",L30=0,L30="0"),L30,IF(OR(M30=1,M30="1",M30=0,M30="0"),M30,IF(OR(N30=1,N30="1",N30=0,N30="0"),N30,"NA"))) -> 0 | R30: =AND(ROUND(P30,0)=0, ROUND(Q30,0)=0) -> TRUE
A31: 29 | B31: NONCI | C31: tract_0030 | D31: D2_C2 | E31: 2.1358132 | F31: 41.387213 | G31: https://www.google.com/maps/@?api=1&map_action=pano&viewpoint=41.3872125901025,2.13581324384167 | H31: =HYPERLINK("https://www.google.com/maps/@?api=1&map_action=pano&viewpoint=41.3872125901025,2.13581324384167","Open GSV") -> Open GSV | I31: 0 | L31: 0 | P31: =IF(OR(I31=1,I31="1",I31=0,I31="0"),I31,IF(OR(J31=1,J31="1",J31=0,J31="0"),J31,IF(OR(K31=1,K31="1",K31=0,K31="0"),K31,"NA"))) -> 0 | Q31: =IF(OR(L31=1,L31="1",L31=0,L31="0"),L31,IF(OR(M31=1,M31="1",M31=0,M31="0"),M31,IF(OR(N31=1,N31="1",N31=0,N31="0"),N31,"NA"))) -> 0 | R31: =AND(ROUND(P31,0)=0, ROUND(Q31,0)=0) -> TRUE
A32: 30 | B32: NONCI | C32: tract_0031 | D32: D2_C3 | E32: 2.185098 | F32: 41.391081 | G32: https://www.google.com/maps/@?api=1&map_action=pano&viewpoint=41.391080594057,2.18509796710136 | H32: =HYPERLINK("https://www.google.com/maps/@?api=1&map_action=pano&viewpoint=41.391080594057,2.18509796710136","Open GSV") -> Open GSV | I32: 0 | L32: 0 | P32: =IF(OR(I32=1,I32="1",I32=0,I32="0"),I32,IF(OR(J32=1,J32="1",J32=0,J32="0"),J32,IF(OR(K32=1,K32="1",K32=0,K32="0"),K32,"NA"))) -> 0 | Q32: =IF(OR(L32=1,L32="1",L32=0,L32="0"),L32,IF(OR(M32=1,M32="1",M32=0,M32="0"),M32,IF(OR(N32=1,N32="1",N32=0,N32="0"),N32,"NA"))) -> 0 | R32: =AND(ROUND(P32,0)=0, ROUND(Q32,0)=0) -> TRUE
A33: 31 | B33: NONCI | C33: tract_0032 | D33: D2_C3 | E33: 2.2023759 | F33: 41.401156 | G33: https://www.google.com/maps/@?api=1&map_action=pano&viewpoint=41.4011555199841,2.20237586249134 | H33: =HYPERLINK("https://www.google.com/maps/@?api=1&map_action=pano&viewpoint=41.4011555199841,2.20237586249134","Open GSV") -> Open GSV | I33: 0 | L33: 0 | P33: =IF(OR(I33=1,I33="1",I33=0,I33="0"),I33,IF(OR(J33=1,J33="1",J33=0,J33="0"),J33,IF(OR(K33=1,K33="1",K33=0,K33="0"),K33,"NA"))) -> 0 | Q33: =IF(OR(L33=1,L33="1",L33=0,L33="0"),L33,IF(OR(M33=1,M33="1",M33=0,M33="0"),M33,IF(OR(N33=1,N33="1",N33=0,N33="0"),N33,"NA"))) -> 0 | R33: =AND(ROUND(P33,0)=0, ROUND(Q33,0)=0) -> TRUE
A34: 32 | B34: NONCI | C34: tract_0033 | D34: D2_C3 | E34: 2.1913954 | F34: 41.380073 | G34: https://www.google.com/maps/@?api=1&map_action=pano&viewpoint=41.3800730268472,2.19139544456942 | H34: =HYPERLINK("https://www.google.com/maps/@?api=1&map_action=pano&viewpoint=41.3800730268472,2.19139544456942","Open GSV") -> Open GSV | I34: NA | J34: 0 | L34: 0 | P34: =IF(OR(I34=1,I34="1",I34=0,I34="0"),I34,IF(OR(J34=1,J34="1",J34=0,J34="0"),J34,IF(OR(K34=1,K34="1",K34=0,K34="0"),K34,"NA"))) -> 0 | Q34: =IF(OR(L34=1,L34="1",L34=0,L34="0"),L34,IF(OR(M34=1,M34="1",M34=0,M34="0"),M34,IF(OR(N34=1,N34="1",N34=0,N34="0"),N34,"NA"))) -> 0 | R34: =AND(ROUND(P34,0)=0, ROUND(Q34,0)=0) -> TRUE
A35: 33 | B35: NONCI | C35: tract_0034 | D35: D2_C3 | E35: 2.1831529 | F35: 41.384307 | G35: https://www.google.com/maps/@?api=1&map_action=pano&viewpoint=41.3843067005011,2.1831528971609 | H35: =HYPERLINK("https://www.google.com/maps/@?api=1&map_action=pano&viewpoint=41.3843067005011,2.1831528971609","Open GSV") -> Open GSV | I35: 0 | L35: NA | M35: 0 | P35: =IF(OR(I35=1,I35="1",I35=0,I35="0"),I35,IF(OR(J35=1,J35="1",J35=0,J35="0"),J35,IF(OR(K35=1,K35="1",K35=0,K35="0"),K35,"NA"))) -> 0 | Q35: =IF(OR(L35=1,L35="1",L35=0,L35="0"),L35,IF(OR(M35=1,M35="1",M35=0,M35="0"),M35,IF(OR(N35=1,N35="1",N35=0,N35="0"),N35,"NA"))) -> 0 | R35: =AND(ROUND(P35,0)=0, ROUND(Q35,0)=0) -> TRUE
A36: 34 | B36: NONCI | C36: tract_0036 | D36: D2_C3 | E36: 2.1567894 | F36: 41.398362 | G36: https://www.google.com/maps/@?api=1&map_action=pano&viewpoint=41.3983624631247,2.15678942388002 | H36: =HYPERLINK("https://www.google.com/maps/@?api=1&map_action=pano&viewpoint=41.3983624631247,2.15678942388002","Open GSV") -> Open GSV | I36: NA | J36: NA | K36: NA | L36: NA | M36: NA | N36: NA | P36: =IF(OR(I36=1,I36="1",I36=0,I36="0"),I36,IF(OR(J36=1,J36="1",J36=0,J36="0"),J36,IF(OR(K36=1,K36="1",K36=0,K36="0"),K36,"NA"))) -> NA | Q36: =IF(OR(L36=1,L36="1",L36=0,L36="0"),L36,IF(OR(M36=1,M36="1",M36=0,M36="0"),M36,IF(OR(N36=1,N36="1",N36=0,N36="0"),N36,"NA"))) -> NA | R36: =AND(ROUND(P36,0)=0, ROUND(Q36,0)=0) -> #VALUE!
A37: 35 | B37: NONCI | C37: tract_0037 | D37: D3_C1 | E37: 2.1411464 | F37: 41.411347 | G37: https://www.google.com/maps/@?api=1&map_action=pano&viewpoint=41.4113466536383,2.14114636598878 | H37: =HYPERLINK("https://www.google.com/maps/@?api=1&map_action=pano&viewpoint=41.4113466536383,2.14114636598878","Open GSV") -> Open GSV | I37: NA | J37: NA | K37: 0 | L37: 0 | P37: =IF(OR(I37=1,I37="1",I37=0,I37="0"),I37,IF(OR(J37=1,J37="1",J37=0,J37="0"),J37,IF(OR(K37=1,K37="1",K37=0,K37="0"),K37,"NA"))) -> 0 | Q37: =IF(OR(L37=1,L37="1",L37=0,L37="0"),L37,IF(OR(M37=1,M37="1",M37=0,M37="0"),M37,IF(OR(N37=1,N37="1",N37=0,N37="0"),N37,"NA"))) -> 0 | R37: =AND(ROUND(P37,0)=0, ROUND(Q37,0)=0) -> TRUE
A38: 36 | B38: NONCI | C38: tract_0038 | D38: D3_C1 | E38: 2.1724051 | F38: 41.426136 | G38: https://www.google.com/maps/@?api=1&map_action=pano&viewpoint=41.426135711319,2.17240513302861 | H38: =HYPERLINK("https://www.google.com/maps/@?api=1&map_action=pano&viewpoint=41.426135711319,2.17240513302861","Open GSV") -> Open GSV | I38: 0 | L38: 0 | P38: =IF(OR(I38=1,I38="1",I38=0,I38="0"),I38,IF(OR(J38=1,J38="1",J38=0,J38="0"),J38,IF(OR(K38=1,K38="1",K38=0,K38="0"),K38,"NA"))) -> 0 | Q38: =IF(OR(L38=1,L38="1",L38=0,L38="0"),L38,IF(OR(M38=1,M38="1",M38=0,M38="0"),M38,IF(OR(N38=1,N38="1",N38=0,N38="0"),N38,"NA"))) -> 0 | R38: =AND(ROUND(P38,0)=0, ROUND(Q38,0)=0) -> TRUE
A39: 37 | B39: NONCI | C39: tract_0039 | D39: D3_C1 | E39: 2.1755843 | F39: 41.437591 | G39: https://www.google.com/maps/@?api=1&map_action=pano&viewpoint=41.4375909606213,2.17558434676366 | H39: =HYPERLINK("https://www.google.com/maps/@?api=1&map_action=pano&viewpoint=41.4375909606213,2.17558434676366","Open GSV") -> Open GSV | I39: 0 | L39: 0 | P39: =IF(OR(I39=1,I39="1",I39=0,I39="0"),I39,IF(OR(J39=1,J39="1",J39=0,J39="0"),J39,IF(OR(K39=1,K39="1",K39=0,K39="0"),K39,"NA"))) -> 0 | Q39: =IF(OR(L39=1,L39="1",L39=0,L39="0"),L39,IF(OR(M39=1,M39="1",M39=0,M39="0"),M39,IF(OR(N39=1,N39="1",N39=0,N39="0"),N39,"NA"))) -> 0 | R39: =AND(ROUND(P39,0)=0, ROUND(Q39,0)=0) -> TRUE
A40: 38 | B40: NONCI | C40: tract_0040 | D40: D3_C1 | E40: 2.1721461 | F40: 41.428353 | G40: https://www.google.com/maps/@?api=1&map_action=pano&viewpoint=41.4283525000278,2.172146050328 | H40: =HYPERLINK("https://www.google.com/maps/@?api=1&map_action=pano&viewpoint=41.4283525000278,2.172146050328","Open GSV") -> Open GSV | I40: 0 | L40: 0 | P40: =IF(OR(I40=1,I40="1",I40=0,I40="0"),I40,IF(OR(J40=1,J40="1",J40=0,J40="0"),J40,IF(OR(K40=1,K40="1",K40=0,K40="0"),K40,"NA"))) -> 0 | Q40: =IF(OR(L40=1,L40="1",L40=0,L40="0"),L40,IF(OR(M40=1,M40="1",M40=0,M40="0"),M40,IF(OR(N40=1,N40="1",N40=0,N40="0"),N40,"NA"))) -> 0 | R40: =AND(ROUND(P40,0)=0, ROUND(Q40,0)=0) -> TRUE
A41: 39 | B41: NONCI | C41: tract_0041 | D41: D3_C1 | E41: 2.1249778 | F41: 41.376284 | G41: https://www.google.com/maps/@?api=1&map_action=pano&viewpoint=41.3762841412853,2.12497775693313 | H41: =HYPERLINK("https://www.google.com/maps/@?api=1&map_action=pano&viewpoint=41.3762841412853,2.12497775693313","Open GSV") -> Open GSV | I41: 0 | L41: 0 | P41: =IF(OR(I41=1,I41="1",I41=0,I41="0"),I41,IF(OR(J41=1,J41="1",J41=0,J41="0"),J41,IF(OR(K41=1,K41="1",K41=0,K41="0"),K41,"NA"))) -> 0 | Q41: =IF(OR(L41=1,L41="1",L41=0,L41="0"),L41,IF(OR(M41=1,M41="1",M41=0,M41="0"),M41,IF(OR(N41=1,N41="1",N41=0,N41="0"),N41,"NA"))) -> 0 | R41: =AND(ROUND(P41,0)=0, ROUND(Q41,0)=0) -> TRUE
A42: 40 | B42: NONCI | C42: tract_0043 | D42: D3_C2 | E42: 2.1317524 | F42: 41.37472 | G42: https://www.google.com/maps/@?api=1&map_action=pano&viewpoint=41.3747198157894,2.13175238117479 | H42: =HYPERLINK("https://www.google.com/maps/@?api=1&map_action=pano&viewpoint=41.3747198157894,2.13175238117479","Open GSV") -> Open GSV | I42: NA | J42: NA | K42: 0 | L42: 0 | P42: =IF(OR(I42=1,I42="1",I42=0,I42="0"),I42,IF(OR(J42=1,J42="1",J42=0,J42="0"),J42,IF(OR(K42=1,K42="1",K42=0,K42="0"),K42,"NA"))) -> 0 | Q42: =IF(OR(L42=1,L42="1",L42=0,L42="0"),L42,IF(OR(M42=1,M42="1",M42=0,M42="0"),M42,IF(OR(N42=1,N42="1",N42=0,N42="0"),N42,"NA"))) -> 0 | R42: =AND(ROUND(P42,0)=0, ROUND(Q42,0)=0) -> TRUE
A43: 41 | B43: NONCI | C43: tract_0044 | D43: D3_C2 | E43: 2.1799839 | F43: 41.413011 | G43: https://www.google.com/maps/@?api=1&map_action=pano&viewpoint=41.4130107880215,2.17998387981679 | H43: =HYPERLINK("https://www.google.com/maps/@?api=1&map_action=pano&viewpoint=41.4130107880215,2.17998387981679","Open GSV") -> Open GSV | I43: NA | J43: NA | K43: 0 | L43: 0 | P43: =IF(OR(I43=1,I43="1",I43=0,I43="0"),I43,IF(OR(J43=1,J43="1",J43=0,J43="0"),J43,IF(OR(K43=1,K43="1",K43=0,K43="0"),K43,"NA"))) -> 0 | Q43: =IF(OR(L43=1,L43="1",L43=0,L43="0"),L43,IF(OR(M43=1,M43="1",M43=0,M43="0"),M43,IF(OR(N43=1,N43="1",N43=0,N43="0"),N43,"NA"))) -> 0 | R43: =AND(ROUND(P43,0)=0, ROUND(Q43,0)=0) -> TRUE
A44: 42 | B44: NONCI | C44: tract_0045 | D44: D3_C2 | E44: 2.1374667 | F44: 41.383723 | G44: https://www.google.com/maps/@?api=1&map_action=pano&viewpoint=41.3837233079119,2.13746672328433 | H44: =HYPERLINK("https://www.google.com/maps/@?api=1&map_action=pano&viewpoint=41.3837233079119,2.13746672328433","Open GSV") -> Open GSV | I44: NA | J44: NA | K44: 0 | L44: 0 | P44: =IF(OR(I44=1,I44="1",I44=0,I44="0"),I44,IF(OR(J44=1,J44="1",J44=0,J44="0"),J44,IF(OR(K44=1,K44="1",K44=0,K44="0"),K44,"NA"))) -> 0 | Q44: =IF(OR(L44=1,L44="1",L44=0,L44="0"),L44,IF(OR(M44=1,M44="1",M44=0,M44="0"),M44,IF(OR(N44=1,N44="1",N44=0,N44="0"),N44,"NA"))) -> 0 | R44: =AND(ROUND(P44,0)=0, ROUND(Q44,0)=0) -> TRUE
A45: 43 | B45: NONCI | C45: tract_0046 | D45: D3_C2 | E45: 2.1887763 | F45: 41.418015 | G45: https://www.google.com/maps/@?api=1&map_action=pano&viewpoint=41.4180150021324,2.18877627141089 | H45: =HYPERLINK("https://www.google.com/maps/@?api=1&map_action=pano&viewpoint=41.4180150021324,2.18877627141089","Open GSV") -> Open GSV | I45: 0 | L45: 0 | P45: =IF(OR(I45=1,I45="1",I45=0,I45="0"),I45,IF(OR(J45=1,J45="1",J45=0,J45="0"),J45,IF(OR(K45=1,K45="1",K45=0,K45="0"),K45,"NA"))) -> 0 | Q45: =IF(OR(L45=1,L45="1",L45=0,L45="0"),L45,IF(OR(M45=1,M45="1",M45=0,M45="0"),M45,IF(OR(N45=1,N45="1",N45=0,N45="0"),N45,"NA"))) -> 0 | R45: =AND(ROUND(P45,0)=0, ROUND(Q45,0)=0) -> TRUE
A46: 44 | B46: NONCI | C46: tract_0048 | D46: D3_C2 | E46: 2.182472 | F46: 41.414377 | G46: https://www.google.com/maps/@?api=1&map_action=pano&viewpoint=41.4143767531686,2.18247199757422 | H46: =HYPERLINK("https://www.google.com/maps/@?api=1&map_action=pano&viewpoint=41.4143767531686,2.18247199757422","Open GSV") -> Open GSV | I46: 0 | L46: 0 | P46: =IF(OR(I46=1,I46="1",I46=0,I46="0"),I46,IF(OR(J46=1,J46="1",J46=0,J46="0"),J46,IF(OR(K46=1,K46="1",K46=0,K46="0"),K46,"NA"))) -> 0 | Q46: =IF(OR(L46=1,L46="1",L46=0,L46="0"),L46,IF(OR(M46=1,M46="1",M46=0,M46="0"),M46,IF(OR(N46=1,N46="1",N46=0,N46="0"),N46,"NA"))) -> 0 | R46: =AND(ROUND(P46,0)=0, ROUND(Q46,0)=0) -> TRUE
A47: 45 | B47: NONCI | C47: tract_0049 | D47: D3_C3 | E47: 2.1494074 | F47: 41.382995 | G47: https://www.google.com/maps/@?api=1&map_action=pano&viewpoint=41.3829948804712,2.14940742253693 | H47: =HYPERLINK("https://www.google.com/maps/@?api=1&map_action=pano&viewpoint=41.3829948804712,2.14940742253693","Open GSV") -> Open GSV | I47: 0 | L47: 0 | P47: =IF(OR(I47=1,I47="1",I47=0,I47="0"),I47,IF(OR(J47=1,J47="1",J47=0,J47="0"),J47,IF(OR(K47=1,K47="1",K47=0,K47="0"),K47,"NA"))) -> 0 | Q47: =IF(OR(L47=1,L47="1",L47=0,L47="0"),L47,IF(OR(M47=1,M47="1",M47=0,M47="0"),M47,IF(OR(N47=1,N47="1",N47=0,N47="0"),N47,"NA"))) -> 0 | R47: =AND(ROUND(P47,0)=0, ROUND(Q47,0)=0) -> TRUE
A48: 46 | B48: NONCI | C48: tract_0051 | D48: D3_C3 | E48: 2.1547281 | F48: 41.377366 | G48: https://www.google.com/maps/@?api=1&map_action=pano&viewpoint=41.3773656033948,2.15472807927131 | H48: =HYPERLINK("https://www.google.com/maps/@?api=1&map_action=pano&viewpoint=41.3773656033948,2.15472807927131","Open GSV") -> Open GSV | I48: 0 | L48: 0 | P48: =IF(OR(I48=1,I48="1",I48=0,I48="0"),I48,IF(OR(J48=1,J48="1",J48=0,J48="0"),J48,IF(OR(K48=1,K48="1",K48=0,K48="0"),K48,"NA"))) -> 0 | Q48: =IF(OR(L48=1,L48="1",L48=0,L48="0"),L48,IF(OR(M48=1,M48="1",M48=0,M48="0"),M48,IF(OR(N48=1,N48="1",N48=0,N48="0"),N48,"NA"))) -> 0 | R48: =AND(ROUND(P48,0)=0, ROUND(Q48,0)=0) -> TRUE
A49: 47 | B49: NONCI | C49: tract_0052 | D49: D3_C3 | E49: 2.1482642 | F49: 41.382859 | G49: https://www.google.com/maps/@?api=1&map_action=pano&viewpoint=41.3828585874194,2.1482642373602 | H49: =HYPERLINK("https://www.google.com/maps/@?api=1&map_action=pano&viewpoint=41.3828585874194,2.1482642373602","Open GSV") -> Open GSV | I49: 0 | L49: 0 | O49: Peg moved both | P49: =IF(OR(I49=1,I49="1",I49=0,I49="0"),I49,IF(OR(J49=1,J49="1",J49=0,J49="0"),J49,IF(OR(K49=1,K49="1",K49=0,K49="0"),K49,"NA"))) -> 0 | Q49: =IF(OR(L49=1,L49="1",L49=0,L49="0"),L49,IF(OR(M49=1,M49="1",M49=0,M49="0"),M49,IF(OR(N49=1,N49="1",N49=0,N49="0"),N49,"NA"))) -> 0 | R49: =AND(ROUND(P49,0)=0, ROUND(Q49,0)=0) -> TRUE
A50: 48 | B50: NONCI | C50: tract_0053 | D50: D3_C3 | E50: 2.188756 | F50: 41.377699 | G50: https://www.google.com/maps/@?api=1&map_action=pano&viewpoint=41.3776990081599,2.18875595645417 | H50: =HYPERLINK("https://www.google.com/maps/@?api=1&map_action=pano&viewpoint=41.3776990081599,2.18875595645417","Open GSV") -> Open GSV | I50: 0 | L50: 0 | P50: =IF(OR(I50=1,I50="1",I50=0,I50="0"),I50,IF(OR(J50=1,J50="1",J50=0,J50="0"),J50,IF(OR(K50=1,K50="1",K50=0,K50="0"),K50,"NA"))) -> 0 | Q50: =IF(OR(L50=1,L50="1",L50=0,L50="0"),L50,IF(OR(M50=1,M50="1",M50=0,M50="0"),M50,IF(OR(N50=1,N50="1",N50=0,N50="0"),N50,"NA"))) -> 0 | R50: =AND(ROUND(P50,0)=0, ROUND(Q50,0)=0) -> TRUE
A51: 49 | B51: NONCI | C51: tract_0054 | D51: D3_C3 | E51: 2.1592791 | F51: 41.379926 | G51: https://www.google.com/maps/@?api=1&map_action=pano&viewpoint=41.3799261629063,2.1592791307784 | H51: =HYPERLINK("https://www.google.com/maps/@?api=1&map_action=pano&viewpoint=41.3799261629063,2.1592791307784","Open GSV") -> Open GSV | I51: 0 | L51: 0 | P51: =IF(OR(I51=1,I51="1",I51=0,I51="0"),I51,IF(OR(J51=1,J51="1",J51=0,J51="0"),J51,IF(OR(K51=1,K51="1",K51=0,K51="0"),K51,"NA"))) -> 0 | Q51: =IF(OR(L51=1,L51="1",L51=0,L51="0"),L51,IF(OR(M51=1,M51="1",M51=0,M51="0"),M51,IF(OR(N51=1,N51="1",N51=0,N51="0"),N51,"NA"))) -> 0 | R51: =AND(ROUND(P51,0)=0, ROUND(Q51,0)=0) -> TRUE
R52: =COUNTIFS(R3:R51,1) -> 43 | S52: =COUNTIFS(R3:R51,1) / (COUNTIFS(R3:R51,1) + COUNTIFS(R3:R51,0)) -> 0.97727273

Sheet NONCI_vgp
I1: 2023 | L1: 2015
A2: id | B2: class | C2: tract_id | D2: stratum | E2: lon | F2: lat | G2: gsv_link | H2: GSV | I2: present_2023 | J2: present_2024 | K2: present_2022 | L2: present_2015 | M2: present_2014 | N2: present_2016 | O2: notes | P2: present_followup | Q2: present_baseline | R2: Match
A3: 1 | B3: NONCI | C3: tract_0001 | D3: D1_C1 | E3: 2.1044124 | F3: 41.389559 | G3: https://www.google.com/maps/@?api=1&map_action=pano&viewpoint=41.3895594523829,2.10441235059915 | H3: =HYPERLINK("https://www.google.com/maps/@?api=1&map_action=pano&viewpoint=41.3895594523829,2.10441235059915","Open GSV") -> Open GSV | I3: NA | J3: NA | K3: NA | L3: NA | M3: NA | N3: NA | O3: Peg moved all, no available panos for stated years. | P3: =IF(OR(I3=1,I3="1",I3=0,I3="0"),I3,IF(OR(J3=1,J3="1",J3=0,J3="0"),J3,IF(OR(K3=1,K3="1",K3=0,K3="0"),K3,"NA"))) -> NA | Q3: =IF(OR(L3=1,L3="1",L3=0,L3="0"),L3,IF(OR(M3=1,M3="1",M3=0,M3="0"),M3,IF(OR(N3=1,N3="1",N3=0,N3="0"),N3,"NA"))) -> NA | R3: =AND(ROUND(P3,0)=0, ROUND(Q3,0)=0) -> #VALUE!
A4: 2 | B4: NONCI | C4: tract_0002 | D4: D1_C1 | E4: 2.1691949 | F4: 41.421682 | G4: https://www.google.com/maps/@?api=1&map_action=pano&viewpoint=41.4216820407901,2.16919488937241 | H4: =HYPERLINK("https://www.google.com/maps/@?api=1&map_action=pano&viewpoint=41.4216820407901,2.16919488937241","Open GSV") -> Open GSV | I4: NA | J4: 0 | L4: 0 | P4: =IF(OR(I4=1,I4="1",I4=0,I4="0"),I4,IF(OR(J4=1,J4="1",J4=0,J4="0"),J4,IF(OR(K4=1,K4="1",K4=0,K4="0"),K4,"NA"))) -> 0 | Q4: =IF(OR(L4=1,L4="1",L4=0,L4="0"),L4,IF(OR(M4=1,M4="1",M4=0,M4="0"),M4,IF(OR(N4=1,N4="1",N4=0,N4="0"),N4,"NA"))) -> 0 | R4: =AND(ROUND(P4,0)=0, ROUND(Q4,0)=0) -> TRUE
A5: 3 | B5: NONCI | C5: tract_0003 | D5: D1_C1 | E5: 2.1791633 | F5: 41.45499 | G5: https://www.google.com/maps/@?api=1&map_action=pano&viewpoint=41.4549903058703,2.17916326903095 | H5: =HYPERLINK("https://www.google.com/maps/@?api=1&map_action=pano&viewpoint=41.4549903058703,2.17916326903095","Open GSV") -> Open GSV | I5: NA | J5: NA | K5: NA | L5: NA | M5: NA | N5: NA | O5: Peg moved all, no available panos for stated years. | P5: =IF(OR(I5=1,I5="1",I5=0,I5="0"),I5,IF(OR(J5=1,J5="1",J5=0,J5="0"),J5,IF(OR(K5=1,K5="1",K5=0,K5="0"),K5,"NA"))) -> NA | Q5: =IF(OR(L5=1,L5="1",L5=0,L5="0"),L5,IF(OR(M5=1,M5="1",M5=0,M5="0"),M5,IF(OR(N5=1,N5="1",N5=0,N5="0"),N5,"NA"))) -> NA | R5: =AND(ROUND(P5,0)=0, ROUND(Q5,0)=0) -> #VALUE!
A6: 4 | B6: NONCI | C6: tract_0004 | D6: D1_C1 | E6: 2.1390853 | F6: 41.415279 | G6: https://www.google.com/maps/@?api=1&map_action=pano&viewpoint=41.4152785875993,2.13908529805925 | H6: =HYPERLINK("https://www.google.com/maps/@?api=1&map_action=pano&viewpoint=41.4152785875993,2.13908529805925","Open GSV") -> Open GSV | I6: NA | J6: 0 | L6: 0 | O6: Peg moved both. | P6: =IF(OR(I6=1,I6="1",I6=0,I6="0"),I6,IF(OR(J6=1,J6="1",J6=0,J6="0"),J6,IF(OR(K6=1,K6="1",K6=0,K6="0"),K6,"NA"))) -> 0 | Q6: =IF(OR(L6=1,L6="1",L6=0,L6="0"),L6,IF(OR(M6=1,M6="1",M6=0,M6="0"),M6,IF(OR(N6=1,N6="1",N6=0,N6="0"),N6,"NA"))) -> 0 | R6: =AND(ROUND(P6,0)=0, ROUND(Q6,0)=0) -> TRUE
A7: 5 | B7: NONCI | C7: tract_0005 | D7: D1_C1 | E7: 2.2090686 | F7: 41.422976 | G7: https://www.google.com/maps/@?api=1&map_action=pano&viewpoint=41.4229756102428,2.20906860933044 | H7: =HYPERLINK("https://www.google.com/maps/@?api=1&map_action=pano&viewpoint=41.4229756102428,2.20906860933044","Open GSV") -> Open GSV | I7: NA | J7: 0 | L7: 0 | P7: =IF(OR(I7=1,I7="1",I7=0,I7="0"),I7,IF(OR(J7=1,J7="1",J7=0,J7="0"),J7,IF(OR(K7=1,K7="1",K7=0,K7="0"),K7,"NA"))) -> 0 | Q7: =IF(OR(L7=1,L7="1",L7=0,L7="0"),L7,IF(OR(M7=1,M7="1",M7=0,M7="0"),M7,IF(OR(N7=1,N7="1",N7=0,N7="0"),N7,"NA"))) -> 0 | R7: =AND(ROUND(P7,0)=0, ROUND(Q7,0)=0) -> TRUE
A8: 6 | B8: NONCI | C8: tract_0006 | D8: D1_C1 | E8: 2.2048468 | F8: 41.425891 | G8: https://www.google.com/maps/@?api=1&map_action=pano&viewpoint=41.4258905806347,2.20484681868868 | H8: =HYPERLINK("https://www.google.com/maps/@?api=1&map_action=pano&viewpoint=41.4258905806347,2.20484681868868","Open GSV") -> Open GSV | I8: NA | J8: 0 | L8: 0 | P8: =IF(OR(I8=1,I8="1",I8=0,I8="0"),I8,IF(OR(J8=1,J8="1",J8=0,J8="0"),J8,IF(OR(K8=1,K8="1",K8=0,K8="0"),K8,"NA"))) -> 0 | Q8: =IF(OR(L8=1,L8="1",L8=0,L8="0"),L8,IF(OR(M8=1,M8="1",M8=0,M8="0"),M8,IF(OR(N8=1,N8="1",N8=0,N8="0"),N8,"NA"))) -> 0 | R8: =AND(ROUND(P8,0)=0, ROUND(Q8,0)=0) -> TRUE
A9: 7 | B9: NONCI | C9: tract_0007 | D9: D1_C2 | E9: 2.1360527 | F9: 41.388646 | G9: https://www.google.com/maps/@?api=1&map_action=pano&viewpoint=41.3886459941181,2.13605268130468 | H9: =HYPERLINK("https://www.google.com/maps/@?api=1&map_action=pano&viewpoint=41.3886459941181,2.13605268130468","Open GSV") -> Open GSV | I9: 0 | L9: 0 | O9: Peg moved 2015 | P9: =IF(OR(I9=1,I9="1",I9=0,I9="0"),I9,IF(OR(J9=1,J9="1",J9=0,J9="0"),J9,IF(OR(K9=1,K9="1",K9=0,K9="0"),K9,"NA"))) -> 0 | Q9: =IF(OR(L9=1,L9="1",L9=0,L9="0"),L9,IF(OR(M9=1,M9="1",M9=0,M9="0"),M9,IF(OR(N9=1,N9="1",N9=0,N9="0"),N9,"NA"))) -> 0 | R9: =AND(ROUND(P9,0)=0, ROUND(Q9,0)=0) -> TRUE
A10: 8 | B10: NONCI | C10: tract_0008 | D10: D1_C2 | E10: 2.1997319 | F10: 41.419285 | G10: https://www.google.com/maps/@?api=1&map_action=pano&viewpoint=41.4192845883494,2.19973194310656 | H10: =HYPERLINK("https://www.google.com/maps/@?api=1&map_action=pano&viewpoint=41.4192845883494,2.19973194310656","Open GSV") -> Open GSV | I10: NA | J10: NA | K10: NA | L10: 0 | O10: Peg moved 2015 | P10: =IF(OR(I10=1,I10="1",I10=0,I10="0"),I10,IF(OR(J10=1,J10="1",J10=0,J10="0"),J10,IF(OR(K10=1,K10="1",K10=0,K10="0"),K10,"NA"))) -> NA | Q10: =IF(OR(L10=1,L10="1",L10=0,L10="0"),L10,IF(OR(M10=1,M10="1",M10=0,M10="0"),M10,IF(OR(N10=1,N10="1",N10=0,N10="0"),N10,"NA"))) -> 0 | R10: =AND(ROUND(P10,0)=0, ROUND(Q10,0)=0) -> #VALUE!
A11: 9 | B11: NONCI | C11: tract_0009 | D11: D1_C2 | E11: 2.2009966 | F11: 41.418315 | G11: https://www.google.com/maps/@?api=1&map_action=pano&viewpoint=41.418314723108,2.20099660334155 | H11: =HYPERLINK("https://www.google.com/maps/@?api=1&map_action=pano&viewpoint=41.418314723108,2.20099660334155","Open GSV") -> Open GSV | I11: NA | J11: NA | K11: NA | L11: 0 | P11: =IF(OR(I11=1,I11="1",I11=0,I11="0"),I11,IF(OR(J11=1,J11="1",J11=0,J11="0"),J11,IF(OR(K11=1,K11="1",K11=0,K11="0"),K11,"NA"))) -> NA | Q11: =IF(OR(L11=1,L11="1",L11=0,L11="0"),L11,IF(OR(M11=1,M11="1",M11=0,M11="0"),M11,IF(OR(N11=1,N11="1",N11=0,N11="0"),N11,"NA"))) -> 0 | R11: =AND(ROUND(P11,0)=0, ROUND(Q11,0)=0) -> #VALUE!
A12: 10 | B12: NONCI | C12: tract_0010 | D12: D1_C2 | E12: 2.1719534 | F12: 41.417285 | G12: https://www.google.com/maps/@?api=1&map_action=pano&viewpoint=41.4172851501864,2.1719534490003 | H12: =HYPERLINK("https://www.google.com/maps/@?api=1&map_action=pano&viewpoint=41.4172851501864,2.1719534490003","Open GSV") -> Open GSV | I12: NA | J12: NA | K12: 0 | L12: 0 | P12: =IF(OR(I12=1,I12="1",I12=0,I12="0"),I12,IF(OR(J12=1,J12="1",J12=0,J12="0"),J12,IF(OR(K12=1,K12="1",K12=0,K12="0"),K12,"NA"))) -> 0 | Q12: =IF(OR(L12=1,L12="1",L12=0,L12="0"),L12,IF(OR(M12=1,M12="1",M12=0,M12="0"),M12,IF(OR(N12=1,N12="1",N12=0,N12="0"),N12,"NA"))) -> 0 | R12: =AND(ROUND(P12,0)=0, ROUND(Q12,0)=0) -> TRUE
A13: 11 | B13: NONCI | C13: tract_0011 | D13: D1_C2 | E13: 2.2085959 | F13: 41.421233 | G13: https://www.google.com/maps/@?api=1&map_action=pano&viewpoint=41.4212327396107,2.2085959023376 | H13: =HYPERLINK("https://www.google.com/maps/@?api=1&map_action=pano&viewpoint=41.4212327396107,2.2085959023376","Open GSV") -> Open GSV | I13: NA | J13: 0 | L13: NA | M13: 0 | P13: =IF(OR(I13=1,I13="1",I13=0,I13="0"),I13,IF(OR(J13=1,J13="1",J13=0,J13="0"),J13,IF(OR(K13=1,K13="1",K13=0,K13="0"),K13,"NA"))) -> 0 | Q13: =IF(OR(L13=1,L13="1",L13=0,L13="0"),L13,IF(OR(M13=1,M13="1",M13=0,M13="0"),M13,IF(OR(N13=1,N13="1",N13=0,N13="0"),N13,"NA"))) -> 0 | R13: =AND(ROUND(P13,0)=0, ROUND(Q13,0)=0) -> TRUE
A14: 12 | B14: NONCI | C14: tract_0012 | D14: D1_C2 | E14: 2.1604937 | F14: 41.413682 | G14: https://www.google.com/maps/@?api=1&map_action=pano&viewpoint=41.4136824558834,2.16049369124227 | H14: =HYPERLINK("https://www.google.com/maps/@?api=1&map_action=pano&viewpoint=41.4136824558834,2.16049369124227","Open GSV") -> Open GSV | I14: 0 | L14: 0 | P14: =IF(OR(I14=1,I14="1",I14=0,I14="0"),I14,IF(OR(J14=1,J14="1",J14=0,J14="0"),J14,IF(OR(K14=1,K14="1",K14=0,K14="0"),K14,"NA"))) -> 0 | Q14: =IF(OR(L14=1,L14="1",L14=0,L14="0"),L14,IF(OR(M14=1,M14="1",M14=0,M14="0"),M14,IF(OR(N14=1,N14="1",N14=0,N14="0"),N14,"NA"))) -> 0 | R14: =AND(ROUND(P14,0)=0, ROUND(Q14,0)=0) -> TRUE
A15: 13 | B15: NONCI | C15: tract_0013 | D15: D1_C3 | E15: 2.1966276 | F15: 41.396874 | G15: https://www.google.com/maps/@?api=1&map_action=pano&viewpoint=41.3968741340237,2.19662757442697 | H15: =HYPERLINK("https://www.google.com/maps/@?api=1&map_action=pano&viewpoint=41.3968741340237,2.19662757442697","Open GSV") -> Open GSV | I15: 0 | L15: 0 | O15: Peg moved 2023 | P15: =IF(OR(I15=1,I15="1",I15=0,I15="0"),I15,IF(OR(J15=1,J15="1",J15=0,J15="0"),J15,IF(OR(K15=1,K15="1",K15=0,K15="0"),K15,"NA"))) -> 0 | Q15: =IF(OR(L15=1,L15="1",L15=0,L15="0"),L15,IF(OR(M15=1,M15="1",M15=0,M15="0"),M15,IF(OR(N15=1,N15="1",N15=0,N15="0"),N15,"NA"))) -> 0 | R15: =AND(ROUND(P15,0)=0, ROUND(Q15,0)=0) -> TRUE
A16: 14 | B16: NONCI | C16: tract_0014 | D16: D1_C3 | E16: 2.1767596 | F16: 41.38152 | G16: https://www.google.com/maps/@?api=1&map_action=pano&viewpoint=41.3815198505021,2.17675959869425 | H16: =HYPERLINK("https://www.google.com/maps/@?api=1&map_action=pano&viewpoint=41.3815198505021,2.17675959869425","Open GSV") -> Open GSV | I16: 0 | L16: 0 | O16: Peg moved both. | P16: =IF(OR(I16=1,I16="1",I16=0,I16="0"),I16,IF(OR(J16=1,J16="1",J16=0,J16="0"),J16,IF(OR(K16=1,K16="1",K16=0,K16="0"),K16,"NA"))) -> 0 | Q16: =IF(OR(L16=1,L16="1",L16=0,L16="0"),L16,IF(OR(M16=1,M16="1",M16=0,M16="0"),M16,IF(OR(N16=1,N16="1",N16=0,N16="0"),N16,"NA"))) -> 0 | R16: =AND(ROUND(P16,0)=0, ROUND(Q16,0)=0) -> TRUE
A17: 15 | B17: NONCI | C17: tract_0015 | D17: D1_C3 | E17: 2.1989342 | F17: 41.398565 | G17: https://www.google.com/maps/@?api=1&map_action=pano&viewpoint=41.3985654193142,2.19893423224654 | H17: =HYPERLINK("https://www.google.com/maps/@?api=1&map_action=pano&viewpoint=41.3985654193142,2.19893423224654","Open GSV") -> Open GSV | I17: 0 | L17: 0 | P17: =IF(OR(I17=1,I17="1",I17=0,I17="0"),I17,IF(OR(J17=1,J17="1",J17=0,J17="0"),J17,IF(OR(K17=1,K17="1",K17=0,K17="0"),K17,"NA"))) -> 0 | Q17: =IF(OR(L17=1,L17="1",L17=0,L17="0"),L17,IF(OR(M17=1,M17="1",M17=0,M17="0"),M17,IF(OR(N17=1,N17="1",N17=0,N17="0"),N17,"NA"))) -> 0 | R17: =AND(ROUND(P17,0)=0, ROUND(Q17,0)=0) -> TRUE
A18: 16 | B18: NONCI | C18: tract_0016 | D18: D1_C3 | E18: 2.2046822 | F18: 41.407607 | G18: https://www.google.com/maps/@?api=1&map_action=pano&viewpoint=41.4076066879062,2.20468220744704 | H18: =HYPERLINK("https://www.google.com/maps/@?api=1&map_action=pano&viewpoint=41.4076066879062,2.20468220744704","Open GSV") -> Open GSV | I18: 1 | L18: 1 | O18: Walkside contains paint for bikeline (both years) | P18: =IF(OR(I18=1,I18="1",I18=0,I18="0"),I18,IF(OR(J18=1,J18="1",J18=0,J18="0"),J18,IF(OR(K18=1,K18="1",K18=0,K18="0"),K18,"NA"))) -> 1 | Q18: =IF(OR(L18=1,L18="1",L18=0,L18="0"),L18,IF(OR(M18=1,M18="1",M18=0,M18="0"),M18,IF(OR(N18=1,N18="1",N18=0,N18="0"),N18,"NA"))) -> 1 | R18: =AND(ROUND(P18,0)=0, ROUND(Q18,0)=0) -> FALSE
A19: 17 | B19: NONCI | C19: tract_0017 | D19: D1_C3 | E19: 2.1462176 | F19: 41.375893 | G19: https://www.google.com/maps/@?api=1&map_action=pano&viewpoint=41.3758934897395,2.14621758311762 | H19: =HYPERLINK("https://www.google.com/maps/@?api=1&map_action=pano&viewpoint=41.3758934897395,2.14621758311762","Open GSV") -> Open GSV | I19: 0 | L19: 0 | P19: =IF(OR(I19=1,I19="1",I19=0,I19="0"),I19,IF(OR(J19=1,J19="1",J19=0,J19="0"),J19,IF(OR(K19=1,K19="1",K19=0,K19="0"),K19,"NA"))) -> 0 | Q19: =IF(OR(L19=1,L19="1",L19=0,L19="0"),L19,IF(OR(M19=1,M19="1",M19=0,M19="0"),M19,IF(OR(N19=1,N19="1",N19=0,N19="0"),N19,"NA"))) -> 0 | R19: =AND(ROUND(P19,0)=0, ROUND(Q19,0)=0) -> TRUE
A20: 18 | B20: NONCI | C20: tract_0019 | D20: D2_C1 | E20: 2.1217889 | F20: 41.396231 | G20: https://www.google.com/maps/@?api=1&map_action=pano&viewpoint=41.396230594351,2.1217889459586 | H20: =HYPERLINK("https://www.google.com/maps/@?api=1&map_action=pano&viewpoint=41.396230594351,2.1217889459586","Open GSV") -> Open GSV | I20: NA | J20: NA | K20: 0 | L20: 0 | P20: =IF(OR(I20=1,I20="1",I20=0,I20="0"),I20,IF(OR(J20=1,J20="1",J20=0,J20="0"),J20,IF(OR(K20=1,K20="1",K20=0,K20="0"),K20,"NA"))) -> 0 | Q20: =IF(OR(L20=1,L20="1",L20=0,L20="0"),L20,IF(OR(M20=1,M20="1",M20=0,M20="0"),M20,IF(OR(N20=1,N20="1",N20=0,N20="0"),N20,"NA"))) -> 0 | R20: =AND(ROUND(P20,0)=0, ROUND(Q20,0)=0) -> TRUE
A21: 19 | B21: NONCI | C21: tract_0020 | D21: D2_C1 | E21: 2.1790889 | F21: 41.431346 | G21: https://www.google.com/maps/@?api=1&map_action=pano&viewpoint=41.4313457041624,2.17908894150395 | H21: =HYPERLINK("https://www.google.com/maps/@?api=1&map_action=pano&viewpoint=41.4313457041624,2.17908894150395","Open GSV") -> Open GSV | I21: 0 | L21: 0 | P21: =IF(OR(I21=1,I21="1",I21=0,I21="0"),I21,IF(OR(J21=1,J21="1",J21=0,J21="0"),J21,IF(OR(K21=1,K21="1",K21=0,K21="0"),K21,"NA"))) -> 0 | Q21: =IF(OR(L21=1,L21="1",L21=0,L21="0"),L21,IF(OR(M21=1,M21="1",M21=0,M21="0"),M21,IF(OR(N21=1,N21="1",N21=0,N21="0"),N21,"NA"))) -> 0 | R21: =AND(ROUND(P21,0)=0, ROUND(Q21,0)=0) -> TRUE
A22: 20 | B22: NONCI | C22: tract_0021 | D22: D2_C1 | E22: 2.125769 | F22: 41.392901 | G22: https://www.google.com/maps/@?api=1&map_action=pano&viewpoint=41.3929009079565,2.1257689815069 | H22: =HYPERLINK("https://www.google.com/maps/@?api=1&map_action=pano&viewpoint=41.3929009079565,2.1257689815069","Open GSV") -> Open GSV | I22: NA | J22: NA | K22: 0 | L22: 0 | P22: =IF(OR(I22=1,I22="1",I22=0,I22="0"),I22,IF(OR(J22=1,J22="1",J22=0,J22="0"),J22,IF(OR(K22=1,K22="1",K22=0,K22="0"),K22,"NA"))) -> 0 | Q22: =IF(OR(L22=1,L22="1",L22=0,L22="0"),L22,IF(OR(M22=1,M22="1",M22=0,M22="0"),M22,IF(OR(N22=1,N22="1",N22=0,N22="0"),N22,"NA"))) -> 0 | R22: =AND(ROUND(P22,0)=0, ROUND(Q22,0)=0) -> TRUE
A23: 21 | B23: NONCI | C23: tract_0022 | D23: D2_C1 | E23: 2.1842214 | F23: 41.434865 | G23: https://www.google.com/maps/@?api=1&map_action=pano&viewpoint=41.4348652360132,2.18422140795697 | H23: =HYPERLINK("https://www.google.com/maps/@?api=1&map_action=pano&viewpoint=41.4348652360132,2.18422140795697","Open GSV") -> Open GSV | I23: 0 | L23: 0 | P23: =IF(OR(I23=1,I23="1",I23=0,I23="0"),I23,IF(OR(J23=1,J23="1",J23=0,J23="0"),J23,IF(OR(K23=1,K23="1",K23=0,K23="0"),K23,"NA"))) -> 0 | Q23: =IF(OR(L23=1,L23="1",L23=0,L23="0"),L23,IF(OR(M23=1,M23="1",M23=0,M23="0"),M23,IF(OR(N23=1,N23="1",N23=0,N23="0"),N23,"NA"))) -> 0 | R23: =AND(ROUND(P23,0)=0, ROUND(Q23,0)=0) -> TRUE
A24: 22 | B24: NONCI | C24: tract_0023 | D24: D2_C1 | E24: 2.1755407 | F24: 41.42807 | G24: https://www.google.com/maps/@?api=1&map_action=pano&viewpoint=41.4280696452023,2.17554070368043 | H24: =HYPERLINK("https://www.google.com/maps/@?api=1&map_action=pano&viewpoint=41.4280696452023,2.17554070368043","Open GSV") -> Open GSV | I24: 1 | L24: 1 | O24: Bikelane on walkside both years. | P24: =IF(OR(I24=1,I24="1",I24=0,I24="0"),I24,IF(OR(J24=1,J24="1",J24=0,J24="0"),J24,IF(OR(K24=1,K24="1",K24=0,K24="0"),K24,"NA"))) -> 1 | Q24: =IF(OR(L24=1,L24="1",L24=0,L24="0"),L24,IF(OR(M24=1,M24="1",M24=0,M24="0"),M24,IF(OR(N24=1,N24="1",N24=0,N24="0"),N24,"NA"))) -> 1 | R24: =AND(ROUND(P24,0)=0, ROUND(Q24,0)=0) -> FALSE
A25: 23 | B25: NONCI | C25: tract_0024 | D25: D2_C1 | E25: 2.1891687 | F25: 41.440761 | G25: https://www.google.com/maps/@?api=1&map_action=pano&viewpoint=41.4407613525245,2.18916874931851 | H25: =HYPERLINK("https://www.google.com/maps/@?api=1&map_action=pano&viewpoint=41.4407613525245,2.18916874931851","Open GSV") -> Open GSV | I25: NA | J25: 0 | L25: 0 | O25: Pedestrianization process. | P25: =IF(OR(I25=1,I25="1",I25=0,I25="0"),I25,IF(OR(J25=1,J25="1",J25=0,J25="0"),J25,IF(OR(K25=1,K25="1",K25=0,K25="0"),K25,"NA"))) -> 0 | Q25: =IF(OR(L25=1,L25="1",L25=0,L25="0"),L25,IF(OR(M25=1,M25="1",M25=0,M25="0"),M25,IF(OR(N25=1,N25="1",N25=0,N25="0"),N25,"NA"))) -> 0 | R25: =AND(ROUND(P25,0)=0, ROUND(Q25,0)=0) -> TRUE
A26: 24 | B26: NONCI | C26: tract_0025 | D26: D2_C2 | E26: 2.1523561 | F26: 41.401185 | G26: https://www.google.com/maps/@?api=1&map_action=pano&viewpoint=41.4011854588709,2.15235610314992 | H26: =HYPERLINK("https://www.google.com/maps/@?api=1&map_action=pano&viewpoint=41.4011854588709,2.15235610314992","Open GSV") -> Open GSV | I26: 0 | L26: NA | M26: 0 | P26: =IF(OR(I26=1,I26="1",I26=0,I26="0"),I26,IF(OR(J26=1,J26="1",J26=0,J26="0"),J26,IF(OR(K26=1,K26="1",K26=0,K26="0"),K26,"NA"))) -> 0 | Q26: =IF(OR(L26=1,L26="1",L26=0,L26="0"),L26,IF(OR(M26=1,M26="1",M26=0,M26="0"),M26,IF(OR(N26=1,N26="1",N26=0,N26="0"),N26,"NA"))) -> 0 | R26: =AND(ROUND(P26,0)=0, ROUND(Q26,0)=0) -> TRUE
A27: 25 | B27: NONCI | C27: tract_0026 | D27: D2_C2 | E27: 2.1360911 | F27: 41.401005 | G27: https://www.google.com/maps/@?api=1&map_action=pano&viewpoint=41.4010048500573,2.13609114981908 | H27: =HYPERLINK("https://www.google.com/maps/@?api=1&map_action=pano&viewpoint=41.4010048500573,2.13609114981908","Open GSV") -> Open GSV | I27: NA | J27: 0 | L27: 0 | P27: =IF(OR(I27=1,I27="1",I27=0,I27="0"),I27,IF(OR(J27=1,J27="1",J27=0,J27="0"),J27,IF(OR(K27=1,K27="1",K27=0,K27="0"),K27,"NA"))) -> 0 | Q27: =IF(OR(L27=1,L27="1",L27=0,L27="0"),L27,IF(OR(M27=1,M27="1",M27=0,M27="0"),M27,IF(OR(N27=1,N27="1",N27=0,N27="0"),N27,"NA"))) -> 0 | R27: =AND(ROUND(P27,0)=0, ROUND(Q27,0)=0) -> TRUE
A28: 26 | B28: NONCI | C28: tract_0027 | D28: D2_C2 | E28: 2.1719647 | F28: 41.422625 | G28: https://www.google.com/maps/@?api=1&map_action=pano&viewpoint=41.4226246930358,2.17196473004792 | H28: =HYPERLINK("https://www.google.com/maps/@?api=1&map_action=pano&viewpoint=41.4226246930358,2.17196473004792","Open GSV") -> Open GSV | I28: 0 | L28: 0 | P28: =IF(OR(I28=1,I28="1",I28=0,I28="0"),I28,IF(OR(J28=1,J28="1",J28=0,J28="0"),J28,IF(OR(K28=1,K28="1",K28=0,K28="0"),K28,"NA"))) -> 0 | Q28: =IF(OR(L28=1,L28="1",L28=0,L28="0"),L28,IF(OR(M28=1,M28="1",M28=0,M28="0"),M28,IF(OR(N28=1,N28="1",N28=0,N28="0"),N28,"NA"))) -> 0 | R28: =AND(ROUND(P28,0)=0, ROUND(Q28,0)=0) -> TRUE
A29: 27 | B29: NONCI | C29: tract_0028 | D29: D2_C2 | E29: 2.1846774 | F29: 41.4133 | G29: https://www.google.com/maps/@?api=1&map_action=pano&viewpoint=41.4132997449837,2.18467735930514 | H29: =HYPERLINK("https://www.google.com/maps/@?api=1&map_action=pano&viewpoint=41.4132997449837,2.18467735930514","Open GSV") -> Open GSV | I29: 0 | L29: 0 | O29: Peg moved 2023 | P29: =IF(OR(I29=1,I29="1",I29=0,I29="0"),I29,IF(OR(J29=1,J29="1",J29=0,J29="0"),J29,IF(OR(K29=1,K29="1",K29=0,K29="0"),K29,"NA"))) -> 0 | Q29: =IF(OR(L29=1,L29="1",L29=0,L29="0"),L29,IF(OR(M29=1,M29="1",M29=0,M29="0"),M29,IF(OR(N29=1,N29="1",N29=0,N29="0"),N29,"NA"))) -> 0 | R29: =AND(ROUND(P29,0)=0, ROUND(Q29,0)=0) -> TRUE
A30: 28 | B30: NONCI | C30: tract_0029 | D30: D2_C2 | E30: 2.1562834 | F30: 41.405719 | G30: https://www.google.com/maps/@?api=1&map_action=pano&viewpoint=41.4057193003193,2.1562834011384 | H30: =HYPERLINK("https://www.google.com/maps/@?api=1&map_action=pano&viewpoint=41.4057193003193,2.1562834011384","Open GSV") -> Open GSV | I30: 0 | L30: 0 | O30: Peg moved both. | P30: =IF(OR(I30=1,I30="1",I30=0,I30="0"),I30,IF(OR(J30=1,J30="1",J30=0,J30="0"),J30,IF(OR(K30=1,K30="1",K30=0,K30="0"),K30,"NA"))) -> 0 | Q30: =IF(OR(L30=1,L30="1",L30=0,L30="0"),L30,IF(OR(M30=1,M30="1",M30=0,M30="0"),M30,IF(OR(N30=1,N30="1",N30=0,N30="0"),N30,"NA"))) -> 0 | R30: =AND(ROUND(P30,0)=0, ROUND(Q30,0)=0) -> TRUE
A31: 29 | B31: NONCI | C31: tract_0030 | D31: D2_C2 | E31: 2.1358132 | F31: 41.387213 | G31: https://www.google.com/maps/@?api=1&map_action=pano&viewpoint=41.3872125901025,2.13581324384167 | H31: =HYPERLINK("https://www.google.com/maps/@?api=1&map_action=pano&viewpoint=41.3872125901025,2.13581324384167","Open GSV") -> Open GSV | I31: 0 | L31: 0 | P31: =IF(OR(I31=1,I31="1",I31=0,I31="0"),I31,IF(OR(J31=1,J31="1",J31=0,J31="0"),J31,IF(OR(K31=1,K31="1",K31=0,K31="0"),K31,"NA"))) -> 0 | Q31: =IF(OR(L31=1,L31="1",L31=0,L31="0"),L31,IF(OR(M31=1,M31="1",M31=0,M31="0"),M31,IF(OR(N31=1,N31="1",N31=0,N31="0"),N31,"NA"))) -> 0 | R31: =AND(ROUND(P31,0)=0, ROUND(Q31,0)=0) -> TRUE
A32: 30 | B32: NONCI | C32: tract_0031 | D32: D2_C3 | E32: 2.185098 | F32: 41.391081 | G32: https://www.google.com/maps/@?api=1&map_action=pano&viewpoint=41.391080594057,2.18509796710136 | H32: =HYPERLINK("https://www.google.com/maps/@?api=1&map_action=pano&viewpoint=41.391080594057,2.18509796710136","Open GSV") -> Open GSV | I32: 0 | L32: 0 | P32: =IF(OR(I32=1,I32="1",I32=0,I32="0"),I32,IF(OR(J32=1,J32="1",J32=0,J32="0"),J32,IF(OR(K32=1,K32="1",K32=0,K32="0"),K32,"NA"))) -> 0 | Q32: =IF(OR(L32=1,L32="1",L32=0,L32="0"),L32,IF(OR(M32=1,M32="1",M32=0,M32="0"),M32,IF(OR(N32=1,N32="1",N32=0,N32="0"),N32,"NA"))) -> 0 | R32: =AND(ROUND(P32,0)=0, ROUND(Q32,0)=0) -> TRUE
A33: 31 | B33: NONCI | C33: tract_0032 | D33: D2_C3 | E33: 2.2023759 | F33: 41.401156 | G33: https://www.google.com/maps/@?api=1&map_action=pano&viewpoint=41.4011555199841,2.20237586249134 | H33: =HYPERLINK("https://www.google.com/maps/@?api=1&map_action=pano&viewpoint=41.4011555199841,2.20237586249134","Open GSV") -> Open GSV | I33: 0 | L33: 0 | P33: =IF(OR(I33=1,I33="1",I33=0,I33="0"),I33,IF(OR(J33=1,J33="1",J33=0,J33="0"),J33,IF(OR(K33=1,K33="1",K33=0,K33="0"),K33,"NA"))) -> 0 | Q33: =IF(OR(L33=1,L33="1",L33=0,L33="0"),L33,IF(OR(M33=1,M33="1",M33=0,M33="0"),M33,IF(OR(N33=1,N33="1",N33=0,N33="0"),N33,"NA"))) -> 0 | R33: =AND(ROUND(P33,0)=0, ROUND(Q33,0)=0) -> TRUE
A34: 32 | B34: NONCI | C34: tract_0033 | D34: D2_C3 | E34: 2.1913954 | F34: 41.380073 | G34: https://www.google.com/maps/@?api=1&map_action=pano&viewpoint=41.3800730268472,2.19139544456942 | H34: =HYPERLINK("https://www.google.com/maps/@?api=1&map_action=pano&viewpoint=41.3800730268472,2.19139544456942","Open GSV") -> Open GSV | I34: NA | J34: 0 | L34: 0 | P34: =IF(OR(I34=1,I34="1",I34=0,I34="0"),I34,IF(OR(J34=1,J34="1",J34=0,J34="0"),J34,IF(OR(K34=1,K34="1",K34=0,K34="0"),K34,"NA"))) -> 0 | Q34: =IF(OR(L34=1,L34="1",L34=0,L34="0"),L34,IF(OR(M34=1,M34="1",M34=0,M34="0"),M34,IF(OR(N34=1,N34="1",N34=0,N34="0"),N34,"NA"))) -> 0 | R34: =AND(ROUND(P34,0)=0, ROUND(Q34,0)=0) -> TRUE
A35: 33 | B35: NONCI | C35: tract_0034 | D35: D2_C3 | E35: 2.1831529 | F35: 41.384307 | G35: https://www.google.com/maps/@?api=1&map_action=pano&viewpoint=41.3843067005011,2.1831528971609 | H35: =HYPERLINK("https://www.google.com/maps/@?api=1&map_action=pano&viewpoint=41.3843067005011,2.1831528971609","Open GSV") -> Open GSV | I35: 0 | L35: NA | M35: 0 | P35: =IF(OR(I35=1,I35="1",I35=0,I35="0"),I35,IF(OR(J35=1,J35="1",J35=0,J35="0"),J35,IF(OR(K35=1,K35="1",K35=0,K35="0"),K35,"NA"))) -> 0 | Q35: =IF(OR(L35=1,L35="1",L35=0,L35="0"),L35,IF(OR(M35=1,M35="1",M35=0,M35="0"),M35,IF(OR(N35=1,N35="1",N35=0,N35="0"),N35,"NA"))) -> 0 | R35: =AND(ROUND(P35,0)=0, ROUND(Q35,0)=0) -> TRUE
A36: 34 | B36: NONCI | C36: tract_0036 | D36: D2_C3 | E36: 2.1567894 | F36: 41.398362 | G36: https://www.google.com/maps/@?api=1&map_action=pano&viewpoint=41.3983624631247,2.15678942388002 | H36: =HYPERLINK("https://www.google.com/maps/@?api=1&map_action=pano&viewpoint=41.3983624631247,2.15678942388002","Open GSV") -> Open GSV | I36: NA | J36: NA | K36: NA | L36: NA | M36: NA | N36: NA | O36: Medical clinic pano? | P36: =IF(OR(I36=1,I36="1",I36=0,I36="0"),I36,IF(OR(J36=1,J36="1",J36=0,J36="0"),J36,IF(OR(K36=1,K36="1",K36=0,K36="0"),K36,"NA"))) -> NA | Q36: =IF(OR(L36=1,L36="1",L36=0,L36="0"),L36,IF(OR(M36=1,M36="1",M36=0,M36="0"),M36,IF(OR(N36=1,N36="1",N36=0,N36="0"),N36,"NA"))) -> NA | R36: =AND(ROUND(P36,0)=0, ROUND(Q36,0)=0) -> #VALUE!
A37: 35 | B37: NONCI | C37: tract_0037 | D37: D3_C1 | E37: 2.1411464 | F37: 41.411347 | G37: https://www.google.com/maps/@?api=1&map_action=pano&viewpoint=41.4113466536383,2.14114636598878 | H37: =HYPERLINK("https://www.google.com/maps/@?api=1&map_action=pano&viewpoint=41.4113466536383,2.14114636598878","Open GSV") -> Open GSV | I37: NA | J37: 0 | L37: 0 | O37: Peg moved 2024 | P37: =IF(OR(I37=1,I37="1",I37=0,I37="0"),I37,IF(OR(J37=1,J37="1",J37=0,J37="0"),J37,IF(OR(K37=1,K37="1",K37=0,K37="0"),K37,"NA"))) -> 0 | Q37: =IF(OR(L37=1,L37="1",L37=0,L37="0"),L37,IF(OR(M37=1,M37="1",M37=0,M37="0"),M37,IF(OR(N37=1,N37="1",N37=0,N37="0"),N37,"NA"))) -> 0 | R37: =AND(ROUND(P37,0)=0, ROUND(Q37,0)=0) -> TRUE
A38: 36 | B38: NONCI | C38: tract_0038 | D38: D3_C1 | E38: 2.1724051 | F38: 41.426136 | G38: https://www.google.com/maps/@?api=1&map_action=pano&viewpoint=41.426135711319,2.17240513302861 | H38: =HYPERLINK("https://www.google.com/maps/@?api=1&map_action=pano&viewpoint=41.426135711319,2.17240513302861","Open GSV") -> Open GSV | I38: 0 | L38: 0 | P38: =IF(OR(I38=1,I38="1",I38=0,I38="0"),I38,IF(OR(J38=1,J38="1",J38=0,J38="0"),J38,IF(OR(K38=1,K38="1",K38=0,K38="0"),K38,"NA"))) -> 0 | Q38: =IF(OR(L38=1,L38="1",L38=0,L38="0"),L38,IF(OR(M38=1,M38="1",M38=0,M38="0"),M38,IF(OR(N38=1,N38="1",N38=0,N38="0"),N38,"NA"))) -> 0 | R38: =AND(ROUND(P38,0)=0, ROUND(Q38,0)=0) -> TRUE
A39: 37 | B39: NONCI | C39: tract_0039 | D39: D3_C1 | E39: 2.1755843 | F39: 41.437591 | G39: https://www.google.com/maps/@?api=1&map_action=pano&viewpoint=41.4375909606213,2.17558434676366 | H39: =HYPERLINK("https://www.google.com/maps/@?api=1&map_action=pano&viewpoint=41.4375909606213,2.17558434676366","Open GSV") -> Open GSV | I39: 0 | L39: 0 | P39: =IF(OR(I39=1,I39="1",I39=0,I39="0"),I39,IF(OR(J39=1,J39="1",J39=0,J39="0"),J39,IF(OR(K39=1,K39="1",K39=0,K39="0"),K39,"NA"))) -> 0 | Q39: =IF(OR(L39=1,L39="1",L39=0,L39="0"),L39,IF(OR(M39=1,M39="1",M39=0,M39="0"),M39,IF(OR(N39=1,N39="1",N39=0,N39="0"),N39,"NA"))) -> 0 | R39: =AND(ROUND(P39,0)=0, ROUND(Q39,0)=0) -> TRUE
A40: 38 | B40: NONCI | C40: tract_0040 | D40: D3_C1 | E40: 2.1721461 | F40: 41.428353 | G40: https://www.google.com/maps/@?api=1&map_action=pano&viewpoint=41.4283525000278,2.172146050328 | H40: =HYPERLINK("https://www.google.com/maps/@?api=1&map_action=pano&viewpoint=41.4283525000278,2.172146050328","Open GSV") -> Open GSV | I40: 0 | L40: 0 | P40: =IF(OR(I40=1,I40="1",I40=0,I40="0"),I40,IF(OR(J40=1,J40="1",J40=0,J40="0"),J40,IF(OR(K40=1,K40="1",K40=0,K40="0"),K40,"NA"))) -> 0 | Q40: =IF(OR(L40=1,L40="1",L40=0,L40="0"),L40,IF(OR(M40=1,M40="1",M40=0,M40="0"),M40,IF(OR(N40=1,N40="1",N40=0,N40="0"),N40,"NA"))) -> 0 | R40: =AND(ROUND(P40,0)=0, ROUND(Q40,0)=0) -> TRUE
A41: 39 | B41: NONCI | C41: tract_0041 | D41: D3_C1 | E41: 2.1249778 | F41: 41.376284 | G41: https://www.google.com/maps/@?api=1&map_action=pano&viewpoint=41.3762841412853,2.12497775693313 | H41: =HYPERLINK("https://www.google.com/maps/@?api=1&map_action=pano&viewpoint=41.3762841412853,2.12497775693313","Open GSV") -> Open GSV | I41: 0 | L41: 0 | P41: =IF(OR(I41=1,I41="1",I41=0,I41="0"),I41,IF(OR(J41=1,J41="1",J41=0,J41="0"),J41,IF(OR(K41=1,K41="1",K41=0,K41="0"),K41,"NA"))) -> 0 | Q41: =IF(OR(L41=1,L41="1",L41=0,L41="0"),L41,IF(OR(M41=1,M41="1",M41=0,M41="0"),M41,IF(OR(N41=1,N41="1",N41=0,N41="0"),N41,"NA"))) -> 0 | R41: =AND(ROUND(P41,0)=0, ROUND(Q41,0)=0) -> TRUE
A42: 40 | B42: NONCI | C42: tract_0043 | D42: D3_C2 | E42: 2.1317524 | F42: 41.37472 | G42: https://www.google.com/maps/@?api=1&map_action=pano&viewpoint=41.3747198157894,2.13175238117479 | H42: =HYPERLINK("https://www.google.com/maps/@?api=1&map_action=pano&viewpoint=41.3747198157894,2.13175238117479","Open GSV") -> Open GSV | I42: 0 | L42: 0 | O42: Peg moved 2023. Pedestrianization process | P42: =IF(OR(I42=1,I42="1",I42=0,I42="0"),I42,IF(OR(J42=1,J42="1",J42=0,J42="0"),J42,IF(OR(K42=1,K42="1",K42=0,K42="0"),K42,"NA"))) -> 0 | Q42: =IF(OR(L42=1,L42="1",L42=0,L42="0"),L42,IF(OR(M42=1,M42="1",M42=0,M42="0"),M42,IF(OR(N42=1,N42="1",N42=0,N42="0"),N42,"NA"))) -> 0 | R42: =AND(ROUND(P42,0)=0, ROUND(Q42,0)=0) -> TRUE
A43: 41 | B43: NONCI | C43: tract_0044 | D43: D3_C2 | E43: 2.1799839 | F43: 41.413011 | G43: https://www.google.com/maps/@?api=1&map_action=pano&viewpoint=41.4130107880215,2.17998387981679 | H43: =HYPERLINK("https://www.google.com/maps/@?api=1&map_action=pano&viewpoint=41.4130107880215,2.17998387981679","Open GSV") -> Open GSV | I43: NA | J43: NA | K43: 0 | L43: 0 | O43: Pedestrianization process. | P43: =IF(OR(I43=1,I43="1",I43=0,I43="0"),I43,IF(OR(J43=1,J43="1",J43=0,J43="0"),J43,IF(OR(K43=1,K43="1",K43=0,K43="0"),K43,"NA"))) -> 0 | Q43: =IF(OR(L43=1,L43="1",L43=0,L43="0"),L43,IF(OR(M43=1,M43="1",M43=0,M43="0"),M43,IF(OR(N43=1,N43="1",N43=0,N43="0"),N43,"NA"))) -> 0 | R43: =AND(ROUND(P43,0)=0, ROUND(Q43,0)=0) -> TRUE
A44: 42 | B44: NONCI | C44: tract_0045 | D44: D3_C2 | E44: 2.1374667 | F44: 41.383723 | G44: https://www.google.com/maps/@?api=1&map_action=pano&viewpoint=41.3837233079119,2.13746672328433 | H44: =HYPERLINK("https://www.google.com/maps/@?api=1&map_action=pano&viewpoint=41.3837233079119,2.13746672328433","Open GSV") -> Open GSV | I44: NA | J44: NA | K44: 0 | L44: 0 | P44: =IF(OR(I44=1,I44="1",I44=0,I44="0"),I44,IF(OR(J44=1,J44="1",J44=0,J44="0"),J44,IF(OR(K44=1,K44="1",K44=0,K44="0"),K44,"NA"))) -> 0 | Q44: =IF(OR(L44=1,L44="1",L44=0,L44="0"),L44,IF(OR(M44=1,M44="1",M44=0,M44="0"),M44,IF(OR(N44=1,N44="1",N44=0,N44="0"),N44,"NA"))) -> 0 | R44: =AND(ROUND(P44,0)=0, ROUND(Q44,0)=0) -> TRUE
A45: 43 | B45: NONCI | C45: tract_0046 | D45: D3_C2 | E45: 2.1887763 | F45: 41.418015 | G45: https://www.google.com/maps/@?api=1&map_action=pano&viewpoint=41.4180150021324,2.18877627141089 | H45: =HYPERLINK("https://www.google.com/maps/@?api=1&map_action=pano&viewpoint=41.4180150021324,2.18877627141089","Open GSV") -> Open GSV | I45: 0 | L45: 0 | P45: =IF(OR(I45=1,I45="1",I45=0,I45="0"),I45,IF(OR(J45=1,J45="1",J45=0,J45="0"),J45,IF(OR(K45=1,K45="1",K45=0,K45="0"),K45,"NA"))) -> 0 | Q45: =IF(OR(L45=1,L45="1",L45=0,L45="0"),L45,IF(OR(M45=1,M45="1",M45=0,M45="0"),M45,IF(OR(N45=1,N45="1",N45=0,N45="0"),N45,"NA"))) -> 0 | R45: =AND(ROUND(P45,0)=0, ROUND(Q45,0)=0) -> TRUE
A46: 44 | B46: NONCI | C46: tract_0048 | D46: D3_C2 | E46: 2.182472 | F46: 41.414377 | G46: https://www.google.com/maps/@?api=1&map_action=pano&viewpoint=41.4143767531686,2.18247199757422 | H46: =HYPERLINK("https://www.google.com/maps/@?api=1&map_action=pano&viewpoint=41.4143767531686,2.18247199757422","Open GSV") -> Open GSV | I46: 0 | L46: 0 | O46: Paint on road indicating bike presence, both years.. | P46: =IF(OR(I46=1,I46="1",I46=0,I46="0"),I46,IF(OR(J46=1,J46="1",J46=0,J46="0"),J46,IF(OR(K46=1,K46="1",K46=0,K46="0"),K46,"NA"))) -> 0 | Q46: =IF(OR(L46=1,L46="1",L46=0,L46="0"),L46,IF(OR(M46=1,M46="1",M46=0,M46="0"),M46,IF(OR(N46=1,N46="1",N46=0,N46="0"),N46,"NA"))) -> 0 | R46: =AND(ROUND(P46,0)=0, ROUND(Q46,0)=0) -> TRUE
A47: 45 | B47: NONCI | C47: tract_0049 | D47: D3_C3 | E47: 2.1494074 | F47: 41.382995 | G47: https://www.google.com/maps/@?api=1&map_action=pano&viewpoint=41.3829948804712,2.14940742253693 | H47: =HYPERLINK("https://www.google.com/maps/@?api=1&map_action=pano&viewpoint=41.3829948804712,2.14940742253693","Open GSV") -> Open GSV | I47: 0 | L47: 0 | P47: =IF(OR(I47=1,I47="1",I47=0,I47="0"),I47,IF(OR(J47=1,J47="1",J47=0,J47="0"),J47,IF(OR(K47=1,K47="1",K47=0,K47="0"),K47,"NA"))) -> 0 | Q47: =IF(OR(L47=1,L47="1",L47=0,L47="0"),L47,IF(OR(M47=1,M47="1",M47=0,M47="0"),M47,IF(OR(N47=1,N47="1",N47=0,N47="0"),N47,"NA"))) -> 0 | R47: =AND(ROUND(P47,0)=0, ROUND(Q47,0)=0) -> TRUE
A48: 46 | B48: NONCI | C48: tract_0051 | D48: D3_C3 | E48: 2.1547281 | F48: 41.377366 | G48: https://www.google.com/maps/@?api=1&map_action=pano&viewpoint=41.3773656033948,2.15472807927131 | H48: =HYPERLINK("https://www.google.com/maps/@?api=1&map_action=pano&viewpoint=41.3773656033948,2.15472807927131","Open GSV") -> Open GSV | I48: 0 | L48: 0 | P48: =IF(OR(I48=1,I48="1",I48=0,I48="0"),I48,IF(OR(J48=1,J48="1",J48=0,J48="0"),J48,IF(OR(K48=1,K48="1",K48=0,K48="0"),K48,"NA"))) -> 0 | Q48: =IF(OR(L48=1,L48="1",L48=0,L48="0"),L48,IF(OR(M48=1,M48="1",M48=0,M48="0"),M48,IF(OR(N48=1,N48="1",N48=0,N48="0"),N48,"NA"))) -> 0 | R48: =AND(ROUND(P48,0)=0, ROUND(Q48,0)=0) -> TRUE
A49: 47 | B49: NONCI | C49: tract_0052 | D49: D3_C3 | E49: 2.1482642 | F49: 41.382859 | G49: https://www.google.com/maps/@?api=1&map_action=pano&viewpoint=41.3828585874194,2.1482642373602 | H49: =HYPERLINK("https://www.google.com/maps/@?api=1&map_action=pano&viewpoint=41.3828585874194,2.1482642373602","Open GSV") -> Open GSV | I49: 0 | L49: 0 | P49: =IF(OR(I49=1,I49="1",I49=0,I49="0"),I49,IF(OR(J49=1,J49="1",J49=0,J49="0"),J49,IF(OR(K49=1,K49="1",K49=0,K49="0"),K49,"NA"))) -> 0 | Q49: =IF(OR(L49=1,L49="1",L49=0,L49="0"),L49,IF(OR(M49=1,M49="1",M49=0,M49="0"),M49,IF(OR(N49=1,N49="1",N49=0,N49="0"),N49,"NA"))) -> 0 | R49: =AND(ROUND(P49,0)=0, ROUND(Q49,0)=0) -> TRUE
A50: 48 | B50: NONCI | C50: tract_0053 | D50: D3_C3 | E50: 2.188756 | F50: 41.377699 | G50: https://www.google.com/maps/@?api=1&map_action=pano&viewpoint=41.3776990081599,2.18875595645417 | H50: =HYPERLINK("https://www.google.com/maps/@?api=1&map_action=pano&viewpoint=41.3776990081599,2.18875595645417","Open GSV") -> Open GSV | I50: 0 | L50: 0 | P50: =IF(OR(I50=1,I50="1",I50=0,I50="0"),I50,IF(OR(J50=1,J50="1",J50=0,J50="0"),J50,IF(OR(K50=1,K50="1",K50=0,K50="0"),K50,"NA"))) -> 0 | Q50: =IF(OR(L50=1,L50="1",L50=0,L50="0"),L50,IF(OR(M50=1,M50="1",M50=0,M50="0"),M50,IF(OR(N50=1,N50="1",N50=0,N50="0"),N50,"NA"))) -> 0 | R50: =AND(ROUND(P50,0)=0, ROUND(Q50,0)=0) -> TRUE
A51: 49 | B51: NONCI | C51: tract_0054 | D51: D3_C3 | E51: 2.1592791 | F51: 41.379926 | G51: https://www.google.com/maps/@?api=1&map_action=pano&viewpoint=41.3799261629063,2.1592791307784 | H51: =HYPERLINK("https://www.google.com/maps/@?api=1&map_action=pano&viewpoint=41.3799261629063,2.1592791307784","Open GSV") -> Open GSV | I51: 0 | L51: 0 | O51: Pedestrianization process. | P51: =IF(OR(I51=1,I51="1",I51=0,I51="0"),I51,IF(OR(J51=1,J51="1",J51=0,J51="0"),J51,IF(OR(K51=1,K51="1",K51=0,K51="0"),K51,"NA"))) -> 0 | Q51: =IF(OR(L51=1,L51="1",L51=0,L51="0"),L51,IF(OR(M51=1,M51="1",M51=0,M51="0"),M51,IF(OR(N51=1,N51="1",N51=0,N51="0"),N51,"NA"))) -> 0 | R51: =AND(ROUND(P51,0)=0, ROUND(Q51,0)=0) -> TRUE
R52: =COUNTIFS(R3:R51,1) -> 42 | S52: =COUNTIFS(R3:R51,1) / (COUNTIFS(R3:R51,1) + COUNTIFS(R3:R51,0)) -> 0.95454545

Sheet ADD
A2: id | B2: class | C2: tract_id | D2: stratum | E2: lon | F2: lat | G2: gsv_link | H2: GSV | I2: evt_present_followup | J2: evt_present_baseline | K2: evt_match | L2: vgp_present_followup | M2: vgp_present_baseline | N2: vgp_match | O2: agreement | P2: same_result | Q2: consensus | R2: joined_result
A3: =ADD_evt!A3 -> 1 | B3: ADD | C3: tract_0001 | D3: D1_C1 | E3: 2.1121109 | F3: 41.390968 | G3: https://www.google.com/maps/@?api=1&map_action=pano&viewpoint=41.3909679997347,2.11211089874738 | H3: =HYPERLINK("https://www.google.com/maps/@?api=1&map_action=pano&viewpoint=41.3909679997347,2.11211089874738","Open GSV") -> Open GSV | I3: =ADD_evt!P3 -> 1 | J3: =ADD_evt!Q3 -> 0 | K3: =ADD_evt!R3 -> TRUE | L3: =ADD_vgp!P3 -> 1 | M3: =ADD_vgp!Q3 -> 0 | N3: =ADD_vgp!R3 -> TRUE | O3: =IF(K3=N3,1,0) -> 1 | P3: =IF(O3=1,N(N3),"") -> 1 | R3: =IF( OR(ISERROR(P3), ISERROR(Q3), P3="NA", Q3="NA"), "NA", N(P3) + N(Q3) ) -> 1
A4: =ADD_evt!A4 -> 2 | B4: ADD | C4: tract_0003 | D4: D1_C1 | E4: 2.1803101 | F4: 41.458146 | G4: https://www.google.com/maps/@?api=1&map_action=pano&viewpoint=41.4581456267453,2.18031012416 | H4: =HYPERLINK("https://www.google.com/maps/@?api=1&map_action=pano&viewpoint=41.4581456267453,2.18031012416","Open GSV") -> Open GSV | I4: =ADD_evt!P4 -> 1 | J4: =ADD_evt!Q4 -> 1 | K4: =ADD_evt!R4 -> 0 | L4: =ADD_vgp!P4 -> 1 | M4: =ADD_vgp!Q4 -> 1 | N4: =ADD_vgp!R4 -> 0 | O4: =IF(K4=N4,1,0) -> 1 | P4: =IF(O4=1,N(N4),"") -> 0 | R4: =IF( OR(ISERROR(P4), ISERROR(Q4), P4="NA", Q4="NA"), "NA", N(P4) + N(Q4) ) -> 0
A5: =ADD_evt!A5 -> 3 | B5: ADD | C5: tract_0004 | D5: D1_C1 | E5: 2.1408527 | F5: 41.413422 | G5: https://www.google.com/maps/@?api=1&map_action=pano&viewpoint=41.4134215995416,2.14085269668676 | H5: =HYPERLINK("https://www.google.com/maps/@?api=1&map_action=pano&viewpoint=41.4134215995416,2.14085269668676","Open GSV") -> Open GSV | I5: =ADD_evt!P5 -> 1 | J5: =ADD_evt!Q5 -> 0 | K5: =ADD_evt!R5 -> 1 | L5: =ADD_vgp!P5 -> 1 | M5: =ADD_vgp!Q5 -> 0 | N5: =ADD_vgp!R5 -> 1 | O5: =IF(K5=N5,1,0) -> 1 | P5: =IF(O5=1,N(N5),"") -> 1 | R5: =IF( OR(ISERROR(P5), ISERROR(Q5), P5="NA", Q5="NA"), "NA", N(P5) + N(Q5) ) -> 1
A6: =ADD_evt!A6 -> 4 | B6: ADD | C6: tract_0006 | D6: D1_C1 | E6: 2.2011317 | F6: 41.426283 | G6: https://www.google.com/maps/@?api=1&map_action=pano&viewpoint=41.4262832087554,2.20113165987653 | H6: =HYPERLINK("https://www.google.com/maps/@?api=1&map_action=pano&viewpoint=41.4262832087554,2.20113165987653","Open GSV") -> Open GSV | I6: =ADD_evt!P6 -> 1 | J6: =ADD_evt!Q6 -> 0 | K6: =ADD_evt!R6 -> 1 | L6: =ADD_vgp!P6 -> 1 | M6: =ADD_vgp!Q6 -> 0 | N6: =ADD_vgp!R6 -> 1 | O6: =IF(K6=N6,1,0) -> 1 | P6: =IF(O6=1,N(N6),"") -> 1 | R6: =IF( OR(ISERROR(P6), ISERROR(Q6), P6="NA", Q6="NA"), "NA", N(P6) + N(Q6) ) -> 1
A7: =ADD_evt!A7 -> 5 | B7: ADD | C7: tract_0006 | D7: D1_C1 | E7: 2.2001191 | F7: 41.426033 | G7: https://www.google.com/maps/@?api=1&map_action=pano&viewpoint=41.4260327049088,2.2001190522901 | H7: =HYPERLINK("https://www.google.com/maps/@?api=1&map_action=pano&viewpoint=41.4260327049088,2.2001190522901","Open GSV") -> Open GSV | I7: =ADD_evt!P7 -> 1 | J7: =ADD_evt!Q7 -> 0 | K7: =ADD_evt!R7 -> 1 | L7: =ADD_vgp!P7 -> 1 | M7: =ADD_vgp!Q7 -> 0 | N7: =ADD_vgp!R7 -> 1 | O7: =IF(K7=N7,1,0) -> 1 | P7: =IF(O7=1,N(N7),"") -> 1 | R7: =IF( OR(ISERROR(P7), ISERROR(Q7), P7="NA", Q7="NA"), "NA", N(P7) + N(Q7) ) -> 1
A8: =ADD_evt!A8 -> 6 | B8: ADD | C8: tract_0007 | D8: D1_C2 | E8: 2.1347574 | F8: 41.389964 | G8: https://www.google.com/maps/@?api=1&map_action=pano&viewpoint=41.3899636143591,2.134757401236 | H8: =HYPERLINK("https://www.google.com/maps/@?api=1&map_action=pano&viewpoint=41.3899636143591,2.134757401236","Open GSV") -> Open GSV | I8: =ADD_evt!P8 -> 0 | J8: =ADD_evt!Q8 -> 0 | K8: =ADD_evt!R8 -> 0 | L8: =ADD_vgp!P8 -> 0 | M8: =ADD_vgp!Q8 -> 0 | N8: =ADD_vgp!R8 -> 0 | O8: =IF(K8=N8,1,0) -> 1 | P8: =IF(O8=1,N(N8),"") -> 0 | R8: =IF( OR(ISERROR(P8), ISERROR(Q8), P8="NA", Q8="NA"), "NA", N(P8) + N(Q8) ) -> 0
A9: =ADD_evt!A9 -> 7 | B9: ADD | C9: tract_0007 | D9: D1_C2 | E9: 2.1340276 | F9: 41.388185 | G9: https://www.google.com/maps/@?api=1&map_action=pano&viewpoint=41.3881854073843,2.13402755812854 | H9: =HYPERLINK("https://www.google.com/maps/@?api=1&map_action=pano&viewpoint=41.3881854073843,2.13402755812854","Open GSV") -> Open GSV | I9: =ADD_evt!P9 -> 1 | J9: =ADD_evt!Q9 -> 0 | K9: =ADD_evt!R9 -> 1 | L9: =ADD_vgp!P9 -> 1 | M9: =ADD_vgp!Q9 -> 0 | N9: =ADD_vgp!R9 -> 1 | O9: =IF(K9=N9,1,0) -> 1 | P9: =IF(O9=1,N(N9),"") -> 1 | R9: =IF( OR(ISERROR(P9), ISERROR(Q9), P9="NA", Q9="NA"), "NA", N(P9) + N(Q9) ) -> 1
A10: =ADD_evt!A10 -> 8 | B10: ADD | C10: tract_0009 | D10: D1_C2 | E10: 2.1988167 | F10: 41.416812 | G10: https://www.google.com/maps/@?api=1&map_action=pano&viewpoint=41.4168121764961,2.19881673887713 | H10: =HYPERLINK("https://www.google.com/maps/@?api=1&map_action=pano&viewpoint=41.4168121764961,2.19881673887713","Open GSV") -> Open GSV | I10: =ADD_evt!P10 -> 1 | J10: =ADD_evt!Q10 -> 0 | K10: =ADD_evt!R10 -> 1 | L10: =ADD_vgp!P10 -> 1 | M10: =ADD_vgp!Q10 -> 0 | N10: =ADD_vgp!R10 -> 1 | O10: =IF(K10=N10,1,0) -> 1 | P10: =IF(O10=1,N(N10),"") -> 1 | R10: =IF( OR(ISERROR(P10), ISERROR(Q10), P10="NA", Q10="NA"), "NA", N(P10) + N(Q10) ) -> 1
A11: =ADD_evt!A11 -> 9 | B11: ADD | C11: tract_0010 | D11: D1_C2 | E11: 2.1746102 | F11: 41.416865 | G11: https://www.google.com/maps/@?api=1&map_action=pano&viewpoint=41.4168653577514,2.17461017557639 | H11: =HYPERLINK("https://www.google.com/maps/@?api=1&map_action=pano&viewpoint=41.4168653577514,2.17461017557639","Open GSV") -> Open GSV | I11: =ADD_evt!P11 -> 1 | J11: =ADD_evt!Q11 -> 0 | K11: =ADD_evt!R11 -> 1 | L11: =ADD_vgp!P11 -> 1 | M11: =ADD_vgp!Q11 -> 0 | N11: =ADD_vgp!R11 -> 1 | O11: =IF(K11=N11,1,0) -> 1 | P11: =IF(O11=1,N(N11),"") -> 1 | R11: =IF( OR(ISERROR(P11), ISERROR(Q11), P11="NA", Q11="NA"), "NA", N(P11) + N(Q11) ) -> 1
A12: =ADD_evt!A12 -> 10 | B12: ADD | C12: tract_0010 | D12: D1_C2 | E12: 2.172051 | F12: 41.414976 | G12: https://www.google.com/maps/@?api=1&map_action=pano&viewpoint=41.414975730964,2.17205102853822 | H12: =HYPERLINK("https://www.google.com/maps/@?api=1&map_action=pano&viewpoint=41.414975730964,2.17205102853822","Open GSV") -> Open GSV | I12: =ADD_evt!P12 -> NA | J12: =ADD_evt!Q12 -> NA | K12: =ADD_evt!R12 -> #VALUE! | L12: =ADD_vgp!P12 -> 1 | M12: =ADD_vgp!Q12 -> 1 | N12: =ADD_vgp!R12 -> 0 | O12: =IF(K12=N12,1,0) -> #VALUE! | P12: =IF(O12=1,N(N12),"") -> #VALUE! | R12: =IF( OR(ISERROR(P12), ISERROR(Q12), P12="NA", Q12="NA"), "NA", N(P12) + N(Q12) ) -> #VALUE! | S12: Realignment not detected
A13: =ADD_evt!A13 -> 11 | B13: ADD | C13: tract_0011 | D13: D1_C2 | E13: 2.2075546 | F13: 41.420448 | G13: https://www.google.com/maps/@?api=1&map_action=pano&viewpoint=41.4204481302083,2.2075546110796 | H13: =HYPERLINK("https://www.google.com/maps/@?api=1&map_action=pano&viewpoint=41.4204481302083,2.2075546110796","Open GSV") -> Open GSV | I13: =ADD_evt!P13 -> 1 | J13: =ADD_evt!Q13 -> 1 | K13: =ADD_evt!R13 -> 0 | L13: =ADD_vgp!P13 -> 1 | M13: =ADD_vgp!Q13 -> 1 | N13: =ADD_vgp!R13 -> 0 | O13: =IF(K13=N13,1,0) -> 1 | P13: =IF(O13=1,N(N13),"") -> 0 | R13: =IF( OR(ISERROR(P13), ISERROR(Q13), P13="NA", Q13="NA"), "NA", N(P13) + N(Q13) ) -> 0
A14: =ADD_evt!A14 -> 12 | B14: ADD | C14: tract_0011 | D14: D1_C2 | E14: 2.2079426 | F14: 41.420245 | G14: https://www.google.com/maps/@?api=1&map_action=pano&viewpoint=41.4202454258576,2.20794256929774 | H14: =HYPERLINK("https://www.google.com/maps/@?api=1&map_action=pano&viewpoint=41.4202454258576,2.20794256929774","Open GSV") -> Open GSV | I14: =ADD_evt!P14 -> 1 | J14: =ADD_evt!Q14 -> 1 | K14: =ADD_evt!R14 -> 0 | L14: =ADD_vgp!P14 -> 1 | M14: =ADD_vgp!Q14 -> 1 | N14: =ADD_vgp!R14 -> 0 | O14: =IF(K14=N14,1,0) -> 1 | P14: =IF(O14=1,N(N14),"") -> 0 | R14: =IF( OR(ISERROR(P14), ISERROR(Q14), P14="NA", Q14="NA"), "NA", N(P14) + N(Q14) ) -> 0
A15: =ADD_evt!A15 -> 13 | B15: ADD | C15: tract_0012 | D15: D1_C2 | E15: 2.1609809 | F15: 41.412109 | G15: https://www.google.com/maps/@?api=1&map_action=pano&viewpoint=41.4121092794043,2.16098092184219 | H15: =HYPERLINK("https://www.google.com/maps/@?api=1&map_action=pano&viewpoint=41.4121092794043,2.16098092184219","Open GSV") -> Open GSV | I15: =ADD_evt!P15 -> 1 | J15: =ADD_evt!Q15 -> 0 | K15: =ADD_evt!R15 -> 1 | L15: =ADD_vgp!P15 -> 1 | M15: =ADD_vgp!Q15 -> 0 | N15: =ADD_vgp!R15 -> 1 | O15: =IF(K15=N15,1,0) -> 1 | P15: =IF(O15=1,N(N15),"") -> 1 | R15: =IF( OR(ISERROR(P15), ISERROR(Q15), P15="NA", Q15="NA"), "NA", N(P15) + N(Q15) ) -> 1
A16: =ADD_evt!A16 -> 14 | B16: ADD | C16: tract_0012 | D16: D1_C2 | E16: 2.1617583 | F16: 41.412547 | G16: https://www.google.com/maps/@?api=1&map_action=pano&viewpoint=41.4125465819168,2.16175831110785 | H16: =HYPERLINK("https://www.google.com/maps/@?api=1&map_action=pano&viewpoint=41.4125465819168,2.16175831110785","Open GSV") -> Open GSV | I16: =ADD_evt!P16 -> 1 | J16: =ADD_evt!Q16 -> 0 | K16: =ADD_evt!R16 -> 1 | L16: =ADD_vgp!P16 -> 1 | M16: =ADD_vgp!Q16 -> 0 | N16: =ADD_vgp!R16 -> 1 | O16: =IF(K16=N16,1,0) -> 1 | P16: =IF(O16=1,N(N16),"") -> 1 | R16: =IF( OR(ISERROR(P16), ISERROR(Q16), P16="NA", Q16="NA"), "NA", N(P16) + N(Q16) ) -> 1
A17: =ADD_evt!A17 -> 15 | B17: ADD | C17: tract_0013 | D17: D1_C3 | E17: 2.2007726 | F17: 41.394521 | G17: https://www.google.com/maps/@?api=1&map_action=pano&viewpoint=41.3945206907087,2.20077256303846 | H17: =HYPERLINK("https://www.google.com/maps/@?api=1&map_action=pano&viewpoint=41.3945206907087,2.20077256303846","Open GSV") -> Open GSV | I17: =ADD_evt!P17 -> 1 | J17: =ADD_evt!Q17 -> 0 | K17: =ADD_evt!R17 -> 1 | L17: =ADD_vgp!P17 -> 1 | M17: =ADD_vgp!Q17 -> 0 | N17: =ADD_vgp!R17 -> 1 | O17: =IF(K17=N17,1,0) -> 1 | P17: =IF(O17=1,N(N17),"") -> 1 | R17: =IF( OR(ISERROR(P17), ISERROR(Q17), P17="NA", Q17="NA"), "NA", N(P17) + N(Q17) ) -> 1
A18: =ADD_evt!A18 -> 16 | B18: ADD | C18: tract_0013 | D18: D1_C3 | E18: 2.2010092 | F18: 41.394719 | G18: https://www.google.com/maps/@?api=1&map_action=pano&viewpoint=41.394718915396,2.20100922656311 | H18: =HYPERLINK("https://www.google.com/maps/@?api=1&map_action=pano&viewpoint=41.394718915396,2.20100922656311","Open GSV") -> Open GSV | I18: =ADD_evt!P18 -> 1 | J18: =ADD_evt!Q18 -> 0 | K18: =ADD_evt!R18 -> 1 | L18: =ADD_vgp!P18 -> 1 | M18: =ADD_vgp!Q18 -> 0 | N18: =ADD_vgp!R18 -> 1 | O18: =IF(K18=N18,1,0) -> 1 | P18: =IF(O18=1,N(N18),"") -> 1 | R18: =IF( OR(ISERROR(P18), ISERROR(Q18), P18="NA", Q18="NA"), "NA", N(P18) + N(Q18) ) -> 1
A19: =ADD_evt!A19 -> 17 | B19: ADD | C19: tract_0017 | D19: D1_C3 | E19: 2.1451506 | F19: 41.376224 | G19: https://www.google.com/maps/@?api=1&map_action=pano&viewpoint=41.3762241357195,2.14515055931621 | H19: =HYPERLINK("https://www.google.com/maps/@?api=1&map_action=pano&viewpoint=41.3762241357195,2.14515055931621","Open GSV") -> Open GSV | I19: =ADD_evt!P19 -> 1 | J19: =ADD_evt!Q19 -> 0 | K19: =ADD_evt!R19 -> 1 | L19: =ADD_vgp!P19 -> 1 | M19: =ADD_vgp!Q19 -> 0 | N19: =ADD_vgp!R19 -> 1 | O19: =IF(K19=N19,1,0) -> 1 | P19: =IF(O19=1,N(N19),"") -> 1 | R19: =IF( OR(ISERROR(P19), ISERROR(Q19), P19="NA", Q19="NA"), "NA", N(P19) + N(Q19) ) -> 1
A20: =ADD_evt!A20 -> 18 | B20: ADD | C20: tract_0017 | D20: D1_C3 | E20: 2.1455917 | F20: 41.376413 | G20: https://www.google.com/maps/@?api=1&map_action=pano&viewpoint=41.3764134914288,2.14559167922172 | H20: =HYPERLINK("https://www.google.com/maps/@?api=1&map_action=pano&viewpoint=41.3764134914288,2.14559167922172","Open GSV") -> Open GSV | I20: =ADD_evt!P20 -> 1 | J20: =ADD_evt!Q20 -> 0 | K20: =ADD_evt!R20 -> 1 | L20: =ADD_vgp!P20 -> 1 | M20: =ADD_vgp!Q20 -> 0 | N20: =ADD_vgp!R20 -> 1 | O20: =IF(K20=N20,1,0) -> 1 | P20: =IF(O20=1,N(N20),"") -> 1 | R20: =IF( OR(ISERROR(P20), ISERROR(Q20), P20="NA", Q20="NA"), "NA", N(P20) + N(Q20) ) -> 1
A21: =ADD_evt!A21 -> 19 | B21: ADD | C21: tract_0018 | D21: D1_C3 | E21: 2.1828475 | F21: 41.405575 | G21: https://www.google.com/maps/@?api=1&map_action=pano&viewpoint=41.4055753756871,2.18284748138898 | H21: =HYPERLINK("https://www.google.com/maps/@?api=1&map_action=pano&viewpoint=41.4055753756871,2.18284748138898","Open GSV") -> Open GSV | I21: =ADD_evt!P21 -> 1 | J21: =ADD_evt!Q21 -> 0 | K21: =ADD_evt!R21 -> 1 | L21: =ADD_vgp!P21 -> 1 | M21: =ADD_vgp!Q21 -> 0 | N21: =ADD_vgp!R21 -> 1 | O21: =IF(K21=N21,1,0) -> 1 | P21: =IF(O21=1,N(N21),"") -> 1 | R21: =IF( OR(ISERROR(P21), ISERROR(Q21), P21="NA", Q21="NA"), "NA", N(P21) + N(Q21) ) -> 1
A22: =ADD_evt!A22 -> 20 | B22: ADD | C22: tract_0018 | D22: D1_C3 | E22: 2.1828597 | F22: 41.403095 | G22: https://www.google.com/maps/@?api=1&map_action=pano&viewpoint=41.403094880684,2.18285971742863 | H22: =HYPERLINK("https://www.google.com/maps/@?api=1&map_action=pano&viewpoint=41.403094880684,2.18285971742863","Open GSV") -> Open GSV | I22: =ADD_evt!P22 -> 1 | J22: =ADD_evt!Q22 -> 0 | K22: =ADD_evt!R22 -> 1 | L22: =ADD_vgp!P22 -> 1 | M22: =ADD_vgp!Q22 -> 0 | N22: =ADD_vgp!R22 -> 1 | O22: =IF(K22=N22,1,0) -> 1 | P22: =IF(O22=1,N(N22),"") -> 1 | R22: =IF( OR(ISERROR(P22), ISERROR(Q22), P22="NA", Q22="NA"), "NA", N(P22) + N(Q22) ) -> 1
A23: =ADD_evt!A23 -> 21 | B23: ADD | C23: tract_0023 | D23: D2_C1 | E23: 2.1758556 | F23: 41.428756 | G23: https://www.google.com/maps/@?api=1&map_action=pano&viewpoint=41.4287555466715,2.17585558557915 | H23: =HYPERLINK("https://www.google.com/maps/@?api=1&map_action=pano&viewpoint=41.4287555466715,2.17585558557915","Open GSV") -> Open GSV | I23: =ADD_evt!P23 -> 1 | J23: =ADD_evt!Q23 -> 1 | K23: =ADD_evt!R23 -> 0 | L23: =ADD_vgp!P23 -> 1 | M23: =ADD_vgp!Q23 -> 1 | N23: =ADD_vgp!R23 -> 0 | O23: =IF(K23=N23,1,0) -> 1 | P23: =IF(O23=1,N(N23),"") -> 0 | R23: =IF( OR(ISERROR(P23), ISERROR(Q23), P23="NA", Q23="NA"), "NA", N(P23) + N(Q23) ) -> 0
A24: =ADD_evt!A24 -> 22 | B24: ADD | C24: tract_0024 | D24: D2_C1 | E24: 2.1908314 | F24: 41.440995 | G24: https://www.google.com/maps/@?api=1&map_action=pano&viewpoint=41.4409954760919,2.19083141351904 | H24: =HYPERLINK("https://www.google.com/maps/@?api=1&map_action=pano&viewpoint=41.4409954760919,2.19083141351904","Open GSV") -> Open GSV | I24: =ADD_evt!P24 -> 1 | J24: =ADD_evt!Q24 -> 1 | K24: =ADD_evt!R24 -> 0 | L24: =ADD_vgp!P24 -> 1 | M24: =ADD_vgp!Q24 -> 1 | N24: =ADD_vgp!R24 -> 0 | O24: =IF(K24=N24,1,0) -> 1 | P24: =IF(O24=1,N(N24),"") -> 0 | R24: =IF( OR(ISERROR(P24), ISERROR(Q24), P24="NA", Q24="NA"), "NA", N(P24) + N(Q24) ) -> 0
A25: =ADD_evt!A25 -> 23 | B25: ADD | C25: tract_0025 | D25: D2_C2 | E25: 2.1515561 | F25: 41.400312 | G25: https://www.google.com/maps/@?api=1&map_action=pano&viewpoint=41.4003124653889,2.15155610489397 | H25: =HYPERLINK("https://www.google.com/maps/@?api=1&map_action=pano&viewpoint=41.4003124653889,2.15155610489397","Open GSV") -> Open GSV | I25: =ADD_evt!P25 -> 1 | J25: =ADD_evt!Q25 -> 0 | K25: =ADD_evt!R25 -> 1 | L25: =ADD_vgp!P25 -> 1 | M25: =ADD_vgp!Q25 -> 0 | N25: =ADD_vgp!R25 -> 1 | O25: =IF(K25=N25,1,0) -> 1 | P25: =IF(O25=1,N(N25),"") -> 1 | R25: =IF( OR(ISERROR(P25), ISERROR(Q25), P25="NA", Q25="NA"), "NA", N(P25) + N(Q25) ) -> 1
A26: =ADD_evt!A26 -> 24 | B26: ADD | C26: tract_0025 | D26: D2_C2 | E26: 2.1515394 | F26: 41.400205 | G26: https://www.google.com/maps/@?api=1&map_action=pano&viewpoint=41.400204647767,2.15153939610418 | H26: =HYPERLINK("https://www.google.com/maps/@?api=1&map_action=pano&viewpoint=41.400204647767,2.15153939610418","Open GSV") -> Open GSV | I26: =ADD_evt!P26 -> 1 | J26: =ADD_evt!Q26 -> 0 | K26: =ADD_evt!R26 -> 1 | L26: =ADD_vgp!P26 -> 1 | M26: =ADD_vgp!Q26 -> 0 | N26: =ADD_vgp!R26 -> 1 | O26: =IF(K26=N26,1,0) -> 1 | P26: =IF(O26=1,N(N26),"") -> 1 | R26: =IF( OR(ISERROR(P26), ISERROR(Q26), P26="NA", Q26="NA"), "NA", N(P26) + N(Q26) ) -> 1
A27: =ADD_evt!A27 -> 25 | B27: ADD | C27: tract_0028 | D27: D2_C2 | E27: 2.1868835 | F27: 41.413052 | G27: https://www.google.com/maps/@?api=1&map_action=pano&viewpoint=41.4130517909949,2.18688350279505 | H27: =HYPERLINK("https://www.google.com/maps/@?api=1&map_action=pano&viewpoint=41.4130517909949,2.18688350279505","Open GSV") -> Open GSV | I27: =ADD_evt!P27 -> NA | J27: =ADD_evt!Q27 -> NA | K27: =ADD_evt!R27 -> #VALUE! | L27: =ADD_vgp!P27 -> 1 | M27: =ADD_vgp!Q27 -> 0 | N27: =ADD_vgp!R27 -> 1 | O27: =IF(K27=N27,1,0) -> #VALUE! | P27: =IF(O27=1,N(N27),"") -> #VALUE! | R27: =IF( OR(ISERROR(P27), ISERROR(Q27), P27="NA", Q27="NA"), "NA", N(P27) + N(Q27) ) -> #VALUE! | S27: Realignment not detected
A28: =ADD_evt!A28 -> 26 | B28: ADD | C28: tract_0028 | D28: D2_C2 | E28: 2.1863076 | F28: 41.414041 | G28: https://www.google.com/maps/@?api=1&map_action=pano&viewpoint=41.4140408624214,2.18630763816643 | H28: =HYPERLINK("https://www.google.com/maps/@?api=1&map_action=pano&viewpoint=41.4140408624214,2.18630763816643","Open GSV") -> Open GSV | I28: =ADD_evt!P28 -> 1 | J28: =ADD_evt!Q28 -> 0 | K28: =ADD_evt!R28 -> 1 | L28: =ADD_vgp!P28 -> 1 | M28: =ADD_vgp!Q28 -> 0 | N28: =ADD_vgp!R28 -> 1 | O28: =IF(K28=N28,1,0) -> 1 | P28: =IF(O28=1,N(N28),"") -> 1 | R28: =IF( OR(ISERROR(P28), ISERROR(Q28), P28="NA", Q28="NA"), "NA", N(P28) + N(Q28) ) -> 1
A29: =ADD_evt!A29 -> 27 | B29: ADD | C29: tract_0030 | D29: D2_C2 | E29: 2.136257 | F29: 41.385981 | G29: https://www.google.com/maps/@?api=1&map_action=pano&viewpoint=41.3859805190524,2.13625700853397 | H29: =HYPERLINK("https://www.google.com/maps/@?api=1&map_action=pano&viewpoint=41.3859805190524,2.13625700853397","Open GSV") -> Open GSV | I29: =ADD_evt!P29 -> 1 | J29: =ADD_evt!Q29 -> 0 | K29: =ADD_evt!R29 -> 1 | L29: =ADD_vgp!P29 -> 1 | M29: =ADD_vgp!Q29 -> 0 | N29: =ADD_vgp!R29 -> 1 | O29: =IF(K29=N29,1,0) -> 1 | P29: =IF(O29=1,N(N29),"") -> 1 | R29: =IF( OR(ISERROR(P29), ISERROR(Q29), P29="NA", Q29="NA"), "NA", N(P29) + N(Q29) ) -> 1
A30: =ADD_evt!A30 -> 28 | B30: ADD | C30: tract_0030 | D30: D2_C2 | E30: 2.1385586 | F30: 41.385297 | G30: https://www.google.com/maps/@?api=1&map_action=pano&viewpoint=41.3852971271454,2.13855858286425 | H30: =HYPERLINK("https://www.google.com/maps/@?api=1&map_action=pano&viewpoint=41.3852971271454,2.13855858286425","Open GSV") -> Open GSV | I30: =ADD_evt!P30 -> 1 | J30: =ADD_evt!Q30 -> 0 | K30: =ADD_evt!R30 -> 1 | L30: =ADD_vgp!P30 -> 1 | M30: =ADD_vgp!Q30 -> 0 | N30: =ADD_vgp!R30 -> 1 | O30: =IF(K30=N30,1,0) -> 1 | P30: =IF(O30=1,N(N30),"") -> 1 | R30: =IF( OR(ISERROR(P30), ISERROR(Q30), P30="NA", Q30="NA"), "NA", N(P30) + N(Q30) ) -> 1
A31: =ADD_evt!A31 -> 29 | B31: ADD | C31: tract_0031 | D31: D2_C3 | E31: 2.1864299 | F31: 41.391188 | G31: https://www.google.com/maps/@?api=1&map_action=pano&viewpoint=41.3911878676426,2.18642991571189 | H31: =HYPERLINK("https://www.google.com/maps/@?api=1&map_action=pano&viewpoint=41.3911878676426,2.18642991571189","Open GSV") -> Open GSV | I31: =ADD_evt!P31 -> 1 | J31: =ADD_evt!Q31 -> 0 | K31: =ADD_evt!R31 -> 1 | L31: =ADD_vgp!P31 -> 1 | M31: =ADD_vgp!Q31 -> 0 | N31: =ADD_vgp!R31 -> 1 | O31: =IF(K31=N31,1,0) -> 1 | P31: =IF(O31=1,N(N31),"") -> 1 | R31: =IF( OR(ISERROR(P31), ISERROR(Q31), P31="NA", Q31="NA"), "NA", N(P31) + N(Q31) ) -> 1
A32: =ADD_evt!A32 -> 30 | B32: ADD | C32: tract_0031 | D32: D2_C3 | E32: 2.185338 | F32: 41.390375 | G32: https://www.google.com/maps/@?api=1&map_action=pano&viewpoint=41.3903749358271,2.18533799661021 | H32: =HYPERLINK("https://www.google.com/maps/@?api=1&map_action=pano&viewpoint=41.3903749358271,2.18533799661021","Open GSV") -> Open GSV | I32: =ADD_evt!P32 -> 1 | J32: =ADD_evt!Q32 -> 0 | K32: =ADD_evt!R32 -> 1 | L32: =ADD_vgp!P32 -> 1 | M32: =ADD_vgp!Q32 -> 0 | N32: =ADD_vgp!R32 -> 1 | O32: =IF(K32=N32,1,0) -> 1 | P32: =IF(O32=1,N(N32),"") -> 1 | R32: =IF( OR(ISERROR(P32), ISERROR(Q32), P32="NA", Q32="NA"), "NA", N(P32) + N(Q32) ) -> 1
A33: =ADD_evt!A33 -> 31 | B33: ADD | C33: tract_0035 | D33: D2_C3 | E33: 2.1589756 | F33: 41.382643 | G33: https://www.google.com/maps/@?api=1&map_action=pano&viewpoint=41.3826431790481,2.15897555292766 | H33: =HYPERLINK("https://www.google.com/maps/@?api=1&map_action=pano&viewpoint=41.3826431790481,2.15897555292766","Open GSV") -> Open GSV | I33: =ADD_evt!P33 -> NA | J33: =ADD_evt!Q33 -> NA | K33: =ADD_evt!R33 -> #VALUE! | L33: =ADD_vgp!P33 -> 1 | M33: =ADD_vgp!Q33 -> 1 | N33: =ADD_vgp!R33 -> 0 | O33: =IF(K33=N33,1,0) -> #VALUE! | P33: =IF(O33=1,N(N33),"") -> #VALUE! | R33: =IF( OR(ISERROR(P33), ISERROR(Q33), P33="NA", Q33="NA"), "NA", N(P33) + N(Q33) ) -> #VALUE! | S33: Realignment not detected
A34: =ADD_evt!A34 -> 32 | B34: ADD | C34: tract_0036 | D34: D2_C3 | E34: 2.153705 | F34: 41.398118 | G34: https://www.google.com/maps/@?api=1&map_action=pano&viewpoint=41.3981184632183,2.15370501205099 | H34: =HYPERLINK("https://www.google.com/maps/@?api=1&map_action=pano&viewpoint=41.3981184632183,2.15370501205099","Open GSV") -> Open GSV | I34: =ADD_evt!P34 -> 1 | J34: =ADD_evt!Q34 -> 0 | K34: =ADD_evt!R34 -> 1 | L34: =ADD_vgp!P34 -> 1 | M34: =ADD_vgp!Q34 -> 0 | N34: =ADD_vgp!R34 -> 1 | O34: =IF(K34=N34,1,0) -> 1 | P34: =IF(O34=1,N(N34),"") -> 1 | R34: =IF( OR(ISERROR(P34), ISERROR(Q34), P34="NA", Q34="NA"), "NA", N(P34) + N(Q34) ) -> 1
A35: =ADD_evt!A35 -> 33 | B35: ADD | C35: tract_0036 | D35: D2_C3 | E35: 2.1537502 | F35: 41.398133 | G35: https://www.google.com/maps/@?api=1&map_action=pano&viewpoint=41.3981332109611,2.1537501547691 | H35: =HYPERLINK("https://www.google.com/maps/@?api=1&map_action=pano&viewpoint=41.3981332109611,2.1537501547691","Open GSV") -> Open GSV | I35: =ADD_evt!P35 -> 1 | J35: =ADD_evt!Q35 -> 0 | K35: =ADD_evt!R35 -> 1 | L35: =ADD_vgp!P35 -> 1 | M35: =ADD_vgp!Q35 -> 0 | N35: =ADD_vgp!R35 -> 1 | O35: =IF(K35=N35,1,0) -> 1 | P35: =IF(O35=1,N(N35),"") -> 1 | R35: =IF( OR(ISERROR(P35), ISERROR(Q35), P35="NA", Q35="NA"), "NA", N(P35) + N(Q35) ) -> 1
A36: =ADD_evt!A36 -> 34 | B36: ADD | C36: tract_0041 | D36: D3_C1 | E36: 2.1240095 | F36: 41.375664 | G36: https://www.google.com/maps/@?api=1&map_action=pano&viewpoint=41.3756644128399,2.1240095291374 | H36: =HYPERLINK("https://www.google.com/maps/@?api=1&map_action=pano&viewpoint=41.3756644128399,2.1240095291374","Open GSV") -> Open GSV | I36: =ADD_evt!P36 -> 1 | J36: =ADD_evt!Q36 -> 0 | K36: =ADD_evt!R36 -> 1 | L36: =ADD_vgp!P36 -> 1 | M36: =ADD_vgp!Q36 -> 0 | N36: =ADD_vgp!R36 -> 1 | O36: =IF(K36=N36,1,0) -> 1 | P36: =IF(O36=1,N(N36),"") -> 1 | R36: =IF( OR(ISERROR(P36), ISERROR(Q36), P36="NA", Q36="NA"), "NA", N(P36) + N(Q36) ) -> 1
A37: =ADD_evt!A37 -> 35 | B37: ADD | C37: tract_0043 | D37: D3_C2 | E37: 2.130759 | F37: 41.375087 | G37: https://www.google.com/maps/@?api=1&map_action=pano&viewpoint=41.3750869481267,2.13075902951078 | H37: =HYPERLINK("https://www.google.com/maps/@?api=1&map_action=pano&viewpoint=41.3750869481267,2.13075902951078","Open GSV") -> Open GSV | I37: =ADD_evt!P37 -> 0 | J37: =ADD_evt!Q37 -> 0 | K37: =ADD_evt!R37 -> 0 | L37: =ADD_vgp!P37 -> 1 | M37: =ADD_vgp!Q37 -> 1 | N37: =ADD_vgp!R37 -> 0 | O37: =IF(K37=N37,1,0) -> 1 | P37: =IF(O37=1,N(N37),"") -> 0 | R37: =IF( OR(ISERROR(P37), ISERROR(Q37), P37="NA", Q37="NA"), "NA", N(P37) + N(Q37) ) -> 0
A38: =ADD_evt!A38 -> 36 | B38: ADD | C38: tract_0043 | D38: D3_C2 | E38: 2.1311878 | F38: 41.37384 | G38: https://www.google.com/maps/@?api=1&map_action=pano&viewpoint=41.3738399462803,2.13118777902404 | H38: =HYPERLINK("https://www.google.com/maps/@?api=1&map_action=pano&viewpoint=41.3738399462803,2.13118777902404","Open GSV") -> Open GSV | I38: =ADD_evt!P38 -> 0 | J38: =ADD_evt!Q38 -> 0 | K38: =ADD_evt!R38 -> 0 | L38: =ADD_vgp!P38 -> 1 | M38: =ADD_vgp!Q38 -> 1 | N38: =ADD_vgp!R38 -> 0 | O38: =IF(K38=N38,1,0) -> 1 | P38: =IF(O38=1,N(N38),"") -> 0 | R38: =IF( OR(ISERROR(P38), ISERROR(Q38), P38="NA", Q38="NA"), "NA", N(P38) + N(Q38) ) -> 0
A39: =ADD_evt!A39 -> 37 | B39: ADD | C39: tract_0044 | D39: D3_C2 | E39: 2.1797608 | F39: 41.41188 | G39: https://www.google.com/maps/@?api=1&map_action=pano&viewpoint=41.4118804921771,2.17976081270431 | H39: =HYPERLINK("https://www.google.com/maps/@?api=1&map_action=pano&viewpoint=41.4118804921771,2.17976081270431","Open GSV") -> Open GSV | I39: =ADD_evt!P39 -> 1 | J39: =ADD_evt!Q39 -> 0 | K39: =ADD_evt!R39 -> 1 | L39: =ADD_vgp!P39 -> 0 | M39: =ADD_vgp!Q39 -> 0 | N39: =ADD_vgp!R39 -> 0 | O39: =IF(K39=N39,1,0) -> 0 | P39: =IF(O39=1,N(N39),"") | Q39: 1 | R39: =IF( OR(ISERROR(P39), ISERROR(Q39), P39="NA", Q39="NA"), "NA", N(P39) + N(Q39) ) -> 1 | S39: We agreed this is an ADD. If moving the peg to 23 there is a bike lane
A40: =ADD_evt!A40 -> 38 | B40: ADD | C40: tract_0044 | D40: D3_C2 | E40: 2.1808908 | F40: 41.412745 | G40: https://www.google.com/maps/@?api=1&map_action=pano&viewpoint=41.4127447371871,2.180890772398 | H40: =HYPERLINK("https://www.google.com/maps/@?api=1&map_action=pano&viewpoint=41.4127447371871,2.180890772398","Open GSV") -> Open GSV | I40: =ADD_evt!P40 -> 0 | J40: =ADD_evt!Q40 -> 0 | K40: =ADD_evt!R40 -> 0 | L40: =ADD_vgp!P40 -> 0 | M40: =ADD_vgp!Q40 -> 0 | N40: =ADD_vgp!R40 -> 0 | O40: =IF(K40=N40,1,0) -> 1 | P40: =IF(O40=1,N(N40),"") -> 0 | R40: =IF( OR(ISERROR(P40), ISERROR(Q40), P40="NA", Q40="NA"), "NA", N(P40) + N(Q40) ) -> 0
A41: =ADD_evt!A41 -> 39 | B41: ADD | C41: tract_0045 | D41: D3_C2 | E41: 2.1373648 | F41: 41.384823 | G41: https://www.google.com/maps/@?api=1&map_action=pano&viewpoint=41.3848229909854,2.13736483373658 | H41: =HYPERLINK("https://www.google.com/maps/@?api=1&map_action=pano&viewpoint=41.3848229909854,2.13736483373658","Open GSV") -> Open GSV | I41: =ADD_evt!P41 -> 1 | J41: =ADD_evt!Q41 -> 0 | K41: =ADD_evt!R41 -> 1 | L41: =ADD_vgp!P41 -> 1 | M41: =ADD_vgp!Q41 -> 0 | N41: =ADD_vgp!R41 -> 1 | O41: =IF(K41=N41,1,0) -> 1 | P41: =IF(O41=1,N(N41),"") -> 1 | R41: =IF( OR(ISERROR(P41), ISERROR(Q41), P41="NA", Q41="NA"), "NA", N(P41) + N(Q41) ) -> 1
A42: =ADD_evt!A42 -> 40 | B42: ADD | C42: tract_0045 | D42: D3_C2 | E42: 2.137841 | F42: 41.385166 | G42: https://www.google.com/maps/@?api=1&map_action=pano&viewpoint=41.3851659046238,2.13784099621788 | H42: =HYPERLINK("https://www.google.com/maps/@?api=1&map_action=pano&viewpoint=41.3851659046238,2.13784099621788","Open GSV") -> Open GSV | I42: =ADD_evt!P42 -> 1 | J42: =ADD_evt!Q42 -> 0 | K42: =ADD_evt!R42 -> 1 | L42: =ADD_vgp!P42 -> 1 | M42: =ADD_vgp!Q42 -> 0 | N42: =ADD_vgp!R42 -> 1 | O42: =IF(K42=N42,1,0) -> 1 | P42: =IF(O42=1,N(N42),"") -> 1 | R42: =IF( OR(ISERROR(P42), ISERROR(Q42), P42="NA", Q42="NA"), "NA", N(P42) + N(Q42) ) -> 1
A43: =ADD_evt!A43 -> 41 | B43: ADD | C43: tract_0046 | D43: D3_C2 | E43: 2.1905776 | F43: 41.416619 | G43: https://www.google.com/maps/@?api=1&map_action=pano&viewpoint=41.4166187121365,2.1905776282886 | H43: =HYPERLINK("https://www.google.com/maps/@?api=1&map_action=pano&viewpoint=41.4166187121365,2.1905776282886","Open GSV") -> Open GSV | I43: =ADD_evt!P43 -> 1 | J43: =ADD_evt!Q43 -> 0 | K43: =ADD_evt!R43 -> 1 | L43: =ADD_vgp!P43 -> 1 | M43: =ADD_vgp!Q43 -> 0 | N43: =ADD_vgp!R43 -> 1 | O43: =IF(K43=N43,1,0) -> 1 | P43: =IF(O43=1,N(N43),"") -> 1 | R43: =IF( OR(ISERROR(P43), ISERROR(Q43), P43="NA", Q43="NA"), "NA", N(P43) + N(Q43) ) -> 1
A44: =ADD_evt!A44 -> 42 | B44: ADD | C44: tract_0047 | D44: D3_C2 | E44: 2.1392576 | F44: 41.360011 | G44: https://www.google.com/maps/@?api=1&map_action=pano&viewpoint=41.3600114226599,2.1392576352892 | H44: =HYPERLINK("https://www.google.com/maps/@?api=1&map_action=pano&viewpoint=41.3600114226599,2.1392576352892","Open GSV") -> Open GSV | I44: =ADD_evt!P44 -> 1 | J44: =ADD_evt!Q44 -> 0 | K44: =ADD_evt!R44 -> 1 | L44: =ADD_vgp!P44 -> 1 | M44: =ADD_vgp!Q44 -> 0 | N44: =ADD_vgp!R44 -> 1 | O44: =IF(K44=N44,1,0) -> 1 | P44: =IF(O44=1,N(N44),"") -> 1 | R44: =IF( OR(ISERROR(P44), ISERROR(Q44), P44="NA", Q44="NA"), "NA", N(P44) + N(Q44) ) -> 1
A45: =ADD_evt!A45 -> 43 | B45: ADD | C45: tract_0049 | D45: D3_C3 | E45: 2.1498848 | F45: 41.38264 | G45: https://www.google.com/maps/@?api=1&map_action=pano&viewpoint=41.3826401063928,2.14988483545965 | H45: =HYPERLINK("https://www.google.com/maps/@?api=1&map_action=pano&viewpoint=41.3826401063928,2.14988483545965","Open GSV") -> Open GSV | I45: =ADD_evt!P45 -> 1 | J45: =ADD_evt!Q45 -> 0 | K45: =ADD_evt!R45 -> 1 | L45: =ADD_vgp!P45 -> 1 | M45: =ADD_vgp!Q45 -> 0 | N45: =ADD_vgp!R45 -> 1 | O45: =IF(K45=N45,1,0) -> 1 | P45: =IF(O45=1,N(N45),"") -> 1 | R45: =IF( OR(ISERROR(P45), ISERROR(Q45), P45="NA", Q45="NA"), "NA", N(P45) + N(Q45) ) -> 1
A46: =ADD_evt!A46 -> 44 | B46: ADD | C46: tract_0050 | D46: D3_C3 | E46: 2.1511425 | F46: 41.381818 | G46: https://www.google.com/maps/@?api=1&map_action=pano&viewpoint=41.381818495143,2.15114251227034 | H46: =HYPERLINK("https://www.google.com/maps/@?api=1&map_action=pano&viewpoint=41.381818495143,2.15114251227034","Open GSV") -> Open GSV | I46: =ADD_evt!P46 -> 1 | J46: =ADD_evt!Q46 -> 0 | K46: =ADD_evt!R46 -> 1 | L46: =ADD_vgp!P46 -> 1 | M46: =ADD_vgp!Q46 -> 0 | N46: =ADD_vgp!R46 -> 1 | O46: =IF(K46=N46,1,0) -> 1 | P46: =IF(O46=1,N(N46),"") -> 1 | R46: =IF( OR(ISERROR(P46), ISERROR(Q46), P46="NA", Q46="NA"), "NA", N(P46) + N(Q46) ) -> 1
A47: =ADD_evt!A47 -> 45 | B47: ADD | C47: tract_0050 | D47: D3_C3 | E47: 2.1510866 | F47: 41.381728 | G47: https://www.google.com/maps/@?api=1&map_action=pano&viewpoint=41.3817275823742,2.15108663385945 | H47: =HYPERLINK("https://www.google.com/maps/@?api=1&map_action=pano&viewpoint=41.3817275823742,2.15108663385945","Open GSV") -> Open GSV | I47: =ADD_evt!P47 -> 1 | J47: =ADD_evt!Q47 -> 0 | K47: =ADD_evt!R47 -> 1 | L47: =ADD_vgp!P47 -> 1 | M47: =ADD_vgp!Q47 -> 0 | N47: =ADD_vgp!R47 -> 1 | O47: =IF(K47=N47,1,0) -> 1 | P47: =IF(O47=1,N(N47),"") -> 1 | R47: =IF( OR(ISERROR(P47), ISERROR(Q47), P47="NA", Q47="NA"), "NA", N(P47) + N(Q47) ) -> 1
A48: =ADD_evt!A48 -> 46 | B48: ADD | C48: tract_0051 | D48: D3_C3 | E48: 2.1536217 | F48: 41.378197 | G48: https://www.google.com/maps/@?api=1&map_action=pano&viewpoint=41.3781971000936,2.15362165090984 | H48: =HYPERLINK("https://www.google.com/maps/@?api=1&map_action=pano&viewpoint=41.3781971000936,2.15362165090984","Open GSV") -> Open GSV | I48: =ADD_evt!P48 -> NA | J48: =ADD_evt!Q48 -> NA | K48: =ADD_evt!R48 -> #VALUE! | L48: =ADD_vgp!P48 -> 1 | M48: =ADD_vgp!Q48 -> 1 | N48: =ADD_vgp!R48 -> 0 | O48: =IF(K48=N48,1,0) -> #VALUE! | P48: =IF(O48=1,N(N48),"") -> #VALUE! | Q48: NA | R48: =IF( OR(ISERROR(P48), ISERROR(Q48), P48="NA", Q48="NA"), "NA", N(P48) + N(Q48) ) -> #VALUE! | S48: Realignment not detected
A49: =ADD_evt!A49 -> 47 | B49: ADD | C49: tract_0052 | D49: D3_C3 | E49: 2.147639 | F49: 41.382613 | G49: https://www.google.com/maps/@?api=1&map_action=pano&viewpoint=41.3826129597012,2.14763895462665 | H49: =HYPERLINK("https://www.google.com/maps/@?api=1&map_action=pano&viewpoint=41.3826129597012,2.14763895462665","Open GSV") -> Open GSV | I49: =ADD_evt!P49 -> 1 | J49: =ADD_evt!Q49 -> 0 | K49: =ADD_evt!R49 -> 1 | L49: =ADD_vgp!P49 -> 0 | M49: =ADD_vgp!Q49 -> 0 | N49: =ADD_vgp!R49 -> 0 | O49: =IF(K49=N49,1,0) -> 0 | P49: =IF(O49=1,N(N49),"") | Q49: 1 | R49: =IF( OR(ISERROR(P49), ISERROR(Q49), P49="NA", Q49="NA"), "NA", N(P49) + N(Q49) ) -> 1 | S49: Moving the peg we can see that there is a bike lane in 2024
A50: =ADD_evt!A50 -> 48 | B50: ADD | C50: tract_0052 | D50: D3_C3 | E50: 2.1482078 | F50: 41.383042 | G50: https://www.google.com/maps/@?api=1&map_action=pano&viewpoint=41.3830424246768,2.14820775338395 | H50: =HYPERLINK("https://www.google.com/maps/@?api=1&map_action=pano&viewpoint=41.3830424246768,2.14820775338395","Open GSV") -> Open GSV | I50: =ADD_evt!P50 -> 1 | J50: =ADD_evt!Q50 -> 0 | K50: =ADD_evt!R50 -> 1 | L50: =ADD_vgp!P50 -> 0 | M50: =ADD_vgp!Q50 -> 0 | N50: =ADD_vgp!R50 -> 0 | O50: =IF(K50=N50,1,0) -> 0 | P50: =IF(O50=1,N(N50),"") | Q50: 0 | R50: =IF( OR(ISERROR(P50), ISERROR(Q50), P50="NA", Q50="NA"), "NA", N(P50) + N(Q50) ) -> 0 | S50: The same case but the point is too far to see if there is or not a bike lane
O51: =COUNTIFS(O3:O50,1) -> 41 | R51: =COUNTIFS(R3:R50,1) -> 34
O52: =COUNTIFS(O3:O50,1) / (COUNTIFS(O3:O50,1) + COUNTIFS(O3:O50,0)) -> 0.93181818 | R52: =COUNTIFS(R3:R50,1) / (COUNTIFS(R3:R50,1) + COUNTIFS(R3:R50,0)) -> 0.77272727

Sheet REMOVE
A2: id | B2: class | C2: tract_id | D2: stratum | E2: lon | F2: lat | G2: gsv_link | H2: GSV | I2: evt_present_followup | J2: evt_present_baseline | K2: evt_match | L2: vgp_present_followup | M2: vgp_present_baseline | N2: vgp_match | O2: agreement | P2: same_result | Q2: consensus | R2: joined_result
A3: =REMOVE_evt!A3 -> 1 | B3: REMOVE | C3: tract_0001 | D3: D1_C1 | E3: 2.1040062 | F3: 41.38494 | G3: https://www.google.com/maps/@?api=1&map_action=pano&viewpoint=41.3849403989724,2.10400617396064 | H3: =HYPERLINK("https://www.google.com/maps/@?api=1&map_action=pano&viewpoint=41.3849403989724,2.10400617396064","Open GSV") -> Open GSV | I3: =REMOVE_evt!P3 -> 0 | J3: =REMOVE_evt!Q3 -> 0 | K3: =REMOVE_evt!R3 -> FALSE | L3: =REMOVE_vgp!P3 -> 0 | M3: =REMOVE_vgp!Q3 -> 0 | N3: =REMOVE_vgp!R3 -> FALSE | O3: =IF(K3=N3,1,0) -> 1 | P3: =IF(O3=1, N(N3), "") -> 0 | R3: =IF( OR(ISERROR(P3), ISERROR(Q3), P3="NA", Q3="NA"), "NA", N(P3) + N(Q3) ) -> 0
A4: =REMOVE_evt!A4 -> 2 | B4: REMOVE | C4: tract_0008 | D4: D1_C2 | E4: 2.2007798 | F4: 41.42019 | G4: https://www.google.com/maps/@?api=1&map_action=pano&viewpoint=41.4201900660698,2.20077984083242 | H4: =HYPERLINK("https://www.google.com/maps/@?api=1&map_action=pano&viewpoint=41.4201900660698,2.20077984083242","Open GSV") -> Open GSV | I4: =REMOVE_evt!P4 -> 1 | J4: =REMOVE_evt!Q4 -> 1 | K4: =REMOVE_evt!R4 -> 0 | L4: =REMOVE_vgp!P4 -> 1 | M4: =REMOVE_vgp!Q4 -> 1 | N4: =REMOVE_vgp!R4 -> 0 | O4: =IF(K4=N4,1,0) -> 1 | P4: =IF(O4=1, N(N4), "") -> 0 | R4: =IF( OR(ISERROR(P4), ISERROR(Q4), P4="NA", Q4="NA"), "NA", N(P4) + N(Q4) ) -> 0
A5: =REMOVE_evt!A5 -> 3 | B5: REMOVE | C5: tract_0017 | D5: D1_C3 | E5: 2.1483858 | F5: 41.375372 | G5: https://www.google.com/maps/@?api=1&map_action=pano&viewpoint=41.3753719135312,2.14838582462673 | H5: =HYPERLINK("https://www.google.com/maps/@?api=1&map_action=pano&viewpoint=41.3753719135312,2.14838582462673","Open GSV") -> Open GSV | I5: =REMOVE_evt!P5 -> 0 | J5: =REMOVE_evt!Q5 -> 0 | K5: =REMOVE_evt!R5 -> 0 | L5: =REMOVE_vgp!P5 -> 0 | M5: =REMOVE_vgp!Q5 -> 0 | N5: =REMOVE_vgp!R5 -> 0 | O5: =IF(K5=N5,1,0) -> 1 | P5: =IF(O5=1, N(N5), "") -> 0 | R5: =IF( OR(ISERROR(P5), ISERROR(Q5), P5="NA", Q5="NA"), "NA", N(P5) + N(Q5) ) -> 0
A6: =REMOVE_evt!A6 -> 4 | B6: REMOVE | C6: tract_0020 | D6: D2_C1 | E6: 2.1797919 | F6: 41.432573 | G6: https://www.google.com/maps/@?api=1&map_action=pano&viewpoint=41.4325734990105,2.17979187635586 | H6: =HYPERLINK("https://www.google.com/maps/@?api=1&map_action=pano&viewpoint=41.4325734990105,2.17979187635586","Open GSV") -> Open GSV | I6: =REMOVE_evt!P6 -> 0 | J6: =REMOVE_evt!Q6 -> 0 | K6: =REMOVE_evt!R6 -> 0 | L6: =REMOVE_vgp!P6 -> 0 | M6: =REMOVE_vgp!Q6 -> 0 | N6: =REMOVE_vgp!R6 -> 0 | O6: =IF(K6=N6,1,0) -> 1 | P6: =IF(O6=1, N(N6), "") -> 0 | R6: =IF( OR(ISERROR(P6), ISERROR(Q6), P6="NA", Q6="NA"), "NA", N(P6) + N(Q6) ) -> 0
A7: =REMOVE_evt!A7 -> 5 | B7: REMOVE | C7: tract_0023 | D7: D2_C1 | E7: 2.1744355 | F7: 41.43024 | G7: https://www.google.com/maps/@?api=1&map_action=pano&viewpoint=41.4302401188698,2.17443553665477 | H7: =HYPERLINK("https://www.google.com/maps/@?api=1&map_action=pano&viewpoint=41.4302401188698,2.17443553665477","Open GSV") -> Open GSV | I7: =REMOVE_evt!P7 -> 0 | J7: =REMOVE_evt!Q7 -> 0 | K7: =REMOVE_evt!R7 -> 0 | L7: =REMOVE_vgp!P7 -> 1 | M7: =REMOVE_vgp!Q7 -> 1 | N7: =REMOVE_vgp!R7 -> 0 | O7: =IF(K7=N7,1,0) -> 1 | P7: =IF(O7=1, N(N7), "") -> 0 | R7: =IF( OR(ISERROR(P7), ISERROR(Q7), P7="NA", Q7="NA"), "NA", N(P7) + N(Q7) ) -> 0
A8: =REMOVE_evt!A8 -> 6 | B8: REMOVE | C8: tract_0035 | D8: D2_C3 | E8: 2.1568127 | F8: 41.38434 | G8: https://www.google.com/maps/@?api=1&map_action=pano&viewpoint=41.3843400360326,2.15681272246317 | H8: =HYPERLINK("https://www.google.com/maps/@?api=1&map_action=pano&viewpoint=41.3843400360326,2.15681272246317","Open GSV") -> Open GSV | I8: =REMOVE_evt!P8 -> 0 | J8: =REMOVE_evt!Q8 -> 1 | K8: =REMOVE_evt!R8 -> 1 | L8: =REMOVE_vgp!P8 -> 0 | M8: =REMOVE_vgp!Q8 -> 1 | N8: =REMOVE_vgp!R8 -> 1 | O8: =IF(K8=N8,1,0) -> 1 | P8: =IF(O8=1, N(N8), "") -> 1 | R8: =IF( OR(ISERROR(P8), ISERROR(Q8), P8="NA", Q8="NA"), "NA", N(P8) + N(Q8) ) -> 1
A9: =REMOVE_evt!A9 -> 7 | B9: REMOVE | C9: tract_0035 | D9: D2_C3 | E9: 2.157262 | F9: 41.38328 | G9: https://www.google.com/maps/@?api=1&map_action=pano&viewpoint=41.3832798659396,2.15726201275132 | H9: =HYPERLINK("https://www.google.com/maps/@?api=1&map_action=pano&viewpoint=41.3832798659396,2.15726201275132","Open GSV") -> Open GSV | I9: =REMOVE_evt!P9 -> NA | J9: =REMOVE_evt!Q9 -> NA | K9: =REMOVE_evt!R9 -> #VALUE! | L9: =REMOVE_vgp!P9 -> 0 | M9: =REMOVE_vgp!Q9 -> 1 | N9: =REMOVE_vgp!R9 -> 1 | O9: =IF(K9=N9,1,0) -> #VALUE! | P9: =IF(O9=1, N(N9), "") -> #VALUE! | R9: =IF( OR(ISERROR(P9), ISERROR(Q9), P9="NA", Q9="NA"), "NA", N(P9) + N(Q9) ) -> #VALUE! | S9: Realignment not detected
A10: =REMOVE_evt!A10 -> 8 | B10: REMOVE | C10: tract_0050 | D10: D3_C3 | E10: 2.1521384 | F10: 41.38094 | G10: https://www.google.com/maps/@?api=1&map_action=pano&viewpoint=41.3809395290626,2.15213844443264 | H10: =HYPERLINK("https://www.google.com/maps/@?api=1&map_action=pano&viewpoint=41.3809395290626,2.15213844443264","Open GSV") -> Open GSV | I10: =REMOVE_evt!P10 -> 0 | J10: =REMOVE_evt!Q10 -> 1 | K10: =REMOVE_evt!R10 -> 1 | L10: =REMOVE_vgp!P10 -> 0 | M10: =REMOVE_vgp!Q10 -> 1 | N10: =REMOVE_vgp!R10 -> 1 | O10: =IF(K10=N10,1,0) -> 1 | P10: =IF(O10=1, N(N10), "") -> 1 | R10: =IF( OR(ISERROR(P10), ISERROR(Q10), P10="NA", Q10="NA"), "NA", N(P10) + N(Q10) ) -> 1
O11: =COUNTIFS(O3:O10,1) -> 7 | P11: =IF(O11=1, ADD_evt!R11, "") | R11: =COUNTIFS(R3:R10,1) -> 2
O12: =COUNTIFS(O3:O10,1) / (COUNTIFS(O3:O10,1) + COUNTIFS(O3:O10,0)) -> 1 | R12: =COUNTIFS(R3:R10,1) / (COUNTIFS(R3:R10,1) + COUNTIFS(R3:R10,0)) -> 0.28571429

Sheet NONCI
A2: id | B2: class | C2: tract_id | D2: stratum | E2: lon | F2: lat | G2: gsv_link | H2: GSV | I2: evt_present_followup | J2: evt_present_baseline | K2: evt_match | L2: vgp_present_followup | M2: vgp_present_baseline | N2: vgp_match | O2: agreement | P2: same_result | Q2: consensus | R2: joined_result
A3: =NONCI_evt!A3 -> 1 | B3: NONCI | C3: tract_0001 | D3: D1_C1 | E3: 2.1044124 | F3: 41.389559 | G3: https://www.google.com/maps/@?api=1&map_action=pano&viewpoint=41.3895594523829,2.10441235059915 | H3: =HYPERLINK("https://www.google.com/maps/@?api=1&map_action=pano&viewpoint=41.3895594523829,2.10441235059915","Open GSV") -> Open GSV | I3: =NONCI_evt!P3 -> NA | J3: =NONCI_evt!Q3 -> NA | K3: =NONCI_evt!R3 -> #VALUE! | L3: =NONCI_vgp!P3 -> NA | M3: =NONCI_vgp!Q3 -> NA | N3: =NONCI_vgp!R3 -> #VALUE! | O3: =IF(K3=N3,1,0) -> #VALUE! | P3: =IF(O3=1,N(N3),"") -> #VALUE! | R3: =IF( OR(ISERROR(P3), ISERROR(Q3), P3="NA", Q3="NA"), "NA", N(P3) + N(Q3) ) -> #VALUE!
A4: =NONCI_evt!A4 -> 2 | B4: NONCI | C4: tract_0002 | D4: D1_C1 | E4: 2.1691949 | F4: 41.421682 | G4: https://www.google.com/maps/@?api=1&map_action=pano&viewpoint=41.4216820407901,2.16919488937241 | H4: =HYPERLINK("https://www.google.com/maps/@?api=1&map_action=pano&viewpoint=41.4216820407901,2.16919488937241","Open GSV") -> Open GSV | I4: =NONCI_evt!P4 -> 0 | J4: =NONCI_evt!Q4 -> 0 | K4: =NONCI_evt!R4 -> 1 | L4: =NONCI_vgp!P4 -> 0 | M4: =NONCI_vgp!Q4 -> 0 | N4: =NONCI_vgp!R4 -> 1 | O4: =IF(K4=N4,1,0) -> 1 | P4: =IF(O4=1,N(N4),"") -> 1 | R4: =IF( OR(ISERROR(P4), ISERROR(Q4), P4="NA", Q4="NA"), "NA", N(P4) + N(Q4) ) -> 1
A5: =NONCI_evt!A5 -> 3 | B5: NONCI | C5: tract_0003 | D5: D1_C1 | E5: 2.1791633 | F5: 41.45499 | G5: https://www.google.com/maps/@?api=1&map_action=pano&viewpoint=41.4549903058703,2.17916326903095 | H5: =HYPERLINK("https://www.google.com/maps/@?api=1&map_action=pano&viewpoint=41.4549903058703,2.17916326903095","Open GSV") -> Open GSV | I5: =NONCI_evt!P5 -> NA | J5: =NONCI_evt!Q5 -> NA | K5: =NONCI_evt!R5 -> #VALUE! | L5: =NONCI_vgp!P5 -> NA | M5: =NONCI_vgp!Q5 -> NA | N5: =NONCI_vgp!R5 -> #VALUE! | O5: =IF(K5=N5,1,0) -> #VALUE! | P5: =IF(O5=1,N(N5),"") -> #VALUE! | R5: =IF( OR(ISERROR(P5), ISERROR(Q5), P5="NA", Q5="NA"), "NA", N(P5) + N(Q5) ) -> #VALUE!
A6: =NONCI_evt!A6 -> 4 | B6: NONCI | C6: tract_0004 | D6: D1_C1 | E6: 2.1390853 | F6: 41.415279 | G6: https://www.google.com/maps/@?api=1&map_action=pano&viewpoint=41.4152785875993,2.13908529805925 | H6: =HYPERLINK("https://www.google.com/maps/@?api=1&map_action=pano&viewpoint=41.4152785875993,2.13908529805925","Open GSV") -> Open GSV | I6: =NONCI_evt!P6 -> 0 | J6: =NONCI_evt!Q6 -> 0 | K6: =NONCI_evt!R6 -> 1 | L6: =NONCI_vgp!P6 -> 0 | M6: =NONCI_vgp!Q6 -> 0 | N6: =NONCI_vgp!R6 -> 1 | O6: =IF(K6=N6,1,0) -> 1 | P6: =IF(O6=1,N(N6),"") -> 1 | R6: =IF( OR(ISERROR(P6), ISERROR(Q6), P6="NA", Q6="NA"), "NA", N(P6) + N(Q6) ) -> 1
A7: =NONCI_evt!A7 -> 5 | B7: NONCI | C7: tract_0005 | D7: D1_C1 | E7: 2.2090686 | F7: 41.422976 | G7: https://www.google.com/maps/@?api=1&map_action=pano&viewpoint=41.4229756102428,2.20906860933044 | H7: =HYPERLINK("https://www.google.com/maps/@?api=1&map_action=pano&viewpoint=41.4229756102428,2.20906860933044","Open GSV") -> Open GSV | I7: =NONCI_evt!P7 -> 0 | J7: =NONCI_evt!Q7 -> 0 | K7: =NONCI_evt!R7 -> 1 | L7: =NONCI_vgp!P7 -> 0 | M7: =NONCI_vgp!Q7 -> 0 | N7: =NONCI_vgp!R7 -> 1 | O7: =IF(K7=N7,1,0) -> 1 | P7: =IF(O7=1,N(N7),"") -> 1 | R7: =IF( OR(ISERROR(P7), ISERROR(Q7), P7="NA", Q7="NA"), "NA", N(P7) + N(Q7) ) -> 1
A8: =NONCI_evt!A8 -> 6 | B8: NONCI | C8: tract_0006 | D8: D1_C1 | E8: 2.2048468 | F8: 41.425891 | G8: https://www.google.com/maps/@?api=1&map_action=pano&viewpoint=41.4258905806347,2.20484681868868 | H8: =HYPERLINK("https://www.google.com/maps/@?api=1&map_action=pano&viewpoint=41.4258905806347,2.20484681868868","Open GSV") -> Open GSV | I8: =NONCI_evt!P8 -> 0 | J8: =NONCI_evt!Q8 -> 0 | K8: =NONCI_evt!R8 -> 1 | L8: =NONCI_vgp!P8 -> 0 | M8: =NONCI_vgp!Q8 -> 0 | N8: =NONCI_vgp!R8 -> 1 | O8: =IF(K8=N8,1,0) -> 1 | P8: =IF(O8=1,N(N8),"") -> 1 | R8: =IF( OR(ISERROR(P8), ISERROR(Q8), P8="NA", Q8="NA"), "NA", N(P8) + N(Q8) ) -> 1
A9: =NONCI_evt!A9 -> 7 | B9: NONCI | C9: tract_0007 | D9: D1_C2 | E9: 2.1360527 | F9: 41.388646 | G9: https://www.google.com/maps/@?api=1&map_action=pano&viewpoint=41.3886459941181,2.13605268130468 | H9: =HYPERLINK("https://www.google.com/maps/@?api=1&map_action=pano&viewpoint=41.3886459941181,2.13605268130468","Open GSV") -> Open GSV | I9: =NONCI_evt!P9 -> 0 | J9: =NONCI_evt!Q9 -> 0 | K9: =NONCI_evt!R9 -> 1 | L9: =NONCI_vgp!P9 -> 0 | M9: =NONCI_vgp!Q9 -> 0 | N9: =NONCI_vgp!R9 -> 1 | O9: =IF(K9=N9,1,0) -> 1 | P9: =IF(O9=1,N(N9),"") -> 1 | R9: =IF( OR(ISERROR(P9), ISERROR(Q9), P9="NA", Q9="NA"), "NA", N(P9) + N(Q9) ) -> 1
A10: =NONCI_evt!A10 -> 8 | B10: NONCI | C10: tract_0008 | D10: D1_C2 | E10: 2.1997319 | F10: 41.419285 | G10: https://www.google.com/maps/@?api=1&map_action=pano&viewpoint=41.4192845883494,2.19973194310656 | H10: =HYPERLINK("https://www.google.com/maps/@?api=1&map_action=pano&viewpoint=41.4192845883494,2.19973194310656","Open GSV") -> Open GSV | I10: =NONCI_evt!P10 -> NA | J10: =NONCI_evt!Q10 -> 0 | K10: =NONCI_evt!R10 -> #VALUE! | L10: =NONCI_vgp!P10 -> NA | M10: =NONCI_vgp!Q10 -> 0 | N10: =NONCI_vgp!R10 -> #VALUE! | O10: =IF(K10=N10,1,0) -> #VALUE! | P10: =IF(O10=1,N(N10),"") -> #VALUE! | R10: =IF( OR(ISERROR(P10), ISERROR(Q10), P10="NA", Q10="NA"), "NA", N(P10) + N(Q10) ) -> #VALUE!
A11: =NONCI_evt!A11 -> 9 | B11: NONCI | C11: tract_0009 | D11: D1_C2 | E11: 2.2009966 | F11: 41.418315 | G11: https://www.google.com/maps/@?api=1&map_action=pano&viewpoint=41.418314723108,2.20099660334155 | H11: =HYPERLINK("https://www.google.com/maps/@?api=1&map_action=pano&viewpoint=41.418314723108,2.20099660334155","Open GSV") -> Open GSV | I11: =NONCI_evt!P11 -> NA | J11: =NONCI_evt!Q11 -> 0 | K11: =NONCI_evt!R11 -> #VALUE! | L11: =NONCI_vgp!P11 -> NA | M11: =NONCI_vgp!Q11 -> 0 | N11: =NONCI_vgp!R11 -> #VALUE! | O11: =IF(K11=N11,1,0) -> #VALUE! | P11: =IF(O11=1,N(N11),"") -> #VALUE! | R11: =IF( OR(ISERROR(P11), ISERROR(Q11), P11="NA", Q11="NA"), "NA", N(P11) + N(Q11) ) -> #VALUE!
A12: =NONCI_evt!A12 -> 10 | B12: NONCI | C12: tract_0010 | D12: D1_C2 | E12: 2.1719534 | F12: 41.417285 | G12: https://www.google.com/maps/@?api=1&map_action=pano&viewpoint=41.4172851501864,2.1719534490003 | H12: =HYPERLINK("https://www.google.com/maps/@?api=1&map_action=pano&viewpoint=41.4172851501864,2.1719534490003","Open GSV") -> Open GSV | I12: =NONCI_evt!P12 -> 0 | J12: =NONCI_evt!Q12 -> 0 | K12: =NONCI_evt!R12 -> 1 | L12: =NONCI_vgp!P12 -> 0 | M12: =NONCI_vgp!Q12 -> 0 | N12: =NONCI_vgp!R12 -> 1 | O12: =IF(K12=N12,1,0) -> 1 | P12: =IF(O12=1,N(N12),"") -> 1 | R12: =IF( OR(ISERROR(P12), ISERROR(Q12), P12="NA", Q12="NA"), "NA", N(P12) + N(Q12) ) -> 1
A13: =NONCI_evt!A13 -> 11 | B13: NONCI | C13: tract_0011 | D13: D1_C2 | E13: 2.2085959 | F13: 41.421233 | G13: https://www.google.com/maps/@?api=1&map_action=pano&viewpoint=41.4212327396107,2.2085959023376 | H13: =HYPERLINK("https://www.google.com/maps/@?api=1&map_action=pano&viewpoint=41.4212327396107,2.2085959023376","Open GSV") -> Open GSV | I13: =NONCI_evt!P13 -> 0 | J13: =NONCI_evt!Q13 -> 0 | K13: =NONCI_evt!R13 -> 1 | L13: =NONCI_vgp!P13 -> 0 | M13: =NONCI_vgp!Q13 -> 0 | N13: =NONCI_vgp!R13 -> 1 | O13: =IF(K13=N13,1,0) -> 1 | P13: =IF(O13=1,N(N13),"") -> 1 | R13: =IF( OR(ISERROR(P13), ISERROR(Q13), P13="NA", Q13="NA"), "NA", N(P13) + N(Q13) ) -> 1
A14: =NONCI_evt!A14 -> 12 | B14: NONCI | C14: tract_0012 | D14: D1_C2 | E14: 2.1604937 | F14: 41.413682 | G14: https://www.google.com/maps/@?api=1&map_action=pano&viewpoint=41.4136824558834,2.16049369124227 | H14: =HYPERLINK("https://www.google.com/maps/@?api=1&map_action=pano&viewpoint=41.4136824558834,2.16049369124227","Open GSV") -> Open GSV | I14: =NONCI_evt!P14 -> 0 | J14: =NONCI_evt!Q14 -> 0 | K14: =NONCI_evt!R14 -> 1 | L14: =NONCI_vgp!P14 -> 0 | M14: =NONCI_vgp!Q14 -> 0 | N14: =NONCI_vgp!R14 -> 1 | O14: =IF(K14=N14,1,0) -> 1 | P14: =IF(O14=1,N(N14),"") -> 1 | R14: =IF( OR(ISERROR(P14), ISERROR(Q14), P14="NA", Q14="NA"), "NA", N(P14) + N(Q14) ) -> 1
A15: =NONCI_evt!A15 -> 13 | B15: NONCI | C15: tract_0013 | D15: D1_C3 | E15: 2.1966276 | F15: 41.396874 | G15: https://www.google.com/maps/@?api=1&map_action=pano&viewpoint=41.3968741340237,2.19662757442697 | H15: =HYPERLINK("https://www.google.com/maps/@?api=1&map_action=pano&viewpoint=41.3968741340237,2.19662757442697","Open GSV") -> Open GSV | I15: =NONCI_evt!P15 -> 0 | J15: =NONCI_evt!Q15 -> 0 | K15: =NONCI_evt!R15 -> 1 | L15: =NONCI_vgp!P15 -> 0 | M15: =NONCI_vgp!Q15 -> 0 | N15: =NONCI_vgp!R15 -> 1 | O15: =IF(K15=N15,1,0) -> 1 | P15: =IF(O15=1,N(N15),"") -> 1 | R15: =IF( OR(ISERROR(P15), ISERROR(Q15), P15="NA", Q15="NA"), "NA", N(P15) + N(Q15) ) -> 1
A16: =NONCI_evt!A16 -> 14 | B16: NONCI | C16: tract_0014 | D16: D1_C3 | E16: 2.1767596 | F16: 41.38152 | G16: https://www.google.com/maps/@?api=1&map_action=pano&viewpoint=41.3815198505021,2.17675959869425 | H16: =HYPERLINK("https://www.google.com/maps/@?api=1&map_action=pano&viewpoint=41.3815198505021,2.17675959869425","Open GSV") -> Open GSV | I16: =NONCI_evt!P16 -> 0 | J16: =NONCI_evt!Q16 -> 0 | K16: =NONCI_evt!R16 -> 1 | L16: =NONCI_vgp!P16 -> 0 | M16: =NONCI_vgp!Q16 -> 0 | N16: =NONCI_vgp!R16 -> 1 | O16: =IF(K16=N16,1,0) -> 1 | P16: =IF(O16=1,N(N16),"") -> 1 | R16: =IF( OR(ISERROR(P16), ISERROR(Q16), P16="NA", Q16="NA"), "NA", N(P16) + N(Q16) ) -> 1
A17: =NONCI_evt!A17 -> 15 | B17: NONCI | C17: tract_0015 | D17: D1_C3 | E17: 2.1989342 | F17: 41.398565 | G17: https://www.google.com/maps/@?api=1&map_action=pano&viewpoint=41.3985654193142,2.19893423224654 | H17: =HYPERLINK("https://www.google.com/maps/@?api=1&map_action=pano&viewpoint=41.3985654193142,2.19893423224654","Open GSV") -> Open GSV | I17: =NONCI_evt!P17 -> 0 | J17: =NONCI_evt!Q17 -> 0 | K17: =NONCI_evt!R17 -> 1 | L17: =NONCI_vgp!P17 -> 0 | M17: =NONCI_vgp!Q17 -> 0 | N17: =NONCI_vgp!R17 -> 1 | O17: =IF(K17=N17,1,0) -> 1 | P17: =IF(O17=1,N(N17),"") -> 1 | R17: =IF( OR(ISERROR(P17), ISERROR(Q17), P17="NA", Q17="NA"), "NA", N(P17) + N(Q17) ) -> 1
A18: =NONCI_evt!A18 -> 16 | B18: NONCI | C18: tract_0016 | D18: D1_C3 | E18: 2.2046822 | F18: 41.407607 | G18: https://www.google.com/maps/@?api=1&map_action=pano&viewpoint=41.4076066879062,2.20468220744704 | H18: =HYPERLINK("https://www.google.com/maps/@?api=1&map_action=pano&viewpoint=41.4076066879062,2.20468220744704","Open GSV") -> Open GSV | I18: =NONCI_evt!P18 -> 1 | J18: =NONCI_evt!Q18 -> 1 | K18: =NONCI_evt!R18 -> 0 | L18: =NONCI_vgp!P18 -> 1 | M18: =NONCI_vgp!Q18 -> 1 | N18: =NONCI_vgp!R18 -> 0 | O18: =IF(K18=N18,1,0) -> 1 | P18: =IF(O18=1,N(N18),"") -> 0 | R18: =IF( OR(ISERROR(P18), ISERROR(Q18), P18="NA", Q18="NA"), "NA", N(P18) + N(Q18) ) -> 0
A19: =NONCI_evt!A19 -> 17 | B19: NONCI | C19: tract_0017 | D19: D1_C3 | E19: 2.1462176 | F19: 41.375893 | G19: https://www.google.com/maps/@?api=1&map_action=pano&viewpoint=41.3758934897395,2.14621758311762 | H19: =HYPERLINK("https://www.google.com/maps/@?api=1&map_action=pano&viewpoint=41.3758934897395,2.14621758311762","Open GSV") -> Open GSV | I19: =NONCI_evt!P19 -> 0 | J19: =NONCI_evt!Q19 -> 0 | K19: =NONCI_evt!R19 -> 1 | L19: =NONCI_vgp!P19 -> 0 | M19: =NONCI_vgp!Q19 -> 0 | N19: =NONCI_vgp!R19 -> 1 | O19: =IF(K19=N19,1,0) -> 1 | P19: =IF(O19=1,N(N19),"") -> 1 | R19: =IF( OR(ISERROR(P19), ISERROR(Q19), P19="NA", Q19="NA"), "NA", N(P19) + N(Q19) ) -> 1
A20: =NONCI_evt!A20 -> 18 | B20: NONCI | C20: tract_0019 | D20: D2_C1 | E20: 2.1217889 | F20: 41.396231 | G20: https://www.google.com/maps/@?api=1&map_action=pano&viewpoint=41.396230594351,2.1217889459586 | H20: =HYPERLINK("https://www.google.com/maps/@?api=1&map_action=pano&viewpoint=41.396230594351,2.1217889459586","Open GSV") -> Open GSV | I20: =NONCI_evt!P20 -> 0 | J20: =NONCI_evt!Q20 -> 0 | K20: =NONCI_evt!R20 -> 1 | L20: =NONCI_vgp!P20 -> 0 | M20: =NONCI_vgp!Q20 -> 0 | N20: =NONCI_vgp!R20 -> 1 | O20: =IF(K20=N20,1,0) -> 1 | P20: =IF(O20=1,N(N20),"") -> 1 | R20: =IF( OR(ISERROR(P20), ISERROR(Q20), P20="NA", Q20="NA"), "NA", N(P20) + N(Q20) ) -> 1
A21: =NONCI_evt!A21 -> 19 | B21: NONCI | C21: tract_0020 | D21: D2_C1 | E21: 2.1790889 | F21: 41.431346 | G21: https://www.google.com/maps/@?api=1&map_action=pano&viewpoint=41.4313457041624,2.17908894150395 | H21: =HYPERLINK("https://www.google.com/maps/@?api=1&map_action=pano&viewpoint=41.4313457041624,2.17908894150395","Open GSV") -> Open GSV | I21: =NONCI_evt!P21 -> 0 | J21: =NONCI_evt!Q21 -> 0 | K21: =NONCI_evt!R21 -> 1 | L21: =NONCI_vgp!P21 -> 0 | M21: =NONCI_vgp!Q21 -> 0 | N21: =NONCI_vgp!R21 -> 1 | O21: =IF(K21=N21,1,0) -> 1 | P21: =IF(O21=1,N(N21),"") -> 1 | R21: =IF( OR(ISERROR(P21), ISERROR(Q21), P21="NA", Q21="NA"), "NA", N(P21) + N(Q21) ) -> 1
A22: =NONCI_evt!A22 -> 20 | B22: NONCI | C22: tract_0021 | D22: D2_C1 | E22: 2.125769 | F22: 41.392901 | G22: https://www.google.com/maps/@?api=1&map_action=pano&viewpoint=41.3929009079565,2.1257689815069 | H22: =HYPERLINK("https://www.google.com/maps/@?api=1&map_action=pano&viewpoint=41.3929009079565,2.1257689815069","Open GSV") -> Open GSV | I22: =NONCI_evt!P22 -> 0 | J22: =NONCI_evt!Q22 -> 0 | K22: =NONCI_evt!R22 -> 1 | L22: =NONCI_vgp!P22 -> 0 | M22: =NONCI_vgp!Q22 -> 0 | N22: =NONCI_vgp!R22 -> 1 | O22: =IF(K22=N22,1,0) -> 1 | P22: =IF(O22=1,N(N22),"") -> 1 | R22: =IF( OR(ISERROR(P22), ISERROR(Q22), P22="NA", Q22="NA"), "NA", N(P22) + N(Q22) ) -> 1
A23: =NONCI_evt!A23 -> 21 | B23: NONCI | C23: tract_0022 | D23: D2_C1 | E23: 2.1842214 | F23: 41.434865 | G23: https://www.google.com/maps/@?api=1&map_action=pano&viewpoint=41.4348652360132,2.18422140795697 | H23: =HYPERLINK("https://www.google.com/maps/@?api=1&map_action=pano&viewpoint=41.4348652360132,2.18422140795697","Open GSV") -> Open GSV | I23: =NONCI_evt!P23 -> 0 | J23: =NONCI_evt!Q23 -> 0 | K23: =NONCI_evt!R23 -> 1 | L23: =NONCI_vgp!P23 -> 0 | M23: =NONCI_vgp!Q23 -> 0 | N23: =NONCI_vgp!R23 -> 1 | O23: =IF(K23=N23,1,0) -> 1 | P23: =IF(O23=1,N(N23),"") -> 1 | R23: =IF( OR(ISERROR(P23), ISERROR(Q23), P23="NA", Q23="NA"), "NA", N(P23) + N(Q23) ) -> 1
