Workbook

Sheet ADD_evt
I1: 2023 | L1: 2015
A2: id | B2: class | C2: tract_id | D2: stratum | E2: lon | F2: lat | G2: gsv_link | H2: GSV | I2: present_2023 | J2: present_2024 | K2: present_2022 | L2: present_2015 | M2: present_2014 | N2: present_2016 | O2: notes | P2: present_followup | Q2: present_baseline
A3: 1 | B3: ADD | C3: tract_0003 | D3: D1_C1 | E3: 2.1803101 | F3: 41.458146 | G3: https://www.google.com/maps/@?api=1&map_action=pano&viewpoint=41.4581456267453,2.18031012416 | H3: =HYPERLINK("https://www.google.com/maps/@?api=1&map_action=pano&viewpoint=41.4581456267453,2.18031012416","Open GSV") -> Open GSV | I3: 1 | L3: 1 | O3: Peg moved 15 | P3: =IF(OR(I3=1,I3="1",I3=0,I3="0"),I3,IF(OR(J3=1,J3="1",J3=0,J3="0"),J3,IF(OR(K3=1,K3="1",K3=0,K3="0"),K3,"NA"))) -> 1 | Q3: =IF(OR(L3=1,L3="1",L3=0,L3="0"),L3,IF(OR(M3=1,M3="1",M3=0,M3="0"),M3,IF(OR(N3=1,N3="1",N3=0,N3="0"),N3,"NA"))) -> 1
A4: 2 | B4: ADD | C4: tract_0003 | D4: D1_C1 | E4: 2.1806602 | F4: 41.458483 | G4: https://www.google.com/maps/@?api=1&map_action=pano&viewpoint=41.4584832431716,2.18066020262167 | H4: =HYPERLINK("https://www.google.com/maps/@?api=1&map_action=pano&viewpoint=41.4584832431716,2.18066020262167","Open GSV") -> Open GSV | I4: 1 | L4: 1 | P4: =IF(OR(I4=1,I4="1",I4=0,I4="0"),I4,IF(OR(J4=1,J4="1",J4=0,J4="0"),J4,IF(OR(K4=1,K4="1",K4=0,K4="0"),K4,"NA"))) -> 1 | Q4: =IF(OR(L4=1,L4="1",L4=0,L4="0"),L4,IF(OR(M4=1,M4="1",M4=0,M4="0"),M4,IF(OR(N4=1,N4="1",N4=0,N4="0"),N4,"NA"))) -> 1
A5: 3 | B5: ADD | C5: tract_0004 | D5: D1_C1 | E5: 2.1408527 | F5: 41.413422 | G5: https://www.google.com/maps/@?api=1&map_action=pano&viewpoint=41.4134215995416,2.14085269668676 | H5: =HYPERLINK("https://www.google.com/maps/@?api=1&map_action=pano&viewpoint=41.4134215995416,2.14085269668676","Open GSV") -> Open GSV | I5: NA | J5: 1 | L5: 0 | O5: Peg moved 24 | P5: =IF(OR(I5=1,I5="1",I5=0,I5="0"),I5,IF(OR(J5=1,J5="1",J5=0,J5="0"),J5,IF(OR(K5=1,K5="1",K5=0,K5="0"),K5,"NA"))) -> 1 | Q5: =IF(OR(L5=1,L5="1",L5=0,L5="0"),L5,IF(OR(M5=1,M5="1",M5=0,M5="0"),M5,IF(OR(N5=1,N5="1",N5=0,N5="0"),N5,"NA"))) -> 0
A6: 4 | B6: ADD | C6: tract_0006 | D6: D1_C1 | E6: 2.2011317 | F6: 41.426283 | G6: https://www.google.com/maps/@?api=1&map_action=pano&viewpoint=41.4262832087554,2.20113165987653 | H6: =HYPERLINK("https://www.google.com/maps/@?api=1&map_action=pano&viewpoint=41.4262832087554,2.20113165987653","Open GSV") -> Open GSV | I6: 1 | L6: 0 | P6: =IF(OR(I6=1,I6="1",I6=0,I6="0"),I6,IF(OR(J6=1,J6="1",J6=0,J6="0"),J6,IF(OR(K6=1,K6="1",K6=0,K6="0"),K6,"NA"))) -> 1 | Q6: =IF(OR(L6=1,L6="1",L6=0,L6="0"),L6,IF(OR(M6=1,M6="1",M6=0,M6="0"),M6,IF(OR(N6=1,N6="1",N6=0,N6="0"),N6,"NA"))) -> 0
A7: 5 | B7: ADD | C7: tract_0006 | D7: D1_C1 | E7: 2.2001191 | F7: 41.426033 | G7: https://www.google.com/maps/@?api=1&map_action=pano&viewpoint=41.4260327049088,2.2001190522901 | H7: =HYPERLINK("https://www.google.com/maps/@?api=1&map_action=pano&viewpoint=41.4260327049088,2.2001190522901","Open GSV") -> Open GSV | I7: 1 | L7: 0 | P7: =IF(OR(I7=1,I7="1",I7=0,I7="0"),I7,IF(OR(J7=1,J7="1",J7=0,J7="0"),J7,IF(OR(K7=1,K7="1",K7=0,K7="0"),K7,"NA"))) -> 1 | Q7: =IF(OR(L7=1,L7="1",L7=0,L7="0"),L7,IF(OR(M7=1,M7="1",M7=0,M7="0"),M7,IF(OR(N7=1,N7="1",N7=0,N7="0"),N7,"NA"))) -> 0
A8: 6 | B8: ADD | C8: tract_0007 | D8: D1_C2 | E8: 2.1340276 | F8: 41.388185 | G8: https://www.google.com/maps/@?api=1&map_action=pano&viewpoint=41.3881854073843,2.13402755812854 | H8: =HYPERLINK("https://www.google.com/maps/@?api=1&map_action=pano&viewpoint=41.3881854073843,2.13402755812854","Open GSV") -> Open GSV | I8: 1 | L8: 0 | O8: Peg moved 23 | P8: =IF(OR(I8=1,I8="1",I8=0,I8="0"),I8,IF(OR(J8=1,J8="1",J8=0,J8="0"),J8,IF(OR(K8=1,K8="1",K8=0,K8="0"),K8,"NA"))) -> 1 | Q8: =IF(OR(L8=1,L8="1",L8=0,L8="0"),L8,IF(OR(M8=1,M8="1",M8=0,M8="0"),M8,IF(OR(N8=1,N8="1",N8=0,N8="0"),N8,"NA"))) -> 0
A9: 7 | B9: ADD | C9: tract_0009 | D9: D1_C2 | E9: 2.1988167 | F9: 41.416812 | G9: https://www.google.com/maps/@?api=1&map_action=pano&viewpoint=41.4168121764961,2.19881673887713 | H9: =HYPERLINK("https://www.google.com/maps/@?api=1&map_action=pano&viewpoint=41.4168121764961,2.19881673887713","Open GSV") -> Open GSV | I9: 1 | L9: NA | M9: 0 | O9: Peg moved 15; In construction | P9: =IF(OR(I9=1,I9="1",I9=0,I9="0"),I9,IF(OR(J9=1,J9="1",J9=0,J9="0"),J9,IF(OR(K9=1,K9="1",K9=0,K9="0"),K9,"NA"))) -> 1 | Q9: =IF(OR(L9=1,L9="1",L9=0,L9="0"),L9,IF(OR(M9=1,M9="1",M9=0,M9="0"),M9,IF(OR(N9=1,N9="1",N9=0,N9="0"),N9,"NA"))) -> 0
A10: 8 | B10: ADD | C10: tract_0010 | D10: D1_C2 | E10: 2.172051 | F10: 41.414976 | G10: https://www.google.com/maps/@?api=1&map_action=pano&viewpoint=41.414975730964,2.17205102853822 | H10: =HYPERLINK("https://www.google.com/maps/@?api=1&map_action=pano&viewpoint=41.414975730964,2.17205102853822","Open GSV") -> Open GSV | I10: 1 | L10: 0 | P10: =IF(OR(I10=1,I10="1",I10=0,I10="0"),I10,IF(OR(J10=1,J10="1",J10=0,J10="0"),J10,IF(OR(K10=1,K10="1",K10=0,K10="0"),K10,"NA"))) -> 1 | Q10: =IF(OR(L10=1,L10="1",L10=0,L10="0"),L10,IF(OR(M10=1,M10="1",M10=0,M10="0"),M10,IF(OR(N10=1,N10="1",N10=0,N10="0"),N10,"NA"))) -> 0
A11: 9 | B11: ADD | C11: tract_0010 | D11: D1_C2 | E11: 2.1746102 | F11: 41.416865 | G11: https://www.google.com/maps/@?api=1&map_action=pano&viewpoint=41.4168653577514,2.17461017557639 | H11: =HYPERLINK("https://www.google.com/maps/@?api=1&map_action=pano&viewpoint=41.4168653577514,2.17461017557639","Open GSV") -> Open GSV | I11: 1 | L11: 0 | P11: =IF(OR(I11=1,I11="1",I11=0,I11="0"),I11,IF(OR(J11=1,J11="1",J11=0,J11="0"),J11,IF(OR(K11=1,K11="1",K11=0,K11="0"),K11,"NA"))) -> 1 | Q11: =IF(OR(L11=1,L11="1",L11=0,L11="0"),L11,IF(OR(M11=1,M11="1",M11=0,M11="0"),M11,IF(OR(N11=1,N11="1",N11=0,N11="0"),N11,"NA"))) -> 0
A12: 10 | B12: ADD | C12: tract_0011 | D12: D1_C2 | E12: 2.2079426 | F12: 41.420245 | G12: https://www.google.com/maps/@?api=1&map_action=pano&viewpoint=41.4202454258576,2.20794256929774 | H12: =HYPERLINK("https://www.google.com/maps/@?api=1&map_action=pano&viewpoint=41.4202454258576,2.20794256929774","Open GSV") -> Open GSV | I12: 1 | L12: 1 | O12: Peg moved 23 | P12: =IF(OR(I12=1,I12="1",I12=0,I12="0"),I12,IF(OR(J12=1,J12="1",J12=0,J12="0"),J12,IF(OR(K12=1,K12="1",K12=0,K12="0"),K12,"NA"))) -> 1 | Q12: =IF(OR(L12=1,L12="1",L12=0,L12="0"),L12,IF(OR(M12=1,M12="1",M12=0,M12="0"),M12,IF(OR(N12=1,N12="1",N12=0,N12="0"),N12,"NA"))) -> 1
A13: 11 | B13: ADD | C13: tract_0011 | D13: D1_C2 | E13: 2.2075546 | F13: 41.420448 | G13: https://www.google.com/maps/@?api=1&map_action=pano&viewpoint=41.4204481302083,2.2075546110796 | H13: =HYPERLINK("https://www.google.com/maps/@?api=1&map_action=pano&viewpoint=41.4204481302083,2.2075546110796","Open GSV") -> Open GSV | I13: 1 | L13: 1 | O13: Peg moved 23 | P13: =IF(OR(I13=1,I13="1",I13=0,I13="0"),I13,IF(OR(J13=1,J13="1",J13=0,J13="0"),J13,IF(OR(K13=1,K13="1",K13=0,K13="0"),K13,"NA"))) -> 1 | Q13: =IF(OR(L13=1,L13="1",L13=0,L13="0"),L13,IF(OR(M13=1,M13="1",M13=0,M13="0"),M13,IF(OR(N13=1,N13="1",N13=0,N13="0"),N13,"NA"))) -> 1
A14: 12 | B14: ADD | C14: tract_0012 | D14: D1_C2 | E14: 2.1609809 | F14: 41.412109 | G14: https://www.google.com/maps/@?api=1&map_action=pano&viewpoint=41.4121092794043,2.16098092184219 | H14: =HYPERLINK("https://www.google.com/maps/@?api=1&map_action=pano&viewpoint=41.4121092794043,2.16098092184219","Open GSV") -> Open GSV | I14: 1 | L14: 0 | P14: =IF(OR(I14=1,I14="1",I14=0,I14="0"),I14,IF(OR(J14=1,J14="1",J14=0,J14="0"),J14,IF(OR(K14=1,K14="1",K14=0,K14="0"),K14,"NA"))) -> 1 | Q14: =IF(OR(L14=1,L14="1",L14=0,L14="0"),L14,IF(OR(M14=1,M14="1",M14=0,M14="0"),M14,IF(OR(N14=1,N14="1",N14=0,N14="0"),N14,"NA"))) -> 0
A15: 13 | B15: ADD | C15: tract_0012 | D15: D1_C2 | E15: 2.1617583 | F15: 41.412547 | G15: https://www.google.com/maps/@?api=1&map_action=pano&viewpoint=41.4125465819168,2.16175831110785 | H15: =HYPERLINK("https://www.google.com/maps/@?api=1&map_action=pano&viewpoint=41.4125465819168,2.16175831110785","Open GSV") -> Open GSV | I15: NA | J15: 1 | L15: 0 | O15: Tunnel 23; Peg moved 15 | P15: =IF(OR(I15=1,I15="1",I15=0,I15="0"),I15,IF(OR(J15=1,J15="1",J15=0,J15="0"),J15,IF(OR(K15=1,K15="1",K15=0,K15="0"),K15,"NA"))) -> 1 | Q15: =IF(OR(L15=1,L15="1",L15=0,L15="0"),L15,IF(OR(M15=1,M15="1",M15=0,M15="0"),M15,IF(OR(N15=1,N15="1",N15=0,N15="0"),N15,"NA"))) -> 0
A16: 14 | B16: ADD | C16: tract_0013 | D16: D1_C3 | E16: 2.2010092 | F16: 41.394719 | G16: https://www.google.com/maps/@?api=1&map_action=pano&viewpoint=41.394718915396,2.20100922656311 | H16: =HYPERLINK("https://www.google.com/maps/@?api=1&map_action=pano&viewpoint=41.394718915396,2.20100922656311","Open GSV") -> Open GSV | I16: 1 | L16: 0 | P16: =IF(OR(I16=1,I16="1",I16=0,I16="0"),I16,IF(OR(J16=1,J16="1",J16=0,J16="0"),J16,IF(OR(K16=1,K16="1",K16=0,K16="0"),K16,"NA"))) -> 1 | Q16: =IF(OR(L16=1,L16="1",L16=0,L16="0"),L16,IF(OR(M16=1,M16="1",M16=0,M16="0"),M16,IF(OR(N16=1,N16="1",N16=0,N16="0"),N16,"NA"))) -> 0
A17: 15 | B17: ADD | C17: tract_0013 | D17: D1_C3 | E17: 2.2007726 | F17: 41.394521 | G17: https://www.google.com/maps/@?api=1&map_action=pano&viewpoint=41.3945206907087,2.20077256303846 | H17: =HYPERLINK("https://www.google.com/maps/@?api=1&map_action=pano&viewpoint=41.3945206907087,2.20077256303846","Open GSV") -> Open GSV | I17: 1 | L17: 0 | O17: Peg moved 23 | P17: =IF(OR(I17=1,I17="1",I17=0,I17="0"),I17,IF(OR(J17=1,J17="1",J17=0,J17="0"),J17,IF(OR(K17=1,K17="1",K17=0,K17="0"),K17,"NA"))) -> 1 | Q17: =IF(OR(L17=1,L17="1",L17=0,L17="0"),L17,IF(OR(M17=1,M17="1",M17=0,M17="0"),M17,IF(OR(N17=1,N17="1",N17=0,N17="0"),N17,"NA"))) -> 0
A18: 16 | B18: ADD | C18: tract_0017 | D18: D1_C3 | E18: 2.1445897 | F18: 41.375551 | G18: https://www.google.com/maps/@?api=1&map_action=pano&viewpoint=41.3755507029483,2.14458970603696 | H18: =HYPERLINK("https://www.google.com/maps/@?api=1&map_action=pano&viewpoint=41.3755507029483,2.14458970603696","Open GSV") -> Open GSV | I18: 0 | L18: NA | M18: 0 | O18: Peg moved 23 and 14 | P18: =IF(OR(I18=1,I18="1",I18=0,I18="0"),I18,IF(OR(J18=1,J18="1",J18=0,J18="0"),J18,IF(OR(K18=1,K18="1",K18=0,K18="0"),K18,"NA"))) -> 0 | Q18: =IF(OR(L18=1,L18="1",L18=0,L18="0"),L18,IF(OR(M18=1,M18="1",M18=0,M18="0"),M18,IF(OR(N18=1,N18="1",N18=0,N18="0"),N18,"NA"))) -> 0
A19: 17 | B19: ADD | C19: tract_0017 | D19: D1_C3 | E19: 2.1455917 | F19: 41.376413 | G19: https://www.google.com/maps/@?api=1&map_action=pano&viewpoint=41.3764134914288,2.14559167922172 | H19: =HYPERLINK("https://www.google.com/maps/@?api=1&map_action=pano&viewpoint=41.3764134914288,2.14559167922172","Open GSV") -> Open GSV | I19: 1 | L19: 0 | P19: =IF(OR(I19=1,I19="1",I19=0,I19="0"),I19,IF(OR(J19=1,J19="1",J19=0,J19="0"),J19,IF(OR(K19=1,K19="1",K19=0,K19="0"),K19,"NA"))) -> 1 | Q19: =IF(OR(L19=1,L19="1",L19=0,L19="0"),L19,IF(OR(M19=1,M19="1",M19=0,M19="0"),M19,IF(OR(N19=1,N19="1",N19=0,N19="0"),N19,"NA"))) -> 0
A20: 18 | B20: ADD | C20: tract_0018 | D20: D1_C3 | E20: 2.1828475 | F20: 41.405575 | G20: https://www.google.com/maps/@?api=1&map_action=pano&viewpoint=41.4055753756871,2.18284748138898 | H20: =HYPERLINK("https://www.google.com/maps/@?api=1&map_action=pano&viewpoint=41.4055753756871,2.18284748138898","Open GSV") -> Open GSV | I20: 1 | L20: 0 | P20: =IF(OR(I20=1,I20="1",I20=0,I20="0"),I20,IF(OR(J20=1,J20="1",J20=0,J20="0"),J20,IF(OR(K20=1,K20="1",K20=0,K20="0"),K20,"NA"))) -> 1 | Q20: =IF(OR(L20=1,L20="1",L20=0,L20="0"),L20,IF(OR(M20=1,M20="1",M20=0,M20="0"),M20,IF(OR(N20=1,N20="1",N20=0,N20="0"),N20,"NA"))) -> 0
A21: 19 | B21: ADD | C21: tract_0018 | D21: D1_C3 | E21: 2.1828597 | F21: 41.403095 | G21: https://www.google.com/maps/@?api=1&map_action=pano&viewpoint=41.403094880684,2.18285971742863 | H21: =HYPERLINK("https://www.google.com/maps/@?api=1&map_action=pano&viewpoint=41.403094880684,2.18285971742863","Open GSV") -> Open GSV | I21: 1 | L21: 0 | P21: =IF(OR(I21=1,I21="1",I21=0,I21="0"),I21,IF(OR(J21=1,J21="1",J21=0,J21="0"),J21,IF(OR(K21=1,K21="1",K21=0,K21="0"),K21,"NA"))) -> 1 | Q21: =IF(OR(L21=1,L21="1",L21=0,L21="0"),L21,IF(OR(M21=1,M21="1",M21=0,M21="0"),M21,IF(OR(N21=1,N21="1",N21=0,N21="0"),N21,"NA"))) -> 0
A22: 20 | B22: ADD | C22: tract_0023 | D22: D2_C1 | E22: 2.1758556 | F22: 41.428756 | G22: https://www.google.com/maps/@?api=1&map_action=pano&viewpoint=41.4287555466715,2.17585558557915 | H22: =HYPERLINK("https://www.google.com/maps/@?api=1&map_action=pano&viewpoint=41.4287555466715,2.17585558557915","Open GSV") -> Open GSV | I22: 1 | L22: 1 | P22: =IF(OR(I22=1,I22="1",I22=0,I22="0"),I22,IF(OR(J22=1,J22="1",J22=0,J22="0"),J22,IF(OR(K22=1,K22="1",K22=0,K22="0"),K22,"NA"))) -> 1 | Q22: =IF(OR(L22=1,L22="1",L22=0,L22="0"),L22,IF(OR(M22=1,M22="1",M22=0,M22="0"),M22,IF(OR(N22=1,N22="1",N22=0,N22="0"),N22,"NA"))) -> 1
A23: 21 | B23: ADD | C23: tract_0024 | D23: D2_C1 | E23: 2.1908314 | F23: 41.440995 | G23: https://www.google.com/maps/@?api=1&map_action=pano&viewpoint=41.4409954760919,2.19083141351904 | H23: =HYPERLINK("https://www.google.com/maps/@?api=1&map_action=pano&viewpoint=41.4409954760919,2.19083141351904","Open GSV") -> Open GSV | I23: 1 | L23: 1 | O23: Just pain on pavement | P23: =IF(OR(I23=1,I23="1",I23=0,I23="0"),I23,IF(OR(J23=1,J23="1",J23=0,J23="0"),J23,IF(OR(K23=1,K23="1",K23=0,K23="0"),K23,"NA"))) -> 1 | Q23: =IF(OR(L23=1,L23="1",L23=0,L23="0"),L23,IF(OR(M23=1,M23="1",M23=0,M23="0"),M23,IF(OR(N23=1,N23="1",N23=0,N23="0"),N23,"NA"))) -> 1
A24: 22 | B24: ADD | C24: tract_0025 | D24: D2_C2 | E24: 2.1515561 | F24: 41.400312 | G24: https://www.google.com/maps/@?api=1&map_action=pano&viewpoint=41.4003124653889,2.15155610489397 | H24: =HYPERLINK("https://www.google.com/maps/@?api=1&map_action=pano&viewpoint=41.4003124653889,2.15155610489397","Open GSV") -> Open GSV | I24: 1 | L24: 0 | P24: =IF(OR(I24=1,I24="1",I24=0,I24="0"),I24,IF(OR(J24=1,J24="1",J24=0,J24="0"),J24,IF(OR(K24=1,K24="1",K24=0,K24="0"),K24,"NA"))) -> 1 | Q24: =IF(OR(L24=1,L24="1",L24=0,L24="0"),L24,IF(OR(M24=1,M24="1",M24=0,M24="0"),M24,IF(OR(N24=1,N24="1",N24=0,N24="0"),N24,"NA"))) -> 0
A25: 23 | B25: ADD | C25: tract_0025 | D25: D2_C2 | E25: 2.151252 | F25: 41.400538 | G25: https://www.google.com/maps/@?api=1&map_action=pano&viewpoint=41.400537545303,2.1512519597158 | H25: =HYPERLINK("https://www.google.com/maps/@?api=1&map_action=pano&viewpoint=41.400537545303,2.1512519597158","Open GSV") -> Open GSV | I25: 1 | L25: 0 | P25: =IF(OR(I25=1,I25="1",I25=0,I25="0"),I25,IF(OR(J25=1,J25="1",J25=0,J25="0"),J25,IF(OR(K25=1,K25="1",K25=0,K25="0"),K25,"NA"))) -> 1 | Q25: =IF(OR(L25=1,L25="1",L25=0,L25="0"),L25,IF(OR(M25=1,M25="1",M25=0,M25="0"),M25,IF(OR(N25=1,N25="1",N25=0,N25="0"),N25,"NA"))) -> 0
A26: 24 | B26: ADD | C26: tract_0028 | D26: D2_C2 | E26: 2.1868835 | F26: 41.413052 | G26: https://www.google.com/maps/@?api=1&map_action=pano&viewpoint=41.4130517909949,2.18688350279505 | H26: =HYPERLINK("https://www.google.com/maps/@?api=1&map_action=pano&viewpoint=41.4130517909949,2.18688350279505","Open GSV") -> Open GSV | I26: 1 | L26: 0 | O26: Change side to center | P26: =IF(OR(I26=1,I26="1",I26=0,I26="0"),I26,IF(OR(J26=1,J26="1",J26=0,J26="0"),J26,IF(OR(K26=1,K26="1",K26=0,K26="0"),K26,"NA"))) -> 1 | Q26: =IF(OR(L26=1,L26="1",L26=0,L26="0"),L26,IF(OR(M26=1,M26="1",M26=0,M26="0"),M26,IF(OR(N26=1,N26="1",N26=0,N26="0"),N26,"NA"))) -> 0
A27: 25 | B27: ADD | C27: tract_0028 | D27: D2_C2 | E27: 2.1863076 | F27: 41.414041 | G27: https://www.google.com/maps/@?api=1&map_action=pano&viewpoint=41.4140408624214,2.18630763816643 | H27: =HYPERLINK("https://www.google.com/maps/@?api=1&map_action=pano&viewpoint=41.4140408624214,2.18630763816643","Open GSV") -> Open GSV | I27: 1 | L27: 0 | O27: Peg moved 23 | P27: =IF(OR(I27=1,I27="1",I27=0,I27="0"),I27,IF(OR(J27=1,J27="1",J27=0,J27="0"),J27,IF(OR(K27=1,K27="1",K27=0,K27="0"),K27,"NA"))) -> 1 | Q27: =IF(OR(L27=1,L27="1",L27=0,L27="0"),L27,IF(OR(M27=1,M27="1",M27=0,M27="0"),M27,IF(OR(N27=1,N27="1",N27=0,N27="0"),N27,"NA"))) -> 0
A28: 26 | B28: ADD | C28: tract_0030 | D28: D2_C2 | E28: 2.136257 | F28: 41.385981 | G28: https://www.google.com/maps/@?api=1&map_action=pano&viewpoint=41.3859805190524,2.13625700853397 | H28: =HYPERLINK("https://www.google.com/maps/@?api=1&map_action=pano&viewpoint=41.3859805190524,2.13625700853397","Open GSV") -> Open GSV | I28: NA | J28: NA | K28: 1 | L28: 0 | P28: =IF(OR(I28=1,I28="1",I28=0,I28="0"),I28,IF(OR(J28=1,J28="1",J28=0,J28="0"),J28,IF(OR(K28=1,K28="1",K28=0,K28="0"),K28,"NA"))) -> 1 | Q28: =IF(OR(L28=1,L28="1",L28=0,L28="0"),L28,IF(OR(M28=1,M28="1",M28=0,M28="0"),M28,IF(OR(N28=1,N28="1",N28=0,N28="0"),N28,"NA"))) -> 0
A29: 27 | B29: ADD | C29: tract_0030 | D29: D2_C2 | E29: 2.1385415 | F29: 41.385461 | G29: https://www.google.com/maps/@?api=1&map_action=pano&viewpoint=41.385461059572,2.13854147438959 | H29: =HYPERLINK("https://www.google.com/maps/@?api=1&map_action=pano&viewpoint=41.385461059572,2.13854147438959","Open GSV") -> Open GSV | I29: 1 | L29: 0 | O29: Peg moved 23 | P29: =IF(OR(I29=1,I29="1",I29=0,I29="0"),I29,IF(OR(J29=1,J29="1",J29=0,J29="0"),J29,IF(OR(K29=1,K29="1",K29=0,K29="0"),K29,"NA"))) -> 1 | Q29: =IF(OR(L29=1,L29="1",L29=0,L29="0"),L29,IF(OR(M29=1,M29="1",M29=0,M29="0"),M29,IF(OR(N29=1,N29="1",N29=0,N29="0"),N29,"NA"))) -> 0
A30: 28 | B30: ADD | C30: tract_0031 | D30: D2_C3 | E30: 2.1864299 | F30: 41.391188 | G30: https://www.google.com/maps/@?api=1&map_action=pano&viewpoint=41.3911878676426,2.18642991571189 | H30: =HYPERLINK("https://www.google.com/maps/@?api=1&map_action=pano&viewpoint=41.3911878676426,2.18642991571189","Open GSV") -> Open GSV | I30: 1 | L30: 0 | O30: Peg moved both | P30: =IF(OR(I30=1,I30="1",I30=0,I30="0"),I30,IF(OR(J30=1,J30="1",J30=0,J30="0"),J30,IF(OR(K30=1,K30="1",K30=0,K30="0"),K30,"NA"))) -> 1 | Q30: =IF(OR(L30=1,L30="1",L30=0,L30="0"),L30,IF(OR(M30=1,M30="1",M30=0,M30="0"),M30,IF(OR(N30=1,N30="1",N30=0,N30="0"),N30,"NA"))) -> 0
A31: 29 | B31: ADD | C31: tract_0031 | D31: D2_C3 | E31: 2.185338 | F31: 41.390375 | G31: https://www.google.com/maps/@?api=1&map_action=pano&viewpoint=41.3903749358271,2.18533799661021 | H31: =HYPERLINK("https://www.google.com/maps/@?api=1&map_action=pano&viewpoint=41.3903749358271,2.18533799661021","Open GSV") -> Open GSV | I31: 1 | L31: 0 | O31: Peg moved both | P31: =IF(OR(I31=1,I31="1",I31=0,I31="0"),I31,IF(OR(J31=1,J31="1",J31=0,J31="0"),J31,IF(OR(K31=1,K31="1",K31=0,K31="0"),K31,"NA"))) -> 1 | Q31: =IF(OR(L31=1,L31="1",L31=0,L31="0"),L31,IF(OR(M31=1,M31="1",M31=0,M31="0"),M31,IF(OR(N31=1,N31="1",N31=0,N31="0"),N31,"NA"))) -> 0
A32: 30 | B32: ADD | C32: tract_0035 | D32: D2_C3 | E32: 2.1589756 | F32: 41.382643 | G32: https://www.google.com/maps/@?api=1&map_action=pano&viewpoint=41.3826431790481,2.15897555292766 | H32: =HYPERLINK("https://www.google.com/maps/@?api=1&map_action=pano&viewpoint=41.3826431790481,2.15897555292766","Open GSV") -> Open GSV | I32: 1 | L32: NA | M32: 0 | O32: Change pavement to road | P32: =IF(OR(I32=1,I32="1",I32=0,I32="0"),I32,IF(OR(J32=1,J32="1",J32=0,J32="0"),J32,IF(OR(K32=1,K32="1",K32=0,K32="0"),K32,"NA"))) -> 1 | Q32: =IF(OR(L32=1,L32="1",L32=0,L32="0"),L32,IF(OR(M32=1,M32="1",M32=0,M32="0"),M32,IF(OR(N32=1,N32="1",N32=0,N32="0"),N32,"NA"))) -> 0
A33: 31 | B33: ADD | C33: tract_0036 | D33: D2_C3 | E33: 2.1537502 | F33: 41.398133 | G33: https://www.google.com/maps/@?api=1&map_action=pano&viewpoint=41.3981332109611,2.1537501547691 | H33: =HYPERLINK("https://www.google.com/maps/@?api=1&map_action=pano&viewpoint=41.3981332109611,2.1537501547691","Open GSV") -> Open GSV | I33: 1 | L33: 0 | P33: =IF(OR(I33=1,I33="1",I33=0,I33="0"),I33,IF(OR(J33=1,J33="1",J33=0,J33="0"),J33,IF(OR(K33=1,K33="1",K33=0,K33="0"),K33,"NA"))) -> 1 | Q33: =IF(OR(L33=1,L33="1",L33=0,L33="0"),L33,IF(OR(M33=1,M33="1",M33=0,M33="0"),M33,IF(OR(N33=1,N33="1",N33=0,N33="0"),N33,"NA"))) -> 0
A34: 32 | B34: ADD | C34: tract_0041 | D34: D3_C1 | E34: 2.1240095 | F34: 41.375664 | G34: https://www.google.com/maps/@?api=1&map_action=pano&viewpoint=41.3756644128399,2.1240095291374 | H34: =HYPERLINK("https://www.google.com/maps/@?api=1&map_action=pano&viewpoint=41.3756644128399,2.1240095291374","Open GSV") -> Open GSV | I34: 1 | L34: 0 | P34: =IF(OR(I34=1,I34="1",I34=0,I34="0"),I34,IF(OR(J34=1,J34="1",J34=0,J34="0"),J34,IF(OR(K34=1,K34="1",K34=0,K34="0"),K34,"NA"))) -> 1 | Q34: =IF(OR(L34=1,L34="1",L34=0,L34="0"),L34,IF(OR(M34=1,M34="1",M34=0,M34="0"),M34,IF(OR(N34=1,N34="1",N34=0,N34="0"),N34,"NA"))) -> 0
A35: 33 | B35: ADD | C35: tract_0044 | D35: D3_C2 | E35: 2.1797608 | F35: 41.41188 | G35: https://www.google.com/maps/@?api=1&map_action=pano&viewpoint=41.4118804921771,2.17976081270431 | H35: =HYPERLINK("https://www.google.com/maps/@?api=1&map_action=pano&viewpoint=41.4118804921771,2.17976081270431","Open GSV") -> Open GSV | I35: 1 | L35: 0 | O35: Peg moved 23 | P35: =IF(OR(I35=1,I35="1",I35=0,I35="0"),I35,IF(OR(J35=1,J35="1",J35=0,J35="0"),J35,IF(OR(K35=1,K35="1",K35=0,K35="0"),K35,"NA"))) -> 1 | Q35: =IF(OR(L35=1,L35="1",L35=0,L35="0"),L35,IF(OR(M35=1,M35="1",M35=0,M35="0"),M35,IF(OR(N35=1,N35="1",N35=0,N35="0"),N35,"NA"))) -> 0
A36: 34 | B36: ADD | C36: tract_0044 | D36: D3_C2 | E36: 2.1808908 | F36: 41.412745 | G36: https://www.google.com/maps/@?api=1&map_action=pano&viewpoint=41.4127447371871,2.180890772398 | H36: =HYPERLINK("https://www.google.com/maps/@?api=1&map_action=pano&viewpoint=41.4127447371871,2.180890772398","Open GSV") -> Open GSV | I36: 1 | L36: 0 | O36: Peg moved 23; in contraction | P36: =IF(OR(I36=1,I36="1",I36=0,I36="0"),I36,IF(OR(J36=1,J36="1",J36=0,J36="0"),J36,IF(OR(K36=1,K36="1",K36=0,K36="0"),K36,"NA"))) -> 1 | Q36: =IF(OR(L36=1,L36="1",L36=0,L36="0"),L36,IF(OR(M36=1,M36="1",M36=0,M36="0"),M36,IF(OR(N36=1,N36="1",N36=0,N36="0"),N36,"NA"))) -> 0
A37: 35 | B37: ADD | C37: tract_0045 | D37: D3_C2 | E37: 2.1377443 | F37: 41.384533 | G37: https://www.google.com/maps/@?api=1&map_action=pano&viewpoint=41.3845333231462,2.13774430876668 | H37: =HYPERLINK("https://www.google.com/maps/@?api=1&map_action=pano&viewpoint=41.3845333231462,2.13774430876668","Open GSV") -> Open GSV | I37: NA | J37: NA | K37: 1 | L37: 0 | P37: =IF(OR(I37=1,I37="1",I37=0,I37="0"),I37,IF(OR(J37=1,J37="1",J37=0,J37="0"),J37,IF(OR(K37=1,K37="1",K37=0,K37="0"),K37,"NA"))) -> 1 | Q37: =IF(OR(L37=1,L37="1",L37=0,L37="0"),L37,IF(OR(M37=1,M37="1",M37=0,M37="0"),M37,IF(OR(N37=1,N37="1",N37=0,N37="0"),N37,"NA"))) -> 0
A38: 36 | B38: ADD | C38: tract_0045 | D38: D3_C2 | E38: 2.1366348 | F38: 41.384859 | G38: https://www.google.com/maps/@?api=1&map_action=pano&viewpoint=41.3848586898783,2.13663483715158 | H38: =HYPERLINK("https://www.google.com/maps/@?api=1&map_action=pano&viewpoint=41.3848586898783,2.13663483715158","Open GSV") -> Open GSV | I38: NA | J38: NA | K38: 1 | L38: 0 | P38: =IF(OR(I38=1,I38="1",I38=0,I38="0"),I38,IF(OR(J38=1,J38="1",J38=0,J38="0"),J38,IF(OR(K38=1,K38="1",K38=0,K38="0"),K38,"NA"))) -> 1 | Q38: =IF(OR(L38=1,L38="1",L38=0,L38="0"),L38,IF(OR(M38=1,M38="1",M38=0,M38="0"),M38,IF(OR(N38=1,N38="1",N38=0,N38="0"),N38,"NA"))) -> 0
A39: 37 | B39: ADD | C39: tract_0046 | D39: D3_C2 | E39: 2.1905776 | F39: 41.416619 | G39: https://www.google.com/maps/@?api=1&map_action=pano&viewpoint=41.4166187121365,2.1905776282886 | H39: =HYPERLINK("https://www.google.com/maps/@?api=1&map_action=pano&viewpoint=41.4166187121365,2.1905776282886","Open GSV") -> Open GSV | I39: 1 | L39: 0 | P39: =IF(OR(I39=1,I39="1",I39=0,I39="0"),I39,IF(OR(J39=1,J39="1",J39=0,J39="0"),J39,IF(OR(K39=1,K39="1",K39=0,K39="0"),K39,"NA"))) -> 1 | Q39: =IF(OR(L39=1,L39="1",L39=0,L39="0"),L39,IF(OR(M39=1,M39="1",M39=0,M39="0"),M39,IF(OR(N39=1,N39="1",N39=0,N39="0"),N39,"NA"))) -> 0
A40: 38 | B40: ADD | C40: tract_0047 | D40: D3_C2 | E40: 2.1392576 | F40: 41.360011 | G40: https://www.google.com/maps/@?api=1&map_action=pano&viewpoint=41.3600114226599,2.1392576352892 | H40: =HYPERLINK("https://www.google.com/maps/@?api=1&map_action=pano&viewpoint=41.3600114226599,2.1392576352892","Open GSV") -> Open GSV | I40: NA | J40: 1 | L40: 0 | P40: =IF(OR(I40=1,I40="1",I40=0,I40="0"),I40,IF(OR(J40=1,J40="1",J40=0,J40="0"),J40,IF(OR(K40=1,K40="1",K40=0,K40="0"),K40,"NA"))) -> 1 | Q40: =IF(OR(L40=1,L40="1",L40=0,L40="0"),L40,IF(OR(M40=1,M40="1",M40=0,M40="0"),M40,IF(OR(N40=1,N40="1",N40=0,N40="0"),N40,"NA"))) -> 0
A41: 39 | B41: ADD | C41: tract_0049 | D41: D3_C3 | E41: 2.1498848 | F41: 41.38264 | G41: https://www.google.com/maps/@?api=1&map_action=pano&viewpoint=41.3826401063928,2.14988483545965 | H41: =HYPERLINK("https://www.google.com/maps/@?api=1&map_action=pano&viewpoint=41.3826401063928,2.14988483545965","Open GSV") -> Open GSV | I41: 1 | L41: 0 | P41: =IF(OR(I41=1,I41="1",I41=0,I41="0"),I41,IF(OR(J41=1,J41="1",J41=0,J41="0"),J41,IF(OR(K41=1,K41="1",K41=0,K41="0"),K41,"NA"))) -> 1 | Q41: =IF(OR(L41=1,L41="1",L41=0,L41="0"),L41,IF(OR(M41=1,M41="1",M41=0,M41="0"),M41,IF(OR(N41=1,N41="1",N41=0,N41="0"),N41,"NA"))) -> 0
A42: 40 | B42: ADD | C42: tract_0050 | D42: D3_C3 | E42: 2.1510866 | F42: 41.381728 | G42: https://www.google.com/maps/@?api=1&map_action=pano&viewpoint=41.3817275823742,2.15108663385945 | H42: =HYPERLINK("https://www.google.com/maps/@?api=1&map_action=pano&viewpoint=41.3817275823742,2.15108663385945","Open GSV") -> Open GSV | I42: 1 | L42: 0 | O42: Peg moved both | P42: =IF(OR(I42=1,I42="1",I42=0,I42="0"),I42,IF(OR(J42=1,J42="1",J42=0,J42="0"),J42,IF(OR(K42=1,K42="1",K42=0,K42="0"),K42,"NA"))) -> 1 | Q42: =IF(OR(L42=1,L42="1",L42=0,L42="0"),L42,IF(OR(M42=1,M42="1",M42=0,M42="0"),M42,IF(OR(N42=1,N42="1",N42=0,N42="0"),N42,"NA"))) -> 0
A43: 41 | B43: ADD | C43: tract_0051 | D43: D3_C3 | E43: 2.1536217 | F43: 41.378197 | G43: https://www.google.com/maps/@?api=1&map_action=pano&viewpoint=41.3781971000936,2.15362165090984 | H43: =HYPERLINK("https://www.google.com/maps/@?api=1&map_action=pano&viewpoint=41.3781971000936,2.15362165090984","Open GSV") -> Open GSV | I43: 1 | L43: 0 | P43: =IF(OR(I43=1,I43="1",I43=0,I43="0"),I43,IF(OR(J43=1,J43="1",J43=0,J43="0"),J43,IF(OR(K43=1,K43="1",K43=0,K43="0"),K43,"NA"))) -> 1 | Q43: =IF(OR(L43=1,L43="1",L43=0,L43="0"),L43,IF(OR(M43=1,M43="1",M43=0,M43="0"),M43,IF(OR(N43=1,N43="1",N43=0,N43="0"),N43,"NA"))) -> 0
A44: 42 | B44: ADD | C44: tract_0052 | D44: D3_C3 | E44: 2.147639 | F44: 41.382613 | G44: https://www.google.com/maps/@?api=1&map_action=pano&viewpoint=41.3826129597012,2.14763895462665 | H44: =HYPERLINK("https://www.google.com/maps/@?api=1&map_action=pano&viewpoint=41.3826129597012,2.14763895462665","Open GSV") -> Open GSV | I44: 0 | L44: 0 | P44: =IF(OR(I44=1,I44="1",I44=0,I44="0"),I44,IF(OR(J44=1,J44="1",J44=0,J44="0"),J44,IF(OR(K44=1,K44="1",K44=0,K44="0"),K44,"NA"))) -> 0 | Q44: =IF(OR(L44=1,L44="1",L44=0,L44="0"),L44,IF(OR(M44=1,M44="1",M44=0,M44="0"),M44,IF(OR(N44=1,N44="1",N44=0,N44="0"),N44,"NA"))) -> 0
A45: 43 | B45: ADD | C45: tract_0052 | D45: D3_C3 | E45: 2.1482078 | F45: 41.383042 | G45: https://www.google.com/maps/@?api=1&map_action=pano&viewpoint=41.3830424246768,2.14820775338395 | H45: =HYPERLINK("https://www.google.com/maps/@?api=1&map_action=pano&viewpoint=41.3830424246768,2.14820775338395","Open GSV") -> Open GSV | I45: 0 | L45: 0 | P45: =IF(OR(I45=1,I45="1",I45=0,I45="0"),I45,IF(OR(J45=1,J45="1",J45=0,J45="0"),J45,IF(OR(K45=1,K45="1",K45=0,K45="0"),K45,"NA"))) -> 0 | Q45: =IF(OR(L45=1,L45="1",L45=0,L45="0"),L45,IF(OR(M45=1,M45="1",M45=0,M45="0"),M45,IF(OR(N45=1,N45="1",N45=0,N45="0"),N45,"NA"))) -> 0

Sheet ADD_vgp
I1: 2023 | L1: 2015
A2: id | B2: class | C2: tract_id | D2: stratum | E2: lon | F2: lat | G2: gsv_link | H2: GSV | I2: present_2023 | J2: present_2024 | K2: present_2022 | L2: present_2015 | M2: present_2014 | N2: present_2016 | O2: notes | P2: present_followup | Q2: present_baseline
A3: 1 | B3: ADD | C3: tract_0003 | D3: D1_C1 | E3: 2.1803101 | F3: 41.458146 | G3: https://www.google.com/maps/@?api=1&map_action=pano&viewpoint=41.4581456267453,2.18031012416 | H3: =HYPERLINK("https://www.google.com/maps/@?api=1&map_action=pano&viewpoint=41.4581456267453,2.18031012416","Open GSV") -> Open GSV | I3: 1 | L3: 1 | O3: peg moved both | P3: =IF(OR(I3=1,I3="1",I3=0,I3="0"),I3,IF(OR(J3=1,J3="1",J3=0,J3="0"),J3,IF(OR(K3=1,K3="1",K3=0,K3="0"),K3,"NA"))) -> 1 | Q3: =IF(OR(L3=1,L3="1",L3=0,L3="0"),L3,IF(OR(M3=1,M3="1",M3=0,M3="0"),M3,IF(OR(N3=1,N3="1",N3=0,N3="0"),N3,"NA"))) -> 1
A4: 2 | B4: ADD | C4: tract_0003 | D4: D1_C1 | E4: 2.1806602 | F4: 41.458483 | G4: https://www.google.com/maps/@?api=1&map_action=pano&viewpoint=41.4584832431716,2.18066020262167 | H4: =HYPERLINK("https://www.google.com/maps/@?api=1&map_action=pano&viewpoint=41.4584832431716,2.18066020262167","Open GSV") -> Open GSV | I4: 1 | L4: 1 | P4: =IF(OR(I4=1,I4="1",I4=0,I4="0"),I4,IF(OR(J4=1,J4="1",J4=0,J4="0"),J4,IF(OR(K4=1,K4="1",K4=0,K4="0"),K4,"NA"))) -> 1 | Q4: =IF(OR(L4=1,L4="1",L4=0,L4="0"),L4,IF(OR(M4=1,M4="1",M4=0,M4="0"),M4,IF(OR(N4=1,N4="1",N4=0,N4="0"),N4,"NA"))) -> 1
A5: 3 | B5: ADD | C5: tract_0004 | D5: D1_C1 | E5: 2.1408527 | F5: 41.413422 | G5: https://www.google.com/maps/@?api=1&map_action=pano&viewpoint=41.4134215995416,2.14085269668676 | H5: =HYPERLINK("https://www.google.com/maps/@?api=1&map_action=pano&viewpoint=41.4134215995416,2.14085269668676","Open GSV") -> Open GSV | I5: NA | J5: 1 | L5: 0 | O5: peg moved within 2024 | P5: =IF(OR(I5=1,I5="1",I5=0,I5="0"),I5,IF(OR(J5=1,J5="1",J5=0,J5="0"),J5,IF(OR(K5=1,K5="1",K5=0,K5="0"),K5,"NA"))) -> 1 | Q5: =IF(OR(L5=1,L5="1",L5=0,L5="0"),L5,IF(OR(M5=1,M5="1",M5=0,M5="0"),M5,IF(OR(N5=1,N5="1",N5=0,N5="0"),N5,"NA"))) -> 0
A6: 4 | B6: ADD | C6: tract_0006 | D6: D1_C1 | E6: 2.2011317 | F6: 41.426283 | G6: https://www.google.com/maps/@?api=1&map_action=pano&viewpoint=41.4262832087554,2.20113165987653 | H6: =HYPERLINK("https://www.google.com/maps/@?api=1&map_action=pano&viewpoint=41.4262832087554,2.20113165987653","Open GSV") -> Open GSV | I6: 1 | L6: 0 | P6: =IF(OR(I6=1,I6="1",I6=0,I6="0"),I6,IF(OR(J6=1,J6="1",J6=0,J6="0"),J6,IF(OR(K6=1,K6="1",K6=0,K6="0"),K6,"NA"))) -> 1 | Q6: =IF(OR(L6=1,L6="1",L6=0,L6="0"),L6,IF(OR(M6=1,M6="1",M6=0,M6="0"),M6,IF(OR(N6=1,N6="1",N6=0,N6="0"),N6,"NA"))) -> 0
A7: 5 | B7: ADD | C7: tract_0006 | D7: D1_C1 | E7: 2.2001191 | F7: 41.426033 | G7: https://www.google.com/maps/@?api=1&map_action=pano&viewpoint=41.4260327049088,2.2001190522901 | H7: =HYPERLINK("https://www.google.com/maps/@?api=1&map_action=pano&viewpoint=41.4260327049088,2.2001190522901","Open GSV") -> Open GSV | I7: 1 | L7: 0 | P7: =IF(OR(I7=1,I7="1",I7=0,I7="0"),I7,IF(OR(J7=1,J7="1",J7=0,J7="0"),J7,IF(OR(K7=1,K7="1",K7=0,K7="0"),K7,"NA"))) -> 1 | Q7: =IF(OR(L7=1,L7="1",L7=0,L7="0"),L7,IF(OR(M7=1,M7="1",M7=0,M7="0"),M7,IF(OR(N7=1,N7="1",N7=0,N7="0"),N7,"NA"))) -> 0
A8: 6 | B8: ADD | C8: tract_0007 | D8: D1_C2 | E8: 2.1340276 | F8: 41.388185 | G8: https://www.google.com/maps/@?api=1&map_action=pano&viewpoint=41.3881854073843,2.13402755812854 | H8: =HYPERLINK("https://www.google.com/maps/@?api=1&map_action=pano&viewpoint=41.3881854073843,2.13402755812854","Open GSV") -> Open GSV | I8: 1 | L8: 0 | O8: peg moved 2023 | P8: =IF(OR(I8=1,I8="1",I8=0,I8="0"),I8,IF(OR(J8=1,J8="1",J8=0,J8="0"),J8,IF(OR(K8=1,K8="1",K8=0,K8="0"),K8,"NA"))) -> 1 | Q8: =IF(OR(L8=1,L8="1",L8=0,L8="0"),L8,IF(OR(M8=1,M8="1",M8=0,M8="0"),M8,IF(OR(N8=1,N8="1",N8=0,N8="0"),N8,"NA"))) -> 0
A9: 7 | B9: ADD | C9: tract_0009 | D9: D1_C2 | E9: 2.1988167 | F9: 41.416812 | G9: https://www.google.com/maps/@?api=1&map_action=pano&viewpoint=41.4168121764961,2.19881673887713 | H9: =HYPERLINK("https://www.google.com/maps/@?api=1&map_action=pano&viewpoint=41.4168121764961,2.19881673887713","Open GSV") -> Open GSV | I9: 1 | L9: NA | M9: 0 | P9: =IF(OR(I9=1,I9="1",I9=0,I9="0"),I9,IF(OR(J9=1,J9="1",J9=0,J9="0"),J9,IF(OR(K9=1,K9="1",K9=0,K9="0"),K9,"NA"))) -> 1 | Q9: =IF(OR(L9=1,L9="1",L9=0,L9="0"),L9,IF(OR(M9=1,M9="1",M9=0,M9="0"),M9,IF(OR(N9=1,N9="1",N9=0,N9="0"),N9,"NA"))) -> 0
A10: 8 | B10: ADD | C10: tract_0010 | D10: D1_C2 | E10: 2.172051 | F10: 41.414976 | G10: https://www.google.com/maps/@?api=1&map_action=pano&viewpoint=41.414975730964,2.17205102853822 | H10: =HYPERLINK("https://www.google.com/maps/@?api=1&map_action=pano&viewpoint=41.414975730964,2.17205102853822","Open GSV") -> Open GSV | I10: 1 | L10: 1 | P10: =IF(OR(I10=1,I10="1",I10=0,I10="0"),I10,IF(OR(J10=1,J10="1",J10=0,J10="0"),J10,IF(OR(K10=1,K10="1",K10=0,K10="0"),K10,"NA"))) -> 1 | Q10: =IF(OR(L10=1,L10="1",L10=0,L10="0"),L10,IF(OR(M10=1,M10="1",M10=0,M10="0"),M10,IF(OR(N10=1,N10="1",N10=0,N10="0"),N10,"NA"))) -> 1
A11: 9 | B11: ADD | C11: tract_0010 | D11: D1_C2 | E11: 2.1746102 | F11: 41.416865 | G11: https://www.google.com/maps/@?api=1&map_action=pano&viewpoint=41.4168653577514,2.17461017557639 | H11: =HYPERLINK("https://www.google.com/maps/@?api=1&map_action=pano&viewpoint=41.4168653577514,2.17461017557639","Open GSV") -> Open GSV | I11: 1 | L11: 0 | P11: =IF(OR(I11=1,I11="1",I11=0,I11="0"),I11,IF(OR(J11=1,J11="1",J11=0,J11="0"),J11,IF(OR(K11=1,K11="1",K11=0,K11="0"),K11,"NA"))) -> 1 | Q11: =IF(OR(L11=1,L11="1",L11=0,L11="0"),L11,IF(OR(M11=1,M11="1",M11=0,M11="0"),M11,IF(OR(N11=1,N11="1",N11=0,N11="0"),N11,"NA"))) -> 0
A12: 10 | B12: ADD | C12: tract_0011 | D12: D1_C2 | E12: 2.2079426 | F12: 41.420245 | G12: https://www.google.com/maps/@?api=1&map_action=pano&viewpoint=41.4202454258576,2.20794256929774 | H12: =HYPERLINK("https://www.google.com/maps/@?api=1&map_action=pano&viewpoint=41.4202454258576,2.20794256929774","Open GSV") -> Open GSV | I12: 1 | L12: 1 | O12: peg moved both | P12: =IF(OR(I12=1,I12="1",I12=0,I12="0"),I12,IF(OR(J12=1,J12="1",J12=0,J12="0"),J12,IF(OR(K12=1,K12="1",K12=0,K12="0"),K12,"NA"))) -> 1 | Q12: =IF(OR(L12=1,L12="1",L12=0,L12="0"),L12,IF(OR(M12=1,M12="1",M12=0,M12="0"),M12,IF(OR(N12=1,N12="1",N12=0,N12="0"),N12,"NA"))) -> 1
A13: 11 | B13: ADD | C13: tract_0011 | D13: D1_C2 | E13: 2.2075546 | F13: 41.420448 | G13: https://www.google.com/maps/@?api=1&map_action=pano&viewpoint=41.4204481302083,2.2075546110796 | H13: =HYPERLINK("https://www.google.com/maps/@?api=1&map_action=pano&viewpoint=41.4204481302083,2.2075546110796","Open GSV") -> Open GSV | I13: 1 | L13: 1 | O13: peg moved 2023 | P13: =IF(OR(I13=1,I13="1",I13=0,I13="0"),I13,IF(OR(J13=1,J13="1",J13=0,J13="0"),J13,IF(OR(K13=1,K13="1",K13=0,K13="0"),K13,"NA"))) -> 1 | Q13: =IF(OR(L13=1,L13="1",L13=0,L13="0"),L13,IF(OR(M13=1,M13="1",M13=0,M13="0"),M13,IF(OR(N13=1,N13="1",N13=0,N13="0"),N13,"NA"))) -> 1
A14: 12 | B14: ADD | C14: tract_0012 | D14: D1_C2 | E14: 2.1609809 | F14: 41.412109 | G14: https://www.google.com/maps/@?api=1&map_action=pano&viewpoint=41.4121092794043,2.16098092184219 | H14: =HYPERLINK("https://www.google.com/maps/@?api=1&map_action=pano&viewpoint=41.4121092794043,2.16098092184219","Open GSV") -> Open GSV | I14: 1 | L14: 0 | P14: =IF(OR(I14=1,I14="1",I14=0,I14="0"),I14,IF(OR(J14=1,J14="1",J14=0,J14="0"),J14,IF(OR(K14=1,K14="1",K14=0,K14="0"),K14,"NA"))) -> 1 | Q14: =IF(OR(L14=1,L14="1",L14=0,L14="0"),L14,IF(OR(M14=1,M14="1",M14=0,M14="0"),M14,IF(OR(N14=1,N14="1",N14=0,N14="0"),N14,"NA"))) -> 0
A15: 13 | B15: ADD | C15: tract_0012 | D15: D1_C2 | E15: 2.1617583 | F15: 41.412547 | G15: https://www.google.com/maps/@?api=1&map_action=pano&viewpoint=41.4125465819168,2.16175831110785 | H15: =HYPERLINK("https://www.google.com/maps/@?api=1&map_action=pano&viewpoint=41.4125465819168,2.16175831110785","Open GSV") -> Open GSV | I15: 0 | L15: 0 | O15: peg moved both (underground highway tunnel) | P15: =IF(OR(I15=1,I15="1",I15=0,I15="0"),I15,IF(OR(J15=1,J15="1",J15=0,J15="0"),J15,IF(OR(K15=1,K15="1",K15=0,K15="0"),K15,"NA"))) -> 0 | Q15: =IF(OR(L15=1,L15="1",L15=0,L15="0"),L15,IF(OR(M15=1,M15="1",M15=0,M15="0"),M15,IF(OR(N15=1,N15="1",N15=0,N15="0"),N15,"NA"))) -> 0
A16: 14 | B16: ADD | C16: tract_0013 | D16: D1_C3 | E16: 2.2010092 | F16: 41.394719 | G16: https://www.google.com/maps/@?api=1&map_action=pano&viewpoint=41.394718915396,2.20100922656311 | H16: =HYPERLINK("https://www.google.com/maps/@?api=1&map_action=pano&viewpoint=41.394718915396,2.20100922656311","Open GSV") -> Open GSV | I16: 1 | L16: 0 | P16: =IF(OR(I16=1,I16="1",I16=0,I16="0"),I16,IF(OR(J16=1,J16="1",J16=0,J16="0"),J16,IF(OR(K16=1,K16="1",K16=0,K16="0"),K16,"NA"))) -> 1 | Q16: =IF(OR(L16=1,L16="1",L16=0,L16="0"),L16,IF(OR(M16=1,M16="1",M16=0,M16="0"),M16,IF(OR(N16=1,N16="1",N16=0,N16="0"),N16,"NA"))) -> 0
A17: 15 | B17: ADD | C17: tract_0013 | D17: D1_C3 | E17: 2.2007726 | F17: 41.394521 | G17: https://www.google.com/maps/@?api=1&map_action=pano&viewpoint=41.3945206907087,2.20077256303846 | H17: =HYPERLINK("https://www.google.com/maps/@?api=1&map_action=pano&viewpoint=41.3945206907087,2.20077256303846","Open GSV") -> Open GSV | I17: 1 | L17: 0 | O17: peg moved 2023 | P17: =IF(OR(I17=1,I17="1",I17=0,I17="0"),I17,IF(OR(J17=1,J17="1",J17=0,J17="0"),J17,IF(OR(K17=1,K17="1",K17=0,K17="0"),K17,"NA"))) -> 1 | Q17: =IF(OR(L17=1,L17="1",L17=0,L17="0"),L17,IF(OR(M17=1,M17="1",M17=0,M17="0"),M17,IF(OR(N17=1,N17="1",N17=0,N17="0"),N17,"NA"))) -> 0
A18: 16 | B18: ADD | C18: tract_0017 | D18: D1_C3 | E18: 2.1445897 | F18: 41.375551 | G18: https://www.google.com/maps/@?api=1&map_action=pano&viewpoint=41.3755507029483,2.14458970603696 | H18: =HYPERLINK("https://www.google.com/maps/@?api=1&map_action=pano&viewpoint=41.3755507029483,2.14458970603696","Open GSV") -> Open GSV | I18: 0 | L18: 0 | O18: peg moved both | P18: =IF(OR(I18=1,I18="1",I18=0,I18="0"),I18,IF(OR(J18=1,J18="1",J18=0,J18="0"),J18,IF(OR(K18=1,K18="1",K18=0,K18="0"),K18,"NA"))) -> 0 | Q18: =IF(OR(L18=1,L18="1",L18=0,L18="0"),L18,IF(OR(M18=1,M18="1",M18=0,M18="0"),M18,IF(OR(N18=1,N18="1",N18=0,N18="0"),N18,"NA"))) -> 0
A19: 17 | B19: ADD | C19: tract_0017 | D19: D1_C3 | E19: 2.1455917 | F19: 41.376413 | G19: https://www.google.com/maps/@?api=1&map_action=pano&viewpoint=41.3764134914288,2.14559167922172 | H19: =HYPERLINK("https://www.google.com/maps/@?api=1&map_action=pano&viewpoint=41.3764134914288,2.14559167922172","Open GSV") -> Open GSV | I19: 1 | L19: 0 | P19: =IF(OR(I19=1,I19="1",I19=0,I19="0"),I19,IF(OR(J19=1,J19="1",J19=0,J19="0"),J19,IF(OR(K19=1,K19="1",K19=0,K19="0"),K19,"NA"))) -> 1 | Q19: =IF(OR(L19=1,L19="1",L19=0,L19="0"),L19,IF(OR(M19=1,M19="1",M19=0,M19="0"),M19,IF(OR(N19=1,N19="1",N19=0,N19="0"),N19,"NA"))) -> 0
A20: 18 | B20: ADD | C20: tract_0018 | D20: D1_C3 | E20: 2.1828475 | F20: 41.405575 | G20: https://www.google.com/maps/@?api=1&map_action=pano&viewpoint=41.4055753756871,2.18284748138898 | H20: =HYPERLINK("https://www.google.com/maps/@?api=1&map_action=pano&viewpoint=41.4055753756871,2.18284748138898","Open GSV") -> Open GSV | I20: 1 | L20: 0 | P20: =IF(OR(I20=1,I20="1",I20=0,I20="0"),I20,IF(OR(J20=1,J20="1",J20=0,J20="0"),J20,IF(OR(K20=1,K20="1",K20=0,K20="0"),K20,"NA"))) -> 1 | Q20: =IF(OR(L20=1,L20="1",L20=0,L20="0"),L20,IF(OR(M20=1,M20="1",M20=0,M20="0"),M20,IF(OR(N20=1,N20="1",N20=0,N20="0"),N20,"NA"))) -> 0
A21: 19 | B21: ADD | C21: tract_0018 | D21: D1_C3 | E21: 2.1828597 | F21: 41.403095 | G21: https://www.google.com/maps/@?api=1&map_action=pano&viewpoint=41.403094880684,2.18285971742863 | H21: =HYPERLINK("https://www.google.com/maps/@?api=1&map_action=pano&viewpoint=41.403094880684,2.18285971742863","Open GSV") -> Open GSV | I21: 1 | L21: 0 | P21: =IF(OR(I21=1,I21="1",I21=0,I21="0"),I21,IF(OR(J21=1,J21="1",J21=0,J21="0"),J21,IF(OR(K21=1,K21="1",K21=0,K21="0"),K21,"NA"))) -> 1 | Q21: =IF(OR(L21=1,L21="1",L21=0,L21="0"),L21,IF(OR(M21=1,M21="1",M21=0,M21="0"),M21,IF(OR(N21=1,N21="1",N21=0,N21="0"),N21,"NA"))) -> 0
A22: 20 | B22: ADD | C22: tract_0023 | D22: D2_C1 | E22: 2.1758556 | F22: 41.428756 | G22: https://www.google.com/maps/@?api=1&map_action=pano&viewpoint=41.4287555466715,2.17585558557915 | H22: =HYPERLINK("https://www.google.com/maps/@?api=1&map_action=pano&viewpoint=41.4287555466715,2.17585558557915","Open GSV") -> Open GSV | I22: 1 | L22: 1 | O22: Paint in distance + paint 2015 suggest paint 2023 was worn off (still bike lane) | P22: =IF(OR(I22=1,I22="1",I22=0,I22="0"),I22,IF(OR(J22=1,J22="1",J22=0,J22="0"),J22,IF(OR(K22=1,K22="1",K22=0,K22="0"),K22,"NA"))) -> 1 | Q22: =IF(OR(L22=1,L22="1",L22=0,L22="0"),L22,IF(OR(M22=1,M22="1",M22=0,M22="0"),M22,IF(OR(N22=1,N22="1",N22=0,N22="0"),N22,"NA"))) -> 1
A23: 21 | B23: ADD | C23: tract_0024 | D23: D2_C1 | E23: 2.1908314 | F23: 41.440995 | G23: https://www.google.com/maps/@?api=1&map_action=pano&viewpoint=41.4409954760919,2.19083141351904 | H23: =HYPERLINK("https://www.google.com/maps/@?api=1&map_action=pano&viewpoint=41.4409954760919,2.19083141351904","Open GSV") -> Open GSV | I23: 1 | L23: 1 | P23: =IF(OR(I23=1,I23="1",I23=0,I23="0"),I23,IF(OR(J23=1,J23="1",J23=0,J23="0"),J23,IF(OR(K23=1,K23="1",K23=0,K23="0"),K23,"NA"))) -> 1 | Q23: =IF(OR(L23=1,L23="1",L23=0,L23="0"),L23,IF(OR(M23=1,M23="1",M23=0,M23="0"),M23,IF(OR(N23=1,N23="1",N23=0,N23="0"),N23,"NA"))) -> 1
A24: 22 | B24: ADD | C24: tract_0025 | D24: D2_C2 | E24: 2.1515561 | F24: 41.400312 | G24: https://www.google.com/maps/@?api=1&map_action=pano&viewpoint=41.4003124653889,2.15155610489397 | H24: =HYPERLINK("https://www.google.com/maps/@?api=1&map_action=pano&viewpoint=41.4003124653889,2.15155610489397","Open GSV") -> Open GSV | I24: 1 | L24: 0 | P24: =IF(OR(I24=1,I24="1",I24=0,I24="0"),I24,IF(OR(J24=1,J24="1",J24=0,J24="0"),J24,IF(OR(K24=1,K24="1",K24=0,K24="0"),K24,"NA"))) -> 1 | Q24: =IF(OR(L24=1,L24="1",L24=0,L24="0"),L24,IF(OR(M24=1,M24="1",M24=0,M24="0"),M24,IF(OR(N24=1,N24="1",N24=0,N24="0"),N24,"NA"))) -> 0
A25: 23 | B25: ADD | C25: tract_0025 | D25: D2_C2 | E25: 2.151252 | F25: 41.400538 | G25: https://www.google.com/maps/@?api=1&map_action=pano&viewpoint=41.400537545303,2.1512519597158 | H25: =HYPERLINK("https://www.google.com/maps/@?api=1&map_action=pano&viewpoint=41.400537545303,2.1512519597158","Open GSV") -> Open GSV | I25: 1 | L25: 0 | O25: peg moved 2015 | P25: =IF(OR(I25=1,I25="1",I25=0,I25="0"),I25,IF(OR(J25=1,J25="1",J25=0,J25="0"),J25,IF(OR(K25=1,K25="1",K25=0,K25="0"),K25,"NA"))) -> 1 | Q25: =IF(OR(L25=1,L25="1",L25=0,L25="0"),L25,IF(OR(M25=1,M25="1",M25=0,M25="0"),M25,IF(OR(N25=1,N25="1",N25=0,N25="0"),N25,"NA"))) -> 0
A26: 24 | B26: ADD | C26: tract_0028 | D26: D2_C2 | E26: 2.1868835 | F26: 41.413052 | G26: https://www.google.com/maps/@?api=1&map_action=pano&viewpoint=41.4130517909949,2.18688350279505 | H26: =HYPERLINK("https://www.google.com/maps/@?api=1&map_action=pano&viewpoint=41.4130517909949,2.18688350279505","Open GSV") -> Open GSV | I26: 1 | L26: 1 | O26: bike lane moved from sidewalk to road | P26: =IF(OR(I26=1,I26="1",I26=0,I26="0"),I26,IF(OR(J26=1,J26="1",J26=0,J26="0"),J26,IF(OR(K26=1,K26="1",K26=0,K26="0"),K26,"NA"))) -> 1 | Q26: =IF(OR(L26=1,L26="1",L26=0,L26="0"),L26,IF(OR(M26=1,M26="1",M26=0,M26="0"),M26,IF(OR(N26=1,N26="1",N26=0,N26="0"),N26,"NA"))) -> 1
A27: 25 | B27: ADD | C27: tract_0028 | D27: D2_C2 | E27: 2.1863076 | F27: 41.414041 | G27: https://www.google.com/maps/@?api=1&map_action=pano&viewpoint=41.4140408624214,2.18630763816643 | H27: =HYPERLINK("https://www.google.com/maps/@?api=1&map_action=pano&viewpoint=41.4140408624214,2.18630763816643","Open GSV") -> Open GSV | I27: 1 | L27: 0 | O27: peg moved 2023 | P27: =IF(OR(I27=1,I27="1",I27=0,I27="0"),I27,IF(OR(J27=1,J27="1",J27=0,J27="0"),J27,IF(OR(K27=1,K27="1",K27=0,K27="0"),K27,"NA"))) -> 1 | Q27: =IF(OR(L27=1,L27="1",L27=0,L27="0"),L27,IF(OR(M27=1,M27="1",M27=0,M27="0"),M27,IF(OR(N27=1,N27="1",N27=0,N27="0"),N27,"NA"))) -> 0
A28: 26 | B28: ADD | C28: tract_0030 | D28: D2_C2 | E28: 2.136257 | F28: 41.385981 | G28: https://www.google.com/maps/@?api=1&map_action=pano&viewpoint=41.3859805190524,2.13625700853397 | H28: =HYPERLINK("https://www.google.com/maps/@?api=1&map_action=pano&viewpoint=41.3859805190524,2.13625700853397","Open GSV") -> Open GSV | I28: NA | J28: NA | K28: 1 | L28: 0 | P28: =IF(OR(I28=1,I28="1",I28=0,I28="0"),I28,IF(OR(J28=1,J28="1",J28=0,J28="0"),J28,IF(OR(K28=1,K28="1",K28=0,K28="0"),K28,"NA"))) -> 1 | Q28: =IF(OR(L28=1,L28="1",L28=0,L28="0"),L28,IF(OR(M28=1,M28="1",M28=0,M28="0"),M28,IF(OR(N28=1,N28="1",N28=0,N28="0"),N28,"NA"))) -> 0
A29: 27 | B29: ADD | C29: tract_0030 | D29: D2_C2 | E29: 2.1385415 | F29: 41.385461 | G29: https://www.google.com/maps/@?api=1&map_action=pano&viewpoint=41.385461059572,2.13854147438959 | H29: =HYPERLINK("https://www.google.com/maps/@?api=1&map_action=pano&viewpoint=41.385461059572,2.13854147438959","Open GSV") -> Open GSV | I29: NA | J29: NA | K29: 1 | L29: 0 | P29: =IF(OR(I29=1,I29="1",I29=0,I29="0"),I29,IF(OR(J29=1,J29="1",J29=0,J29="0"),J29,IF(OR(K29=1,K29="1",K29=0,K29="0"),K29,"NA"))) -> 1 | Q29: =IF(OR(L29=1,L29="1",L29=0,L29="0"),L29,IF(OR(M29=1,M29="1",M29=0,M29="0"),M29,IF(OR(N29=1,N29="1",N29=0,N29="0"),N29,"NA"))) -> 0
A30: 28 | B30: ADD | C30: tract_0031 | D30: D2_C3 | E30: 2.1864299 | F30: 41.391188 | G30: https://www.google.com/maps/@?api=1&map_action=pano&viewpoint=41.3911878676426,2.18642991571189 | H30: =HYPERLINK("https://www.google.com/maps/@?api=1&map_action=pano&viewpoint=41.3911878676426,2.18642991571189","Open GSV") -> Open GSV | I30: 1 | L30: 0 | O30: peg moved both | P30: =IF(OR(I30=1,I30="1",I30=0,I30="0"),I30,IF(OR(J30=1,J30="1",J30=0,J30="0"),J30,IF(OR(K30=1,K30="1",K30=0,K30="0"),K30,"NA"))) -> 1 | Q30: =IF(OR(L30=1,L30="1",L30=0,L30="0"),L30,IF(OR(M30=1,M30="1",M30=0,M30="0"),M30,IF(OR(N30=1,N30="1",N30=0,N30="0"),N30,"NA"))) -> 0
A31: 29 | B31: ADD | C31: tract_0031 | D31: D2_C3 | E31: 2.185338 | F31: 41.390375 | G31: https://www.google.com/maps/@?api=1&map_action=pano&viewpoint=41.3903749358271,2.18533799661021 | H31: =HYPERLINK("https://www.google.com/maps/@?api=1&map_action=pano&viewpoint=41.3903749358271,2.18533799661021","Open GSV") -> Open GSV | I31: 1 | L31: 0 | O31: peg moved 2023 | P31: =IF(OR(I31=1,I31="1",I31=0,I31="0"),I31,IF(OR(J31=1,J31="1",J31=0,J31="0"),J31,IF(OR(K31=1,K31="1",K31=0,K31="0"),K31,"NA"))) -> 1 | Q31: =IF(OR(L31=1,L31="1",L31=0,L31="0"),L31,IF(OR(M31=1,M31="1",M31=0,M31="0"),M31,IF(OR(N31=1,N31="1",N31=0,N31="0"),N31,"NA"))) -> 0
A32: 30 | B32: ADD | C32: tract_0035 | D32: D2_C3 | E32: 2.1589756 | F32: 41.382643 | G32: https://www.google.com/maps/@?api=1&map_action=pano&viewpoint=41.3826431790481,2.15897555292766 | H32: =HYPERLINK("https://www.google.com/maps/@?api=1&map_action=pano&viewpoint=41.3826431790481,2.15897555292766","Open GSV") -> Open GSV | I32: 1 | L32: 1 | O32: peg moved both, bike lane moved from sidewalk to road | P32: =IF(OR(I32=1,I32="1",I32=0,I32="0"),I32,IF(OR(J32=1,J32="1",J32=0,J32="0"),J32,IF(OR(K32=1,K32="1",K32=0,K32="0"),K32,"NA"))) -> 1 | Q32: =IF(OR(L32=1,L32="1",L32=0,L32="0"),L32,IF(OR(M32=1,M32="1",M32=0,M32="0"),M32,IF(OR(N32=1,N32="1",N32=0,N32="0"),N32,"NA"))) -> 1
A33: 31 | B33: ADD | C33: tract_0036 | D33: D2_C3 | E33: 2.1537502 | F33: 41.398133 | G33: https://www.google.com/maps/@?api=1&map_action=pano&viewpoint=41.3981332109611,2.1537501547691 | H33: =HYPERLINK("https://www.google.com/maps/@?api=1&map_action=pano&viewpoint=41.3981332109611,2.1537501547691","Open GSV") -> Open GSV | I33: 1 | L33: 0 | P33: =IF(OR(I33=1,I33="1",I33=0,I33="0"),I33,IF(OR(J33=1,J33="1",J33=0,J33="0"),J33,IF(OR(K33=1,K33="1",K33=0,K33="0"),K33,"NA"))) -> 1 | Q33: =IF(OR(L33=1,L33="1",L33=0,L33="0"),L33,IF(OR(M33=1,M33="1",M33=0,M33="0"),M33,IF(OR(N33=1,N33="1",N33=0,N33="0"),N33,"NA"))) -> 0
A34: 32 | B34: ADD | C34: tract_0041 | D34: D3_C1 | E34: 2.1240095 | F34: 41.375664 | G34: https://www.google.com/maps/@?api=1&map_action=pano&viewpoint=41.3756644128399,2.1240095291374 | H34: =HYPERLINK("https://www.google.com/maps/@?api=1&map_action=pano&viewpoint=41.3756644128399,2.1240095291374","Open GSV") -> Open GSV | I34: 1 | L34: 0 | P34: =IF(OR(I34=1,I34="1",I34=0,I34="0"),I34,IF(OR(J34=1,J34="1",J34=0,J34="0"),J34,IF(OR(K34=1,K34="1",K34=0,K34="0"),K34,"NA"))) -> 1 | Q34: =IF(OR(L34=1,L34="1",L34=0,L34="0"),L34,IF(OR(M34=1,M34="1",M34=0,M34="0"),M34,IF(OR(N34=1,N34="1",N34=0,N34="0"),N34,"NA"))) -> 0
A35: 33 | B35: ADD | C35: tract_0044 | D35: D3_C2 | E35: 2.1797608 | F35: 41.41188 | G35: https://www.google.com/maps/@?api=1&map_action=pano&viewpoint=41.4118804921771,2.17976081270431 | H35: =HYPERLINK("https://www.google.com/maps/@?api=1&map_action=pano&viewpoint=41.4118804921771,2.17976081270431","Open GSV") -> Open GSV | I35: NA | J35: NA | K35: 0 | L35: 0 | O35: peg moved 2022 | P35: =IF(OR(I35=1,I35="1",I35=0,I35="0"),I35,IF(OR(J35=1,J35="1",J35=0,J35="0"),J35,IF(OR(K35=1,K35="1",K35=0,K35="0"),K35,"NA"))) -> 0 | Q35: =IF(OR(L35=1,L35="1",L35=0,L35="0"),L35,IF(OR(M35=1,M35="1",M35=0,M35="0"),M35,IF(OR(N35=1,N35="1",N35=0,N35="0"),N35,"NA"))) -> 0
A36: 34 | B36: ADD | C36: tract_0044 | D36: D3_C2 | E36: 2.1808908 | F36: 41.412745 | G36: https://www.google.com/maps/@?api=1&map_action=pano&viewpoint=41.4127447371871,2.180890772398 | H36: =HYPERLINK("https://www.google.com/maps/@?api=1&map_action=pano&viewpoint=41.4127447371871,2.180890772398","Open GSV") -> Open GSV | I36: 0 | L36: 0 | O36: peg moved 2023, 2023 maybe under construction | P36: =IF(OR(I36=1,I36="1",I36=0,I36="0"),I36,IF(OR(J36=1,J36="1",J36=0,J36="0"),J36,IF(OR(K36=1,K36="1",K36=0,K36="0"),K36,"NA"))) -> 0 | Q36: =IF(OR(L36=1,L36="1",L36=0,L36="0"),L36,IF(OR(M36=1,M36="1",M36=0,M36="0"),M36,IF(OR(N36=1,N36="1",N36=0,N36="0"),N36,"NA"))) -> 0
A37: 35 | B37: ADD | C37: tract_0045 | D37: D3_C2 | E37: 2.1377443 | F37: 41.384533 | G37: https://www.google.com/maps/@?api=1&map_action=pano&viewpoint=41.3845333231462,2.13774430876668 | H37: =HYPERLINK("https://www.google.com/maps/@?api=1&map_action=pano&viewpoint=41.3845333231462,2.13774430876668","Open GSV") -> Open GSV | I37: NA | J37: NA | K37: 1 | L37: 0 | P37: =IF(OR(I37=1,I37="1",I37=0,I37="0"),I37,IF(OR(J37=1,J37="1",J37=0,J37="0"),J37,IF(OR(K37=1,K37="1",K37=0,K37="0"),K37,"NA"))) -> 1 | Q37: =IF(OR(L37=1,L37="1",L37=0,L37="0"),L37,IF(OR(M37=1,M37="1",M37=0,M37="0"),M37,IF(OR(N37=1,N37="1",N37=0,N37="0"),N37,"NA"))) -> 0
A38: 36 | B38: ADD | C38: tract_0045 | D38: D3_C2 | E38: 2.1366348 | F38: 41.384859 | G38: https://www.google.com/maps/@?api=1&map_action=pano&viewpoint=41.3848586898783,2.13663483715158 | H38: =HYPERLINK("https://www.google.com/maps/@?api=1&map_action=pano&viewpoint=41.3848586898783,2.13663483715158","Open GSV") -> Open GSV | I38: NA | J38: NA | K38: 1 | L38: 0 | P38: =IF(OR(I38=1,I38="1",I38=0,I38="0"),I38,IF(OR(J38=1,J38="1",J38=0,J38="0"),J38,IF(OR(K38=1,K38="1",K38=0,K38="0"),K38,"NA"))) -> 1 | Q38: =IF(OR(L38=1,L38="1",L38=0,L38="0"),L38,IF(OR(M38=1,M38="1",M38=0,M38="0"),M38,IF(OR(N38=1,N38="1",N38=0,N38="0"),N38,"NA"))) -> 0
A39: 37 | B39: ADD | C39: tract_0046 | D39: D3_C2 | E39: 2.1905776 | F39: 41.416619 | G39: https://www.google.com/maps/@?api=1&map_action=pano&viewpoint=41.4166187121365,2.1905776282886 | H39: =HYPERLINK("https://www.google.com/maps/@?api=1&map_action=pano&viewpoint=41.4166187121365,2.1905776282886","Open GSV") -> Open GSV | I39: 1 | L39: 0 | P39: =IF(OR(I39=1,I39="1",I39=0,I39="0"),I39,IF(OR(J39=1,J39="1",J39=0,J39="0"),J39,IF(OR(K39=1,K39="1",K39=0,K39="0"),K39,"NA"))) -> 1 | Q39: =IF(OR(L39=1,L39="1",L39=0,L39="0"),L39,IF(OR(M39=1,M39="1",M39=0,M39="0"),M39,IF(OR(N39=1,N39="1",N39=0,N39="0"),N39,"NA"))) -> 0
A40: 38 | B40: ADD | C40: tract_0047 | D40: D3_C2 | E40: 2.1392576 | F40: 41.360011 | G40: https://www.google.com/maps/@?api=1&map_action=pano&viewpoint=41.3600114226599,2.1392576352892 | H40: =HYPERLINK("https://www.google.com/maps/@?api=1&map_action=pano&viewpoint=41.3600114226599,2.1392576352892","Open GSV") -> Open GSV | I40: 1 | L40: 0 | O40: peg moved 2023 | P40: =IF(OR(I40=1,I40="1",I40=0,I40="0"),I40,IF(OR(J40=1,J40="1",J40=0,J40="0"),J40,IF(OR(K40=1,K40="1",K40=0,K40="0"),K40,"NA"))) -> 1 | Q40: =IF(OR(L40=1,L40="1",L40=0,L40="0"),L40,IF(OR(M40=1,M40="1",M40=0,M40="0"),M40,IF(OR(N40=1,N40="1",N40=0,N40="0"),N40,"NA"))) -> 0
A41: 39 | B41: ADD | C41: tract_0049 | D41: D3_C3 | E41: 2.1498848 | F41: 41.38264 | G41: https://www.google.com/maps/@?api=1&map_action=pano&viewpoint=41.3826401063928,2.14988483545965 | H41: =HYPERLINK("https://www.google.com/maps/@?api=1&map_action=pano&viewpoint=41.3826401063928,2.14988483545965","Open GSV") -> Open GSV | I41: 1 | L41: 0 | O41: peg moved 2023 | P41: =IF(OR(I41=1,I41="1",I41=0,I41="0"),I41,IF(OR(J41=1,J41="1",J41=0,J41="0"),J41,IF(OR(K41=1,K41="1",K41=0,K41="0"),K41,"NA"))) -> 1 | Q41: =IF(OR(L41=1,L41="1",L41=0,L41="0"),L41,IF(OR(M41=1,M41="1",M41=0,M41="0"),M41,IF(OR(N41=1,N41="1",N41=0,N41="0"),N41,"NA"))) -> 0
A42: 40 | B42: ADD | C42: tract_0050 | D42: D3_C3 | E42: 2.1510866 | F42: 41.381728 | G42: https://www.google.com/maps/@?api=1&map_action=pano&viewpoint=41.3817275823742,2.15108663385945 | H42: =HYPERLINK("https://www.google.com/maps/@?api=1&map_action=pano&viewpoint=41.3817275823742,2.15108663385945","Open GSV") -> Open GSV | I42: 1 | L42: 0 | O42: peg moved both | P42: =IF(OR(I42=1,I42="1",I42=0,I42="0"),I42,IF(OR(J42=1,J42="1",J42=0,J42="0"),J42,IF(OR(K42=1,K42="1",K42=0,K42="0"),K42,"NA"))) -> 1 | Q42: =IF(OR(L42=1,L42="1",L42=0,L42="0"),L42,IF(OR(M42=1,M42="1",M42=0,M42="0"),M42,IF(OR(N42=1,N42="1",N42=0,N42="0"),N42,"NA"))) -> 0
A43: 41 | B43: ADD | C43: tract_0051 | D43: D3_C3 | E43: 2.1536217 | F43: 41.378197 | G43: https://www.google.com/maps/@?api=1&map_action=pano&viewpoint=41.3781971000936,2.15362165090984 | H43: =HYPERLINK("https://www.google.com/maps/@?api=1&map_action=pano&viewpoint=41.3781971000936,2.15362165090984","Open GSV") -> Open GSV | I43: 1 | L43: 1 | O43: bike lane moved from sidewalk to road | P43: =IF(OR(I43=1,I43="1",I43=0,I43="0"),I43,IF(OR(J43=1,J43="1",J43=0,J43="0"),J43,IF(OR(K43=1,K43="1",K43=0,K43="0"),K43,"NA"))) -> 1 | Q43: =IF(OR(L43=1,L43="1",L43=0,L43="0"),L43,IF(OR(M43=1,M43="1",M43=0,M43="0"),M43,IF(OR(N43=1,N43="1",N43=0,N43="0"),N43,"NA"))) -> 1
A44: 42 | B44: ADD | C44: tract_0052 | D44: D3_C3 | E44: 2.147639 | F44: 41.382613 | G44: https://www.google.com/maps/@?api=1&map_action=pano&viewpoint=41.3826129597012,2.14763895462665 | H44: =HYPERLINK("https://www.google.com/maps/@?api=1&map_action=pano&viewpoint=41.3826129597012,2.14763895462665","Open GSV") -> Open GSV | I44: 0 | L44: 0 | P44: =IF(OR(I44=1,I44="1",I44=0,I44="0"),I44,IF(OR(J44=1,J44="1",J44=0,J44="0"),J44,IF(OR(K44=1,K44="1",K44=0,K44="0"),K44,"NA"))) -> 0 | Q44: =IF(OR(L44=1,L44="1",L44=0,L44="0"),L44,IF(OR(M44=1,M44="1",M44=0,M44="0"),M44,IF(OR(N44=1,N44="1",N44=0,N44="0"),N44,"NA"))) -> 0
A45: 43 | B45: ADD | C45: tract_0052 | D45: D3_C3 | E45: 2.1482078 | F45: 41.383042 | G45: https://www.google.com/maps/@?api=1&map_action=pano&viewpoint=41.3830424246768,2.14820775338395 | H45: =HYPERLINK("https://www.google.com/maps/@?api=1&map_action=pano&viewpoint=41.3830424246768,2.14820775338395","Open GSV") -> Open GSV | I45: 0 | L45: 0 | P45: =IF(OR(I45=1,I45="1",I45=0,I45="0"),I45,IF(OR(J45=1,J45="1",J45=0,J45="0"),J45,IF(OR(K45=1,K45="1",K45=0,K45="0"),K45,"NA"))) -> 0 | Q45: =IF(OR(L45=1,L45="1",L45=0,L45="0"),L45,IF(OR(M45=1,M45="1",M45=0,M45="0"),M45,IF(OR(N45=1,N45="1",N45=0,N45="0"),N45,"NA"))) -> 0

Sheet REMOVE_evt
I1: 2023 | L1: 2015
A2: id | B2: class | C2: tract_id | D2: stratum | E2: lon | F2: lat | G2: gsv_link | H2: GSV | I2: present_2023 | J2: present_2024 | K2: present_2022 | L2: present_2015 | M2: present_2014 | N2: present_2016 | O2: notes | P2: present_followup | Q2: present_baseline
A3: 1 | B3: REMOVE | C3: tract_0001 | D3: D1_C1 | E3: 2.1040062 | F3: 41.38494 | G3: https://www.google.com/maps/@?api=1&map_action=pano&viewpoint=41.3849403989724,2.10400617396064 | H3: =HYPERLINK("https://www.google.com/maps/@?api=1&map_action=pano&viewpoint=41.3849403989724,2.10400617396064","Open GSV") -> Open GSV | I3: 0 | L3: 0 | O3: Peg moved both | P3: =IF(OR(I3=1,I3="1",I3=0,I3="0"),I3,IF(OR(J3=1,J3="1",J3=0,J3="0"),J3,IF(OR(K3=1,K3="1",K3=0,K3="0"),K3,"NA"))) -> 0 | Q3: =IF(OR(L3=1,L3="1",L3=0,L3="0"),L3,IF(OR(M3=1,M3="1",M3=0,M3="0"),M3,IF(OR(N3=1,N3="1",N3=0,N3="0"),N3,"NA"))) -> 0
A4: 2 | B4: REMOVE | C4: tract_0003 | D4: D1_C1 | E4: 2.177771 | F4: 41.451543 | G4: https://www.google.com/maps/@?api=1&map_action=pano&viewpoint=41.4515433412202,2.17777103704595 | H4: =HYPERLINK("https://www.google.com/maps/@?api=1&map_action=pano&viewpoint=41.4515433412202,2.17777103704595","Open GSV") -> Open GSV | I4: NA | J4: NA | K4: 0 | L4: 0 | P4: =IF(OR(I4=1,I4="1",I4=0,I4="0"),I4,IF(OR(J4=1,J4="1",J4=0,J4="0"),J4,IF(OR(K4=1,K4="1",K4=0,K4="0"),K4,"NA"))) -> 0 | Q4: =IF(OR(L4=1,L4="1",L4=0,L4="0"),L4,IF(OR(M4=1,M4="1",M4=0,M4="0"),M4,IF(OR(N4=1,N4="1",N4=0,N4="0"),N4,"NA"))) -> 0
A5: 3 | B5: REMOVE | C5: tract_0003 | D5: D1_C1 | E5: 2.1808567 | F5: 41.458487 | G5: https://www.google.com/maps/@?api=1&map_action=pano&viewpoint=41.4584871971563,2.18085672986099 | H5: =HYPERLINK("https://www.google.com/maps/@?api=1&map_action=pano&viewpoint=41.4584871971563,2.18085672986099","Open GSV") -> Open GSV | I5: 1 | L5: 1 | O5: Peg moved 15 | P5: =IF(OR(I5=1,I5="1",I5=0,I5="0"),I5,IF(OR(J5=1,J5="1",J5=0,J5="0"),J5,IF(OR(K5=1,K5="1",K5=0,K5="0"),K5,"NA"))) -> 1 | Q5: =IF(OR(L5=1,L5="1",L5=0,L5="0"),L5,IF(OR(M5=1,M5="1",M5=0,M5="0"),M5,IF(OR(N5=1,N5="1",N5=0,N5="0"),N5,"NA"))) -> 1
A6: 4 | B6: REMOVE | C6: tract_0011 | D6: D1_C2 | E6: 2.2076134 | F6: 41.420244 | G6: https://www.google.com/maps/@?api=1&map_action=pano&viewpoint=41.4202440794713,2.20761335025859 | H6: =HYPERLINK("https://www.google.com/maps/@?api=1&map_action=pano&viewpoint=41.4202440794713,2.20761335025859","Open GSV") -> Open GSV | I6: 1 | L6: 1 | O6: Peg moved 23 | P6: =IF(OR(I6=1,I6="1",I6=0,I6="0"),I6,IF(OR(J6=1,J6="1",J6=0,J6="0"),J6,IF(OR(K6=1,K6="1",K6=0,K6="0"),K6,"NA"))) -> 1 | Q6: =IF(OR(L6=1,L6="1",L6=0,L6="0"),L6,IF(OR(M6=1,M6="1",M6=0,M6="0"),M6,IF(OR(N6=1,N6="1",N6=0,N6="0"),N6,"NA"))) -> 1
A7: 5 | B7: REMOVE | C7: tract_0017 | D7: D1_C3 | E7: 2.1483858 | F7: 41.375372 | G7: https://www.google.com/maps/@?api=1&map_action=pano&viewpoint=41.3753719135312,2.14838582462673 | H7: =HYPERLINK("https://www.google.com/maps/@?api=1&map_action=pano&viewpoint=41.3753719135312,2.14838582462673","Open GSV") -> Open GSV | I7: 0 | L7: 0 | O7: Peg moved both | P7: =IF(OR(I7=1,I7="1",I7=0,I7="0"),I7,IF(OR(J7=1,J7="1",J7=0,J7="0"),J7,IF(OR(K7=1,K7="1",K7=0,K7="0"),K7,"NA"))) -> 0 | Q7: =IF(OR(L7=1,L7="1",L7=0,L7="0"),L7,IF(OR(M7=1,M7="1",M7=0,M7="0"),M7,IF(OR(N7=1,N7="1",N7=0,N7="0"),N7,"NA"))) -> 0
A8: 6 | B8: REMOVE | C8: tract_0020 | D8: D2_C1 | E8: 2.1797919 | F8: 41.432573 | G8: https://www.google.com/maps/@?api=1&map_action=pano&viewpoint=41.4325734990105,2.17979187635586 | H8: =HYPERLINK("https://www.google.com/maps/@?api=1&map_action=pano&viewpoint=41.4325734990105,2.17979187635586","Open GSV") -> Open GSV | I8: 0 | L8: 0 | P8: =IF(OR(I8=1,I8="1",I8=0,I8="0"),I8,IF(OR(J8=1,J8="1",J8=0,J8="0"),J8,IF(OR(K8=1,K8="1",K8=0,K8="0"),K8,"NA"))) -> 0 | Q8: =IF(OR(L8=1,L8="1",L8=0,L8="0"),L8,IF(OR(M8=1,M8="1",M8=0,M8="0"),M8,IF(OR(N8=1,N8="1",N8=0,N8="0"),N8,"NA"))) -> 0
A9: 7 | B9: REMOVE | C9: tract_0023 | D9: D2_C1 | E9: 2.1744355 | F9: 41.43024 | G9: https://www.google.com/maps/@?api=1&map_action=pano&viewpoint=41.4302401188698,2.17443553665477 | H9: =HYPERLINK("https://www.google.com/maps/@?api=1&map_action=pano&viewpoint=41.4302401188698,2.17443553665477","Open GSV") -> Open GSV | I9: 1 | L9: 1 | P9: =IF(OR(I9=1,I9="1",I9=0,I9="0"),I9,IF(OR(J9=1,J9="1",J9=0,J9="0"),J9,IF(OR(K9=1,K9="1",K9=0,K9="0"),K9,"NA"))) -> 1 | Q9: =IF(OR(L9=1,L9="1",L9=0,L9="0"),L9,IF(OR(M9=1,M9="1",M9=0,M9="0"),M9,IF(OR(N9=1,N9="1",N9=0,N9="0"),N9,"NA"))) -> 1
A10: 8 | B10: REMOVE | C10: tract_0028 | D10: D2_C2 | E10: 2.1867208 | F10: 41.413061 | G10: https://www.google.com/maps/@?api=1&map_action=pano&viewpoint=41.4130612559652,2.18672076661607 | H10: =HYPERLINK("https://www.google.com/maps/@?api=1&map_action=pano&viewpoint=41.4130612559652,2.18672076661607","Open GSV") -> Open GSV | I10: 0 | L10: 1 | O10: Change pavement to center | P10: =IF(OR(I10=1,I10="1",I10=0,I10="0"),I10,IF(OR(J10=1,J10="1",J10=0,J10="0"),J10,IF(OR(K10=1,K10="1",K10=0,K10="0"),K10,"NA"))) -> 0 | Q10: =IF(OR(L10=1,L10="1",L10=0,L10="0"),L10,IF(OR(M10=1,M10="1",M10=0,M10="0"),M10,IF(OR(N10=1,N10="1",N10=0,N10="0"),N10,"NA"))) -> 1
A11: 9 | B11: REMOVE | C11: tract_0035 | D11: D2_C3 | E11: 2.1568127 | F11: 41.38434 | G11: https://www.google.com/maps/@?api=1&map_action=pano&viewpoint=41.3843400360326,2.15681272246317 | H11: =HYPERLINK("https://www.google.com/maps/@?api=1&map_action=pano&viewpoint=41.3843400360326,2.15681272246317","Open GSV") -> Open GSV | I11: 0 | L11: 1 | O11: Peg moved 23 | P11: =IF(OR(I11=1,I11="1",I11=0,I11="0"),I11,IF(OR(J11=1,J11="1",J11=0,J11="0"),J11,IF(OR(K11=1,K11="1",K11=0,K11="0"),K11,"NA"))) -> 0 | Q11: =IF(OR(L11=1,L11="1",L11=0,L11="0"),L11,IF(OR(M11=1,M11="1",M11=0,M11="0"),M11,IF(OR(N11=1,N11="1",N11=0,N11="0"),N11,"NA"))) -> 1
A12: 10 | B12: REMOVE | C12: tract_0035 | D12: D2_C3 | E12: 2.157262 | F12: 41.38328 | G12: https://www.google.com/maps/@?api=1&map_action=pano&viewpoint=41.3832798659396,2.15726201275132 | H12: =HYPERLINK("https://www.google.com/maps/@?api=1&map_action=pano&viewpoint=41.3832798659396,2.15726201275132","Open GSV") -> Open GSV | I12: 1 | L12: 1 | O12: Road works in 2024 | P12: =IF(OR(I12=1,I12="1",I12=0,I12="0"),I12,IF(OR(J12=1,J12="1",J12=0,J12="0"),J12,IF(OR(K12=1,K12="1",K12=0,K12="0"),K12,"NA"))) -> 1 | Q12: =IF(OR(L12=1,L12="1",L12=0,L12="0"),L12,IF(OR(M12=1,M12="1",M12=0,M12="0"),M12,IF(OR(N12=1,N12="1",N12=0,N12="0"),N12,"NA"))) -> 1
A13: 11 | B13: REMOVE | C13: tract_0043 | D13: D3_C2 | E13: 2.1305 | F13: 41.37537 | G13: https://www.google.com/maps/@?api=1&map_action=pano&viewpoint=41.3753699099384,2.13049998390271 | H13: =HYPERLINK("https://www.google.com/maps/@?api=1&map_action=pano&viewpoint=41.3753699099384,2.13049998390271","Open GSV") -> Open GSV | I13: 0 | L13: 0 | O13: Tunnel | P13: =IF(OR(I13=1,I13="1",I13=0,I13="0"),I13,IF(OR(J13=1,J13="1",J13=0,J13="0"),J13,IF(OR(K13=1,K13="1",K13=0,K13="0"),K13,"NA"))) -> 0 | Q13: =IF(OR(L13=1,L13="1",L13=0,L13="0"),L13,IF(OR(M13=1,M13="1",M13=0,M13="0"),M13,IF(OR(N13=1,N13="1",N13=0,N13="0"),N13,"NA"))) -> 0
A14: 12 | B14: REMOVE | C14: tract_0050 | D14: D3_C3 | E14: 2.1521384 | F14: 41.38094 | G14: https://www.google.com/maps/@?api=1&map_action=pano&viewpoint=41.3809395290626,2.15213844443264 | H14: =HYPERLINK("https://www.google.com/maps/@?api=1&map_action=pano&viewpoint=41.3809395290626,2.15213844443264","Open GSV") -> Open GSV | I14: 0 | L14: 1 | O14: Road works in 2023 | P14: =IF(OR(I14=1,I14="1",I14=0,I14="0"),I14,IF(OR(J14=1,J14="1",J14=0,J14="0"),J14,IF(OR(K14=1,K14="1",K14=0,K14="0"),K14,"NA"))) -> 0 | Q14: =IF(OR(L14=1,L14="1",L14=0,L14="0"),L14,IF(OR(M14=1,M14="1",M14=0,M14="0"),M14,IF(OR(N14=1,N14="1",N14=0,N14="0"),N14,"NA"))) -> 1

Sheet REMOVE_vgp
I1: 2023 | L1: 2015
A2: id | B2: class | C2: tract_id | D2: stratum | E2: lon | F2: lat | G2: gsv_link | H2: GSV | I2: present_2023 | J2: present_2024 | K2: present_2022 | L2: present_2015 | M2: present_2014 | N2: present_2016 | O2: notes | P2: present_followup | Q2: present_baseline
A3: 1 | B3: REMOVE | C3: tract_0001 | D3: D1_C1 | E3: 2.1040062 | F3: 41.38494 | G3: https://www.google.com/maps/@?api=1&map_action=pano&viewpoint=41.3849403989724,2.10400617396064 | H3: =HYPERLINK("https://www.google.com/maps/@?api=1&map_action=pano&viewpoint=41.3849403989724,2.10400617396064","Open GSV") -> Open GSV | I3: 0 | L3: 0 | O3: peg moved both | P3: =IF(OR(I3=1,I3="1",I3=0,I3="0"),I3,IF(OR(J3=1,J3="1",J3=0,J3="0"),J3,IF(OR(K3=1,K3="1",K3=0,K3="0"),K3,"NA"))) -> 0 | Q3: =IF(OR(L3=1,L3="1",L3=0,L3="0"),L3,IF(OR(M3=1,M3="1",M3=0,M3="0"),M3,IF(OR(N3=1,N3="1",N3=0,N3="0"),N3,"NA"))) -> 0
A4: 2 | B4: REMOVE | C4: tract_0003 | D4: D1_C1 | E4: 2.177771 | F4: 41.451543 | G4: https://www.google.com/maps/@?api=1&map_action=pano&viewpoint=41.4515433412202,2.17777103704595 | H4: =HYPERLINK("https://www.google.com/maps/@?api=1&map_action=pano&viewpoint=41.4515433412202,2.17777103704595","Open GSV") -> Open GSV | I4: NA | J4: NA | K4: 0 | L4: 0 | P4: =IF(OR(I4=1,I4="1",I4=0,I4="0"),I4,IF(OR(J4=1,J4="1",J4=0,J4="0"),J4,IF(OR(K4=1,K4="1",K4=0,K4="0"),K4,"NA"))) -> 0 | Q4: =IF(OR(L4=1,L4="1",L4=0,L4="0"),L4,IF(OR(M4=1,M4="1",M4=0,M4="0"),M4,IF(OR(N4=1,N4="1",N4=0,N4="0"),N4,"NA"))) -> 0
A5: 3 | B5: REMOVE | C5: tract_0003 | D5: D1_C1 | E5: 2.1808567 | F5: 41.458487 | G5: https://www.google.com/maps/@?api=1&map_action=pano&viewpoint=41.4584871971563,2.18085672986099 | H5: =HYPERLINK("https://www.google.com/maps/@?api=1&map_action=pano&viewpoint=41.4584871971563,2.18085672986099","Open GSV") -> Open GSV | I5: 1 | L5: 1 | O5: ped moved both | P5: =IF(OR(I5=1,I5="1",I5=0,I5="0"),I5,IF(OR(J5=1,J5="1",J5=0,J5="0"),J5,IF(OR(K5=1,K5="1",K5=0,K5="0"),K5,"NA"))) -> 1 | Q5: =IF(OR(L5=1,L5="1",L5=0,L5="0"),L5,IF(OR(M5=1,M5="1",M5=0,M5="0"),M5,IF(OR(N5=1,N5="1",N5=0,N5="0"),N5,"NA"))) -> 1
A6: 4 | B6: REMOVE | C6: tract_0011 | D6: D1_C2 | E6: 2.2076134 | F6: 41.420244 | G6: https://www.google.com/maps/@?api=1&map_action=pano&viewpoint=41.4202440794713,2.20761335025859 | H6: =HYPERLINK("https://www.google.com/maps/@?api=1&map_action=pano&viewpoint=41.4202440794713,2.20761335025859","Open GSV") -> Open GSV | I6: 1 | L6: 1 | O6: peg moved both | P6: =IF(OR(I6=1,I6="1",I6=0,I6="0"),I6,IF(OR(J6=1,J6="1",J6=0,J6="0"),J6,IF(OR(K6=1,K6="1",K6=0,K6="0"),K6,"NA"))) -> 1 | Q6: =IF(OR(L6=1,L6="1",L6=0,L6="0"),L6,IF(OR(M6=1,M6="1",M6=0,M6="0"),M6,IF(OR(N6=1,N6="1",N6=0,N6="0"),N6,"NA"))) -> 1
A7: 5 | B7: REMOVE | C7: tract_0017 | D7: D1_C3 | E7: 2.1483858 | F7: 41.375372 | G7: https://www.google.com/maps/@?api=1&map_action=pano&viewpoint=41.3753719135312,2.14838582462673 | H7: =HYPERLINK("https://www.google.com/maps/@?api=1&map_action=pano&viewpoint=41.3753719135312,2.14838582462673","Open GSV") -> Open GSV | I7: 0 | L7: 0 | O7: peg moved both | P7: =IF(OR(I7=1,I7="1",I7=0,I7="0"),I7,IF(OR(J7=1,J7="1",J7=0,J7="0"),J7,IF(OR(K7=1,K7="1",K7=0,K7="0"),K7,"NA"))) -> 0 | Q7: =IF(OR(L7=1,L7="1",L7=0,L7="0"),L7,IF(OR(M7=1,M7="1",M7=0,M7="0"),M7,IF(OR(N7=1,N7="1",N7=0,N7="0"),N7,"NA"))) -> 0
A8: 6 | B8: REMOVE | C8: tract_0020 | D8: D2_C1 | E8: 2.1797919 | F8: 41.432573 | G8: https://www.google.com/maps/@?api=1&map_action=pano&viewpoint=41.4325734990105,2.17979187635586 | H8: =HYPERLINK("https://www.google.com/maps/@?api=1&map_action=pano&viewpoint=41.4325734990105,2.17979187635586","Open GSV") -> Open GSV | I8: 0 | L8: 0 | P8: =IF(OR(I8=1,I8="1",I8=0,I8="0"),I8,IF(OR(J8=1,J8="1",J8=0,J8="0"),J8,IF(OR(K8=1,K8="1",K8=0,K8="0"),K8,"NA"))) -> 0 | Q8: =IF(OR(L8=1,L8="1",L8=0,L8="0"),L8,IF(OR(M8=1,M8="1",M8=0,M8="0"),M8,IF(OR(N8=1,N8="1",N8=0,N8="0"),N8,"NA"))) -> 0
A9: 7 | B9: REMOVE | C9: tract_0023 | D9: D2_C1 | E9: 2.1744355 | F9: 41.43024 | G9: https://www.google.com/maps/@?api=1&map_action=pano&viewpoint=41.4302401188698,2.17443553665477 | H9: =HYPERLINK("https://www.google.com/maps/@?api=1&map_action=pano&viewpoint=41.4302401188698,2.17443553665477","Open GSV") -> Open GSV | I9: 1 | L9: 1 | P9: =IF(OR(I9=1,I9="1",I9=0,I9="0"),I9,IF(OR(J9=1,J9="1",J9=0,J9="0"),J9,IF(OR(K9=1,K9="1",K9=0,K9="0"),K9,"NA"))) -> 1 | Q9: =IF(OR(L9=1,L9="1",L9=0,L9="0"),L9,IF(OR(M9=1,M9="1",M9=0,M9="0"),M9,IF(OR(N9=1,N9="1",N9=0,N9="0"),N9,"NA"))) -> 1
A10: 8 | B10: REMOVE | C10: tract_0028 | D10: D2_C2 | E10: 2.1867208 | F10: 41.413061 | G10: https://www.google.com/maps/@?api=1&map_action=pano&viewpoint=41.4130612559652,2.18672076661607 | H10: =HYPERLINK("https://www.google.com/maps/@?api=1&map_action=pano&viewpoint=41.4130612559652,2.18672076661607","Open GSV") -> Open GSV | I10: 1 | L10: 1 | O10: bike lane moved from sidewalk to road | P10: =IF(OR(I10=1,I10="1",I10=0,I10="0"),I10,IF(OR(J10=1,J10="1",J10=0,J10="0"),J10,IF(OR(K10=1,K10="1",K10=0,K10="0"),K10,"NA"))) -> 1 | Q10: =IF(OR(L10=1,L10="1",L10=0,L10="0"),L10,IF(OR(M10=1,M10="1",M10=0,M10="0"),M10,IF(OR(N10=1,N10="1",N10=0,N10="0"),N10,"NA"))) -> 1
A11: 9 | B11: REMOVE | C11: tract_0035 | D11: D2_C3 | E11: 2.1568127 | F11: 41.38434 | G11: https://www.google.com/maps/@?api=1&map_action=pano&viewpoint=41.3843400360326,2.15681272246317 | H11: =HYPERLINK("https://www.google.com/maps/@?api=1&map_action=pano&viewpoint=41.3843400360326,2.15681272246317","Open GSV") -> Open GSV | I11: NA | J11: NA | K11: 1 | L11: 1 | P11: =IF(OR(I11=1,I11="1",I11=0,I11="0"),I11,IF(OR(J11=1,J11="1",J11=0,J11="0"),J11,IF(OR(K11=1,K11="1",K11=0,K11="0"),K11,"NA"))) -> 1 | Q11: =IF(OR(L11=1,L11="1",L11=0,L11="0"),L11,IF(OR(M11=1,M11="1",M11=0,M11="0"),M11,IF(OR(N11=1,N11="1",N11=0,N11="0"),N11,"NA"))) -> 1
A12: 10 | B12: REMOVE | C12: tract_0035 | D12: D2_C3 | E12: 2.157262 | F12: 41.38328 | G12: https://www.google.com/maps/@?api=1&map_action=pano&viewpoint=41.3832798659396,2.15726201275132 | H12: =HYPERLINK("https://www.google.com/maps/@?api=1&map_action=pano&viewpoint=41.3832798659396,2.15726201275132","Open GSV") -> Open GSV | I12: 1 | L12: 1 | O12: peg moved 2023 | P12: =IF(OR(I12=1,I12="1",I12=0,I12="0"),I12,IF(OR(J12=1,J12="1",J12=0,J12="0"),J12,IF(OR(K12=1,K12="1",K12=0,K12="0"),K12,"NA"))) -> 1 | Q12: =IF(OR(L12=1,L12="1",L12=0,L12="0"),L12,IF(OR(M12=1,M12="1",M12=0,M12="0"),M12,IF(OR(N12=1,N12="1",N12=0,N12="0"),N12,"NA"))) -> 1
A13: 11 | B13: REMOVE | C13: tract_0043 | D13: D3_C2 | E13: 2.1305 | F13: 41.37537 | G13: https://www.google.com/maps/@?api=1&map_action=pano&viewpoint=41.3753699099384,2.13049998390271 | H13: =HYPERLINK("https://www.google.com/maps/@?api=1&map_action=pano&viewpoint=41.3753699099384,2.13049998390271","Open GSV") -> Open GSV | I13: 0 | L13: 0 | O13: peg moved both (underground highway tunnel) | P13: =IF(OR(I13=1,I13="1",I13=0,I13="0"),I13,IF(OR(J13=1,J13="1",J13=0,J13="0"),J13,IF(OR(K13=1,K13="1",K13=0,K13="0"),K13,"NA"))) -> 0 | Q13: =IF(OR(L13=1,L13="1",L13=0,L13="0"),L13,IF(OR(M13=1,M13="1",M13=0,M13="0"),M13,IF(OR(N13=1,N13="1",N13=0,N13="0"),N13,"NA"))) -> 0
A14: 12 | B14: REMOVE | C14: tract_0050 | D14: D3_C3 | E14: 2.1521384 | F14: 41.38094 | G14: https://www.google.com/maps/@?api=1&map_action=pano&viewpoint=41.3809395290626,2.15213844443264 | H14: =HYPERLINK("https://www.google.com/maps/@?api=1&map_action=pano&viewpoint=41.3809395290626,2.15213844443264","Open GSV") -> Open GSV | I14: 0 | L14: 1 | O14: 2023 roadworks | P14: =IF(OR(I14=1,I14="1",I14=0,I14="0"),I14,IF(OR(J14=1,J14="1",J14=0,J14="0"),J14,IF(OR(K14=1,K14="1",K14=0,K14="0"),K14,"NA"))) -> 0 | Q14: =IF(OR(L14=1,L14="1",L14=0,L14="0"),L14,IF(OR(M14=1,M14="1",M14=0,M14="0"),M14,IF(OR(N14=1,N14="1",N14=0,N14="0"),N14,"NA"))) -> 1

Sheet NONCI_evt
I1: 2023 | L1: 2015
A2: id | B2: class | C2: tract_id | D2: stratum | E2: lon | F2: lat | G2: gsv_link | H2: GSV | I2: present_2023 | J2: present_2024 | K2: present_2022 | L2: present_2015 | M2: present_2014 | N2: present_2016 | O2: notes | P2: present_followup | Q2: present_baseline
A3: 1 | B3: NONCI | C3: tract_0001 | D3: D1_C1 | E3: 2.1096694 | F3: 41.39311 | G3: https://www.google.com/maps/@?api=1&map_action=pano&viewpoint=41.3931098000992,2.10966944882359 | H3: =HYPERLINK("https://www.google.com/maps/@?api=1&map_action=pano&viewpoint=41.3931098000992,2.10966944882359","Open GSV") -> Open GSV | I3: 0 | L3: 0 | O3: Highway | P3: =IF(OR(I3=1,I3="1",I3=0,I3="0"),I3,IF(OR(J3=1,J3="1",J3=0,J3="0"),J3,IF(OR(K3=1,K3="1",K3=0,K3="0"),K3,"NA"))) -> 0 | Q3: =IF(OR(L3=1,L3="1",L3=0,L3="0"),L3,IF(OR(M3=1,M3="1",M3=0,M3="0"),M3,IF(OR(N3=1,N3="1",N3=0,N3="0"),N3,"NA"))) -> 0
A4: 2 | B4: NONCI | C4: tract_0002 | D4: D1_C1 | E4: 2.1707601 | F4: 41.425631 | G4: https://www.google.com/maps/@?api=1&map_action=pano&viewpoint=41.42563144302,2.17076011284377 | H4: =HYPERLINK("https://www.google.com/maps/@?api=1&map_action=pano&viewpoint=41.42563144302,2.17076011284377","Open GSV") -> Open GSV | I4: 0 | L4: 0 | O4: Peg moved 23 | P4: =IF(OR(I4=1,I4="1",I4=0,I4="0"),I4,IF(OR(J4=1,J4="1",J4=0,J4="0"),J4,IF(OR(K4=1,K4="1",K4=0,K4="0"),K4,"NA"))) -> 0 | Q4: =IF(OR(L4=1,L4="1",L4=0,L4="0"),L4,IF(OR(M4=1,M4="1",M4=0,M4="0"),M4,IF(OR(N4=1,N4="1",N4=0,N4="0"),N4,"NA"))) -> 0
A5: 3 | B5: NONCI | C5: tract_0003 | D5: D1_C1 | E5: 2.1857639 | F5: 41.456786 | G5: https://www.google.com/maps/@?api=1&map_action=pano&viewpoint=41.4567861028979,2.18576385526455 | H5: =HYPERLINK("https://www.google.com/maps/@?api=1&map_action=pano&viewpoint=41.4567861028979,2.18576385526455","Open GSV") -> Open GSV | I5: NA | J5: NA | K5: 0 | L5: NA | M5: NA | N5: NA | P5: =IF(OR(I5=1,I5="1",I5=0,I5="0"),I5,IF(OR(J5=1,J5="1",J5=0,J5="0"),J5,IF(OR(K5=1,K5="1",K5=0,K5="0"),K5,"NA"))) -> 0 | Q5: =IF(OR(L5=1,L5="1",L5=0,L5="0"),L5,IF(OR(M5=1,M5="1",M5=0,M5="0"),M5,IF(OR(N5=1,N5="1",N5=0,N5="0"),N5,"NA"))) -> NA
A6: 4 | B6: NONCI | C6: tract_0004 | D6: D1_C1 | E6: 2.1404115 | F6: 41.413373 | G6: https://www.google.com/maps/@?api=1&map_action=pano&viewpoint=41.4133726186721,2.14041149568948 | H6: =HYPERLINK("https://www.google.com/maps/@?api=1&map_action=pano&viewpoint=41.4133726186721,2.14041149568948","Open GSV") -> Open GSV | I6: NA | J6: 1 | L6: 0 | P6: =IF(OR(I6=1,I6="1",I6=0,I6="0"),I6,IF(OR(J6=1,J6="1",J6=0,J6="0"),J6,IF(OR(K6=1,K6="1",K6=0,K6="0"),K6,"NA"))) -> 1 | Q6: =IF(OR(L6=1,L6="1",L6=0,L6="0"),L6,IF(OR(M6=1,M6="1",M6=0,M6="0"),M6,IF(OR(N6=1,N6="1",N6=0,N6="0"),N6,"NA"))) -> 0
A7: 5 | B7: NONCI | C7: tract_0005 | D7: D1_C1 | E7: 2.2075774 | F7: 41.421884 | G7: https://www.google.com/maps/@?api=1&map_action=pano&viewpoint=41.421884497198,2.20757742081785 | H7: =HYPERLINK("https://www.google.com/maps/@?api=1&map_action=pano&viewpoint=41.421884497198,2.20757742081785","Open GSV") -> Open GSV | I7: NA | J7: NA | K7: 0 | L7: 0 | P7: =IF(OR(I7=1,I7="1",I7=0,I7="0"),I7,IF(OR(J7=1,J7="1",J7=0,J7="0"),J7,IF(OR(K7=1,K7="1",K7=0,K7="0"),K7,"NA"))) -> 0 | Q7: =IF(OR(L7=1,L7="1",L7=0,L7="0"),L7,IF(OR(M7=1,M7="1",M7=0,M7="0"),M7,IF(OR(N7=1,N7="1",N7=0,N7="0"),N7,"NA"))) -> 0
A8: 6 | B8: NONCI | C8: tract_0006 | D8: D1_C1 | E8: 2.2029912 | F8: 41.428925 | G8: https://www.google.com/maps/@?api=1&map_action=pano&viewpoint=41.4289252087897,2.20299116790196 | H8: =HYPERLINK("https://www.google.com/maps/@?api=1&map_action=pano&viewpoint=41.4289252087897,2.20299116790196","Open GSV") -> Open GSV | I8: NA | J8: 0 | L8: 0 | O8: Road works | P8: =IF(OR(I8=1,I8="1",I8=0,I8="0"),I8,IF(OR(J8=1,J8="1",J8=0,J8="0"),J8,IF(OR(K8=1,K8="1",K8=0,K8="0"),K8,"NA"))) -> 0 | Q8: =IF(OR(L8=1,L8="1",L8=0,L8="0"),L8,IF(OR(M8=1,M8="1",M8=0,M8="0"),M8,IF(OR(N8=1,N8="1",N8=0,N8="0"),N8,"NA"))) -> 0
A9: 7 | B9: NONCI | C9: tract_0007 | D9: D1_C2 | E9: 2.1366097 | F9: 41.388546 | G9: https://www.google.com/maps/@?api=1&map_action=pano&viewpoint=41.3885463785907,2.13660974468779 | H9: =HYPERLINK("https://www.google.com/maps/@?api=1&map_action=pano&viewpoint=41.3885463785907,2.13660974468779","Open GSV") -> Open GSV | I9: 0 | L9: 0 | P9: =IF(OR(I9=1,I9="1",I9=0,I9="0"),I9,IF(OR(J9=1,J9="1",J9=0,J9="0"),J9,IF(OR(K9=1,K9="1",K9=0,K9="0"),K9,"NA"))) -> 0 | Q9: =IF(OR(L9=1,L9="1",L9=0,L9="0"),L9,IF(OR(M9=1,M9="1",M9=0,M9="0"),M9,IF(OR(N9=1,N9="1",N9=0,N9="0"),N9,"NA"))) -> 0
A10: 8 | B10: NONCI | C10: tract_0008 | D10: D1_C2 | E10: 2.1962692 | F10: 41.419144 | G10: https://www.google.com/maps/@?api=1&map_action=pano&viewpoint=41.4191436986582,2.19626920405746 | H10: =HYPERLINK("https://www.google.com/maps/@?api=1&map_action=pano&viewpoint=41.4191436986582,2.19626920405746","Open GSV") -> Open GSV | I10: 0 | L10: 0 | P10: =IF(OR(I10=1,I10="1",I10=0,I10="0"),I10,IF(OR(J10=1,J10="1",J10=0,J10="0"),J10,IF(OR(K10=1,K10="1",K10=0,K10="0"),K10,"NA"))) -> 0 | Q10: =IF(OR(L10=1,L10="1",L10=0,L10="0"),L10,IF(OR(M10=1,M10="1",M10=0,M10="0"),M10,IF(OR(N10=1,N10="1",N10=0,N10="0"),N10,"NA"))) -> 0
A11: 9 | B11: NONCI | C11: tract_0009 | D11: D1_C2 | E11: 2.1998802 | F11: 41.417475 | G11: https://www.google.com/maps/@?api=1&map_action=pano&viewpoint=41.4174746853951,2.19988021385839 | H11: =HYPERLINK("https://www.google.com/maps/@?api=1&map_action=pano&viewpoint=41.4174746853951,2.19988021385839","Open GSV") -> Open GSV | I11: NA | J11: 0 | L11: 0 | P11: =IF(OR(I11=1,I11="1",I11=0,I11="0"),I11,IF(OR(J11=1,J11="1",J11=0,J11="0"),J11,IF(OR(K11=1,K11="1",K11=0,K11="0"),K11,"NA"))) -> 0 | Q11: =IF(OR(L11=1,L11="1",L11=0,L11="0"),L11,IF(OR(M11=1,M11="1",M11=0,M11="0"),M11,IF(OR(N11=1,N11="1",N11=0,N11="0"),N11,"NA"))) -> 0
A12: 10 | B12: NONCI | C12: tract_0010 | D12: D1_C2 | E12: 2.1732849 | F12: 41.417221 | G12: https://www.google.com/maps/@?api=1&map_action=pano&viewpoint=41.4172205249202,2.17328491457674 | H12: =HYPERLINK("https://www.google.com/maps/@?api=1&map_action=pano&viewpoint=41.4172205249202,2.17328491457674","Open GSV") -> Open GSV | I12: 0 | L12: 0 | P12: =IF(OR(I12=1,I12="1",I12=0,I12="0"),I12,IF(OR(J12=1,J12="1",J12=0,J12="0"),J12,IF(OR(K12=1,K12="1",K12=0,K12="0"),K12,"NA"))) -> 0 | Q12: =IF(OR(L12=1,L12="1",L12=0,L12="0"),L12,IF(OR(M12=1,M12="1",M12=0,M12="0"),M12,IF(OR(N12=1,N12="1",N12=0,N12="0"),N12,"NA"))) -> 0
A13: 11 | B13: NONCI | C13: tract_0011 | D13: D1_C2 | E13: 2.2089266 | F13: 41.420082 | G13: https://www.google.com/maps/@?api=1&map_action=pano&viewpoint=41.4200820003214,2.20892659914445 | H13: =HYPERLINK("https://www.google.com/maps/@?api=1&map_action=pano&viewpoint=41.4200820003214,2.20892659914445","Open GSV") -> Open GSV | I13: NA | J13: 0 | L13: 0 | P13: =IF(OR(I13=1,I13="1",I13=0,I13="0"),I13,IF(OR(J13=1,J13="1",J13=0,J13="0"),J13,IF(OR(K13=1,K13="1",K13=0,K13="0"),K13,"NA"))) -> 0 | Q13: =IF(OR(L13=1,L13="1",L13=0,L13="0"),L13,IF(OR(M13=1,M13="1",M13=0,M13="0"),M13,IF(OR(N13=1,N13="1",N13=0,N13="0"),N13,"NA"))) -> 0
A14: 12 | B14: NONCI | C14: tract_0012 | D14: D1_C2 | E14: 2.1597853 | F14: 41.41323 | G14: https://www.google.com/maps/@?api=1&map_action=pano&viewpoint=41.4132303522674,2.15978534461398 | H14: =HYPERLINK("https://www.google.com/maps/@?api=1&map_action=pano&viewpoint=41.4132303522674,2.15978534461398","Open GSV") -> Open GSV | I14: 0 | L14: 0 | P14: =IF(OR(I14=1,I14="1",I14=0,I14="0"),I14,IF(OR(J14=1,J14="1",J14=0,J14="0"),J14,IF(OR(K14=1,K14="1",K14=0,K14="0"),K14,"NA"))) -> 0 | Q14: =IF(OR(L14=1,L14="1",L14=0,L14="0"),L14,IF(OR(M14=1,M14="1",M14=0,M14="0"),M14,IF(OR(N14=1,N14="1",N14=0,N14="0"),N14,"NA"))) -> 0
A15: 13 | B15: NONCI | C15: tract_0013 | D15: D1_C3 | E15: 2.19998 | F15: 41.395991 | G15: https://www.google.com/maps/@?api=1&map_action=pano&viewpoint=41.3959909832228,2.19997997114306 | H15: =HYPERLINK("https://www.google.com/maps/@?api=1&map_action=pano&viewpoint=41.3959909832228,2.19997997114306","Open GSV") -> Open GSV | I15: NA | J15: 0 | L15: 0 | P15: =IF(OR(I15=1,I15="1",I15=0,I15="0"),I15,IF(OR(J15=1,J15="1",J15=0,J15="0"),J15,IF(OR(K15=1,K15="1",K15=0,K15="0"),K15,"NA"))) -> 0 | Q15: =IF(OR(L15=1,L15="1",L15=0,L15="0"),L15,IF(OR(M15=1,M15="1",M15=0,M15="0"),M15,IF(OR(N15=1,N15="1",N15=0,N15="0"),N15,"NA"))) -> 0
A16: 14 | B16: NONCI | C16: tract_0014 | D16: D1_C3 | E16: 2.1774401 | F16: 41.380993 | G16: https://www.google.com/maps/@?api=1&map_action=pano&viewpoint=41.3809929493489,2.17744010327688 | H16: =HYPERLINK("https://www.google.com/maps/@?api=1&map_action=pano&viewpoint=41.3809929493489,2.17744010327688","Open GSV") -> Open GSV | I16: NA | J16: NA | K16: NA | L16: NA | M16: NA | N16: NA | P16: =IF(OR(I16=1,I16="1",I16=0,I16="0"),I16,IF(OR(J16=1,J16="1",J16=0,J16="0"),J16,IF(OR(K16=1,K16="1",K16=0,K16="0"),K16,"NA"))) -> NA | Q16: =IF(OR(L16=1,L16="1",L16=0,L16="0"),L16,IF(OR(M16=1,M16="1",M16=0,M16="0"),M16,IF(OR(N16=1,N16="1",N16=0,N16="0"),N16,"NA"))) -> NA
A17: 15 | B17: NONCI | C17: tract_0015 | D17: D1_C3 | E17: 2.2012056 | F17: 41.396909 | G17: https://www.google.com/maps/@?api=1&map_action=pano&viewpoint=41.3969090980383,2.20120563906244 | H17: =HYPERLINK("https://www.google.com/maps/@?api=1&map_action=pano&viewpoint=41.3969090980383,2.20120563906244","Open GSV") -> Open GSV | I17: NA | J17: 0 | L17: 0 | P17: =IF(OR(I17=1,I17="1",I17=0,I17="0"),I17,IF(OR(J17=1,J17="1",J17=0,J17="0"),J17,IF(OR(K17=1,K17="1",K17=0,K17="0"),K17,"NA"))) -> 0 | Q17: =IF(OR(L17=1,L17="1",L17=0,L17="0"),L17,IF(OR(M17=1,M17="1",M17=0,M17="0"),M17,IF(OR(N17=1,N17="1",N17=0,N17="0"),N17,"NA"))) -> 0
A18: 16 | B18: NONCI | C18: tract_0016 | D18: D1_C3 | E18: 2.2061631 | F18: 41.407482 | G18: https://www.google.com/maps/@?api=1&map_action=pano&viewpoint=41.4074816884829,2.20616310358384 | H18: =HYPERLINK("https://www.google.com/maps/@?api=1&map_action=pano&viewpoint=41.4074816884829,2.20616310358384","Open GSV") -> Open GSV | I18: 0 | L18: 0 | P18: =IF(OR(I18=1,I18="1",I18=0,I18="0"),I18,IF(OR(J18=1,J18="1",J18=0,J18="0"),J18,IF(OR(K18=1,K18="1",K18=0,K18="0"),K18,"NA"))) -> 0 | Q18: =IF(OR(L18=1,L18="1",L18=0,L18="0"),L18,IF(OR(M18=1,M18="1",M18=0,M18="0"),M18,IF(OR(N18=1,N18="1",N18=0,N18="0"),N18,"NA"))) -> 0
A19: 17 | B19: NONCI | C19: tract_0017 | D19: D1_C3 | E19: 2.1486229 | F19: 41.375934 | G19: https://www.google.com/maps/@?api=1&map_action=pano&viewpoint=41.3759336501593,2.14862285042538 | H19: =HYPERLINK("https://www.google.com/maps/@?api=1&map_action=pano&viewpoint=41.3759336501593,2.14862285042538","Open GSV") -> Open GSV | I19: NA | J19: NA | K19: 0 | L19: NA | M19: NA | N19: NA | P19: =IF(OR(I19=1,I19="1",I19=0,I19="0"),I19,IF(OR(J19=1,J19="1",J19=0,J19="0"),J19,IF(OR(K19=1,K19="1",K19=0,K19="0"),K19,"NA"))) -> 0 | Q19: =IF(OR(L19=1,L19="1",L19=0,L19="0"),L19,IF(OR(M19=1,M19="1",M19=0,M19="0"),M19,IF(OR(N19=1,N19="1",N19=0,N19="0"),N19,"NA"))) -> NA
A20: 18 | B20: NONCI | C20: tract_0019 | D20: D2_C1 | E20: 2.1223388 | F20: 41.396889 | G20: https://www.google.com/maps/@?api=1&map_action=pano&viewpoint=41.3968893621289,2.12233882583103 | H20: =HYPERLINK("https://www.google.com/maps/@?api=1&map_action=pano&viewpoint=41.3968893621289,2.12233882583103","Open GSV") -> Open GSV | I20: NA | J20: NA | K20: 0 | L20: 0 | P20: =IF(OR(I20=1,I20="1",I20=0,I20="0"),I20,IF(OR(J20=1,J20="1",J20=0,J20="0"),J20,IF(OR(K20=1,K20="1",K20=0,K20="0"),K20,"NA"))) -> 0 | Q20: =IF(OR(L20=1,L20="1",L20=0,L20="0"),L20,IF(OR(M20=1,M20="1",M20=0,M20="0"),M20,IF(OR(N20=1,N20="1",N20=0,N20="0"),N20,"NA"))) -> 0
A21: 19 | B21: NONCI | C21: tract_0020 | D21: D2_C1 | E21: 2.1795075 | F21: 41.432161 | G21: https://www.google.com/maps/@?api=1&map_action=pano&viewpoint=41.4321612761947,2.17950753864319 | H21: =HYPERLINK("https://www.google.com/maps/@?api=1&map_action=pano&viewpoint=41.4321612761947,2.17950753864319","Open GSV") -> Open GSV | I21: NA | J21: 0 | L21: 0 | P21: =IF(OR(I21=1,I21="1",I21=0,I21="0"),I21,IF(OR(J21=1,J21="1",J21=0,J21="0"),J21,IF(OR(K21=1,K21="1",K21=0,K21="0"),K21,"NA"))) -> 0 | Q21: =IF(OR(L21=1,L21="1",L21=0,L21="0"),L21,IF(OR(M21=1,M21="1",M21=0,M21="0"),M21,IF(OR(N21=1,N21="1",N21=0,N21="0"),N21,"NA"))) -> 0
A22: 20 | B22: NONCI | C22: tract_0021 | D22: D2_C1 | E22: 2.125769 | F22: 41.392901 | G22: https://www.google.com/maps/@?api=1&map_action=pano&viewpoint=41.3929009079565,2.1257689815069 | H22: =HYPERLINK("https://www.google.com/maps/@?api=1&map_action=pano&viewpoint=41.3929009079565,2.1257689815069","Open GSV") -> Open GSV | I22: NA | J22: NA | K22: 0 | L22: 0 | P22: =IF(OR(I22=1,I22="1",I22=0,I22="0"),I22,IF(OR(J22=1,J22="1",J22=0,J22="0"),J22,IF(OR(K22=1,K22="1",K22=0,K22="0"),K22,"NA"))) -> 0 | Q22: =IF(OR(L22=1,L22="1",L22=0,L22="0"),L22,IF(OR(M22=1,M22="1",M22=0,M22="0"),M22,IF(OR(N22=1,N22="1",N22=0,N22="0"),N22,"NA"))) -> 0
A23: 21 | B23: NONCI | C23: tract_0022 | D23: D2_C1 | E23: 2.1850895 | F23: 41.434548 | G23: https://www.google.com/maps/@?api=1&map_action=pano&viewpoint=41.4345475359841,2.18508949253952 | H23: =HYPERLINK("https://www.google.com/maps/@?api=1&map_action=pano&viewpoint=41.4345475359841,2.18508949253952","Open GSV") -> Open GSV | I23: 0 | L23: 0 | O23: Peg moved both | P23: =IF(OR(I23=1,I23="1",I23=0,I23="0"),I23,IF(OR(J23=1,J23="1",J23=0,J23="0"),J23,IF(OR(K23=1,K23="1",K23=0,K23="0"),K23,"NA"))) -> 0 | Q23: =IF(OR(L23=1,L23="1",L23=0,L23="0"),L23,IF(OR(M23=1,M23="1",M23=0,M23="0"),M23,IF(OR(N23=1,N23="1",N23=0,N23="0"),N23,"NA"))) -> 0
A24: 22 | B24: NONCI | C24: tract_0023 | D24: D2_C1 | E24: 2.1755407 | F24: 41.42807 | G24: https://www.google.com/maps/@?api=1&map_action=pano&viewpoint=41.4280696452023,2.17554070368043 | H24: =HYPERLINK("https://www.google.com/maps/@?api=1&map_action=pano&viewpoint=41.4280696452023,2.17554070368043","Open GSV") -> Open GSV | I24: 0 | L24: 0 | O24: Kind of cyc infra on the pavement | P24: =IF(OR(I24=1,I24="1",I24=0,I24="0"),I24,IF(OR(J24=1,J24="1",J24=0,J24="0"),J24,IF(OR(K24=1,K24="1",K24=0,K24="0"),K24,"NA"))) -> 0 | Q24: =IF(OR(L24=1,L24="1",L24=0,L24="0"),L24,IF(OR(M24=1,M24="1",M24=0,M24="0"),M24,IF(OR(N24=1,N24="1",N24=0,N24="0"),N24,"NA"))) -> 0
A25: 23 | B25: NONCI | C25: tract_0024 | D25: D2_C1 | E25: 2.1893268 | F25: 41.441023 | G25: https://www.google.com/maps/@?api=1&map_action=pano&viewpoint=41.441022771618,2.18932677644068 | H25: =HYPERLINK("https://www.google.com/maps/@?api=1&map_action=pano&viewpoint=41.441022771618,2.18932677644068","Open GSV") -> Open GSV | I25: NA | J25: 0 | L25: 0 | P25: =IF(OR(I25=1,I25="1",I25=0,I25="0"),I25,IF(OR(J25=1,J25="1",J25=0,J25="0"),J25,IF(OR(K25=1,K25="1",K25=0,K25="0"),K25,"NA"))) -> 0 | Q25: =IF(OR(L25=1,L25="1",L25=0,L25="0"),L25,IF(OR(M25=1,M25="1",M25=0,M25="0"),M25,IF(OR(N25=1,N25="1",N25=0,N25="0"),N25,"NA"))) -> 0
A26: 24 | B26: NONCI | C26: tract_0025 | D26: D2_C2 | E26: 2.1511627 | F26: 41.402812 | G26: https://www.google.com/maps/@?api=1&map_action=pano&viewpoint=41.402812348001,2.15116268294438 | H26: =HYPERLINK("https://www.google.com/maps/@?api=1&map_action=pano&viewpoint=41.402812348001,2.15116268294438","Open GSV") -> Open GSV | I26: 0 | L26: 0 | P26: =IF(OR(I26=1,I26="1",I26=0,I26="0"),I26,IF(OR(J26=1,J26="1",J26=0,J26="0"),J26,IF(OR(K26=1,K26="1",K26=0,K26="0"),K26,"NA"))) -> 0 | Q26: =IF(OR(L26=1,L26="1",L26=0,L26="0"),L26,IF(OR(M26=1,M26="1",M26=0,M26="0"),M26,IF(OR(N26=1,N26="1",N26=0,N26="0"),N26,"NA"))) -> 0
A27: 25 | B27: NONCI | C27: tract_0026 | D27: D2_C2 | E27: 2.1391236 | F27: 41.401352 | G27: https://www.google.com/maps/@?api=1&map_action=pano&viewpoint=41.401352000536,2.13912364858407 | H27: =HYPERLINK("https://www.google.com/maps/@?api=1&map_action=pano&viewpoint=41.401352000536,2.13912364858407","Open GSV") -> Open GSV | I27: NA | J27: NA | K27: 0 | L27: 0 | P27: =IF(OR(I27=1,I27="1",I27=0,I27="0"),I27,IF(OR(J27=1,J27="1",J27=0,J27="0"),J27,IF(OR(K27=1,K27="1",K27=0,K27="0"),K27,"NA"))) -> 0 | Q27: =IF(OR(L27=1,L27="1",L27=0,L27="0"),L27,IF(OR(M27=1,M27="1",M27=0,M27="0"),M27,IF(OR(N27=1,N27="1",N27=0,N27="0"),N27,"NA"))) -> 0
A28: 26 | B28: NONCI | C28: tract_0027 | D28: D2_C2 | E28: 2.1708582 | F28: 41.422765 | G28: https://www.google.com/maps/@?api=1&map_action=pano&viewpoint=41.422764637869,2.17085824555913 | H28: =HYPERLINK("https://www.google.com/maps/@?api=1&map_action=pano&viewpoint=41.422764637869,2.17085824555913","Open GSV") -> Open GSV | I28: NA | J28: NA | K28: 0 | L28: 0 | P28: =IF(OR(I28=1,I28="1",I28=0,I28="0"),I28,IF(OR(J28=1,J28="1",J28=0,J28="0"),J28,IF(OR(K28=1,K28="1",K28=0,K28="0"),K28,"NA"))) -> 0 | Q28: =IF(OR(L28=1,L28="1",L28=0,L28="0"),L28,IF(OR(M28=1,M28="1",M28=0,M28="0"),M28,IF(OR(N28=1,N28="1",N28=0,N28="0"),N28,"NA"))) -> 0
A29: 27 | B29: NONCI | C29: tract_0028 | D29: D2_C2 | E29: 2.1843064 | F29: 41.41443 | G29: https://www.google.com/maps/@?api=1&map_action=pano&viewpoint=41.4144295869578,2.18430636382698 | H29: =HYPERLINK("https://www.google.com/maps/@?api=1&map_action=pano&viewpoint=41.4144295869578,2.18430636382698","Open GSV") -> Open GSV | I29: 0 | L29: 0 | P29: =IF(OR(I29=1,I29="1",I29=0,I29="0"),I29,IF(OR(J29=1,J29="1",J29=0,J29="0"),J29,IF(OR(K29=1,K29="1",K29=0,K29="0"),K29,"NA"))) -> 0 | Q29: =IF(OR(L29=1,L29="1",L29=0,L29="0"),L29,IF(OR(M29=1,M29="1",M29=0,M29="0"),M29,IF(OR(N29=1,N29="1",N29=0,N29="0"),N29,"NA"))) -> 0
A30: 28 | B30: NONCI | C30: tract_0029 | D30: D2_C2 | E30: 2.1554865 | F30: 41.407427 | G30: https://www.google.com/maps/@?api=1&map_action=pano&viewpoint=41.4074267663036,2.15548652012964 | H30: =HYPERLINK("https://www.google.com/maps/@?api=1&map_action=pano&viewpoint=41.4074267663036,2.15548652012964","Open GSV") -> Open GSV | I30: 0 | L30: 0 | P30: =IF(OR(I30=1,I30="1",I30=0,I30="0"),I30,IF(OR(J30=1,J30="1",J30=0,J30="0"),J30,IF(OR(K30=1,K30="1",K30=0,K30="0"),K30,"NA"))) -> 0 | Q30: =IF(OR(L30=1,L30="1",L30=0,L30="0"),L30,IF(OR(M30=1,M30="1",M30=0,M30="0"),M30,IF(OR(N30=1,N30="1",N30=0,N30="0"),N30,"NA"))) -> 0
A31: 29 | B31: NONCI | C31: tract_0030 | D31: D2_C2 | E31: 2.1362256 | F31: 41.386887 | G31: https://www.google.com/maps/@?api=1&map_action=pano&viewpoint=41.3868869775373,2.13622558148501 | H31: =HYPERLINK("https://www.google.com/maps/@?api=1&map_action=pano&viewpoint=41.3868869775373,2.13622558148501","Open GSV") -> Open GSV | I31: 0 | L31: 0 | O31: Peg moved both | P31: =IF(OR(I31=1,I31="1",I31=0,I31="0"),I31,IF(OR(J31=1,J31="1",J31=0,J31="0"),J31,IF(OR(K31=1,K31="1",K31=0,K31="0"),K31,"NA"))) -> 0 | Q31: =IF(OR(L31=1,L31="1",L31=0,L31="0"),L31,IF(OR(M31=1,M31="1",M31=0,M31="0"),M31,IF(OR(N31=1,N31="1",N31=0,N31="0"),N31,"NA"))) -> 0
A32: 30 | B32: NONCI | C32: tract_0031 | D32: D2_C3 | E32: 2.1845963 | F32: 41.391454 | G32: https://www.google.com/maps/@?api=1&map_action=pano&viewpoint=41.3914544159587,2.1845963289228 | H32: =HYPERLINK("https://www.google.com/maps/@?api=1&map_action=pano&viewpoint=41.3914544159587,2.1845963289228","Open GSV") -> Open GSV | I32: 0 | L32: 0 | O32: Peg moved 23 | P32: =IF(OR(I32=1,I32="1",I32=0,I32="0"),I32,IF(OR(J32=1,J32="1",J32=0,J32="0"),J32,IF(OR(K32=1,K32="1",K32=0,K32="0"),K32,"NA"))) -> 0 | Q32: =IF(OR(L32=1,L32="1",L32=0,L32="0"),L32,IF(OR(M32=1,M32="1",M32=0,M32="0"),M32,IF(OR(N32=1,N32="1",N32=0,N32="0"),N32,"NA"))) -> 0
A33: 31 | B33: NONCI | C33: tract_0032 | D33: D2_C3 | E33: 2.2022147 | F33: 41.401033 | G33: https://www.google.com/maps/@?api=1&map_action=pano&viewpoint=41.4010327445693,2.20221468620139 | H33: =HYPERLINK("https://www.google.com/maps/@?api=1&map_action=pano&viewpoint=41.4010327445693,2.20221468620139","Open GSV") -> Open GSV | I33: 0 | L33: 0 | P33: =IF(OR(I33=1,I33="1",I33=0,I33="0"),I33,IF(OR(J33=1,J33="1",J33=0,J33="0"),J33,IF(OR(K33=1,K33="1",K33=0,K33="0"),K33,"NA"))) -> 0 | Q33: =IF(OR(L33=1,L33="1",L33=0,L33="0"),L33,IF(OR(M33=1,M33="1",M33=0,M33="0"),M33,IF(OR(N33=1,N33="1",N33=0,N33="0"),N33,"NA"))) -> 0
A34: 32 | B34: NONCI | C34: tract_0033 | D34: D2_C3 | E34: 2.1916392 | F34: 41.379661 | G34: https://www.google.com/maps/@?api=1&map_action=pano&viewpoint=41.3796612123254,2.19163916237013 | H34: =HYPERLINK("https://www.google.com/maps/@?api=1&map_action=pano&viewpoint=41.3796612123254,2.19163916237013","Open GSV") -> Open GSV | I34: 0 | L34: 0 | O34: bike sign paint | P34: =IF(OR(I34=1,I34="1",I34=0,I34="0"),I34,IF(OR(J34=1,J34="1",J34=0,J34="0"),J34,IF(OR(K34=1,K34="1",K34=0,K34="0"),K34,"NA"))) -> 0 | Q34: =IF(OR(L34=1,L34="1",L34=0,L34="0"),L34,IF(OR(M34=1,M34="1",M34=0,M34="0"),M34,IF(OR(N34=1,N34="1",N34=0,N34="0"),N34,"NA"))) -> 0
A35: 33 | B35: NONCI | C35: tract_0034 | D35: D2_C3 | E35: 2.1826533 | F35: 41.384651 | G35: https://www.google.com/maps/@?api=1&map_action=pano&viewpoint=41.3846505730388,2.18265325193222 | H35: =HYPERLINK("https://www.google.com/maps/@?api=1&map_action=pano&viewpoint=41.3846505730388,2.18265325193222","Open GSV") -> Open GSV | I35: NA | J35: NA | K35: 0 | L35: NA | M35: NA | N35: NA | P35: =IF(OR(I35=1,I35="1",I35=0,I35="0"),I35,IF(OR(J35=1,J35="1",J35=0,J35="0"),J35,IF(OR(K35=1,K35="1",K35=0,K35="0"),K35,"NA"))) -> 0 | Q35: =IF(OR(L35=1,L35="1",L35=0,L35="0"),L35,IF(OR(M35=1,M35="1",M35=0,M35="0"),M35,IF(OR(N35=1,N35="1",N35=0,N35="0"),N35,"NA"))) -> NA
A36: 34 | B36: NONCI | C36: tract_0036 | D36: D2_C3 | E36: 2.1540659 | F36: 41.398319 | G36: https://www.google.com/maps/@?api=1&map_action=pano&viewpoint=41.3983190714338,2.15406591630209 | H36: =HYPERLINK("https://www.google.com/maps/@?api=1&map_action=pano&viewpoint=41.3983190714338,2.15406591630209","Open GSV") -> Open GSV | I36: 0 | L36: 0 | P36: =IF(OR(I36=1,I36="1",I36=0,I36="0"),I36,IF(OR(J36=1,J36="1",J36=0,J36="0"),J36,IF(OR(K36=1,K36="1",K36=0,K36="0"),K36,"NA"))) -> 0 | Q36: =IF(OR(L36=1,L36="1",L36=0,L36="0"),L36,IF(OR(M36=1,M36="1",M36=0,M36="0"),M36,IF(OR(N36=1,N36="1",N36=0,N36="0"),N36,"NA"))) -> 0
A37: 35 | B37: NONCI | C37: tract_0037 | D37: D3_C1 | E37: 2.1406255 | F37: 41.410798 | G37: https://www.google.com/maps/@?api=1&map_action=pano&viewpoint=41.4107983437704,2.14062551536518 | H37: =HYPERLINK("https://www.google.com/maps/@?api=1&map_action=pano&viewpoint=41.4107983437704,2.14062551536518","Open GSV") -> Open GSV | I37: NA | J37: NA | K37: 0 | L37: 0 | P37: =IF(OR(I37=1,I37="1",I37=0,I37="0"),I37,IF(OR(J37=1,J37="1",J37=0,J37="0"),J37,IF(OR(K37=1,K37="1",K37=0,K37="0"),K37,"NA"))) -> 0 | Q37: =IF(OR(L37=1,L37="1",L37=0,L37="0"),L37,IF(OR(M37=1,M37="1",M37=0,M37="0"),M37,IF(OR(N37=1,N37="1",N37=0,N37="0"),N37,"NA"))) -> 0
A38: 36 | B38: NONCI | C38: tract_0038 | D38: D3_C1 | E38: 2.1737524 | F38: 41.425233 | G38: https://www.google.com/maps/@?api=1&map_action=pano&viewpoint=41.4252332989099,2.17375238634433 | H38: =HYPERLINK("https://www.google.com/maps/@?api=1&map_action=pano&viewpoint=41.4252332989099,2.17375238634433","Open GSV") -> Open GSV | I38: 0 | L38: 0 | P38: =IF(OR(I38=1,I38="1",I38=0,I38="0"),I38,IF(OR(J38=1,J38="1",J38=0,J38="0"),J38,IF(OR(K38=1,K38="1",K38=0,K38="0"),K38,"NA"))) -> 0 | Q38: =IF(OR(L38=1,L38="1",L38=0,L38="0"),L38,IF(OR(M38=1,M38="1",M38=0,M38="0"),M38,IF(OR(N38=1,N38="1",N38=0,N38="0"),N38,"NA"))) -> 0
A39: 37 | B39: NONCI | C39: tract_0039 | D39: D3_C1 | E39: 2.1753932 | F39: 41.43796 | G39: https://www.google.com/maps/@?api=1&map_action=pano&viewpoint=41.4379598373132,2.17539315404594 | H39: =HYPERLINK("https://www.google.com/maps/@?api=1&map_action=pano&viewpoint=41.4379598373132,2.17539315404594","Open GSV") -> Open GSV | I39: 0 | L39: 0 | O39: Peg moved 23 | P39: =IF(OR(I39=1,I39="1",I39=0,I39="0"),I39,IF(OR(J39=1,J39="1",J39=0,J39="0"),J39,IF(OR(K39=1,K39="1",K39=0,K39="0"),K39,"NA"))) -> 0 | Q39: =IF(OR(L39=1,L39="1",L39=0,L39="0"),L39,IF(OR(M39=1,M39="1",M39=0,M39="0"),M39,IF(OR(N39=1,N39="1",N39=0,N39="0"),N39,"NA"))) -> 0
A40: 38 | B40: NONCI | C40: tract_0040 | D40: D3_C1 | E40: 2.1721461 | F40: 41.428353 | G40: https://www.google.com/maps/@?api=1&map_action=pano&viewpoint=41.4283525000278,2.172146050328 | H40: =HYPERLINK("https://www.google.com/maps/@?api=1&map_action=pano&viewpoint=41.4283525000278,2.172146050328","Open GSV") -> Open GSV | I40: 0 | L40: 0 | P40: =IF(OR(I40=1,I40="1",I40=0,I40="0"),I40,IF(OR(J40=1,J40="1",J40=0,J40="0"),J40,IF(OR(K40=1,K40="1",K40=0,K40="0"),K40,"NA"))) -> 0 | Q40: =IF(OR(L40=1,L40="1",L40=0,L40="0"),L40,IF(OR(M40=1,M40="1",M40=0,M40="0"),M40,IF(OR(N40=1,N40="1",N40=0,N40="0"),N40,"NA"))) -> 0
A41: 39 | B41: NONCI | C41: tract_0041 | D41: D3_C1 | E41: 2.1249778 | F41: 41.376284 | G41: https://www.google.com/maps/@?api=1&map_action=pano&viewpoint=41.3762841412853,2.12497775693313 | H41: =HYPERLINK("https://www.google.com/maps/@?api=1&map_action=pano&viewpoint=41.3762841412853,2.12497775693313","Open GSV") -> Open GSV | I41: 0 | L41: 0 | P41: =IF(OR(I41=1,I41="1",I41=0,I41="0"),I41,IF(OR(J41=1,J41="1",J41=0,J41="0"),J41,IF(OR(K41=1,K41="1",K41=0,K41="0"),K41,"NA"))) -> 0 | Q41: =IF(OR(L41=1,L41="1",L41=0,L41="0"),L41,IF(OR(M41=1,M41="1",M41=0,M41="0"),M41,IF(OR(N41=1,N41="1",N41=0,N41="0"),N41,"NA"))) -> 0
A42: 40 | B42: NONCI | C42: tract_0042 | D42: D3_C1 | E42: 2.184773 | F42: 41.425456 | G42: https://www.google.com/maps/@?api=1&map_action=pano&viewpoint=41.4254559968539,2.18477301094056 | H42: =HYPERLINK("https://www.google.com/maps/@?api=1&map_action=pano&viewpoint=41.4254559968539,2.18477301094056","Open GSV") -> Open GSV | I42: 0 | L42: 0 | P42: =IF(OR(I42=1,I42="1",I42=0,I42="0"),I42,IF(OR(J42=1,J42="1",J42=0,J42="0"),J42,IF(OR(K42=1,K42="1",K42=0,K42="0"),K42,"NA"))) -> 0 | Q42: =IF(OR(L42=1,L42="1",L42=0,L42="0"),L42,IF(OR(M42=1,M42="1",M42=0,M42="0"),M42,IF(OR(N42=1,N42="1",N42=0,N42="0"),N42,"NA"))) -> 0
A43: 41 | B43: NONCI | C43: tract_0043 | D43: D3_C2 | E43: 2.1314181 | F43: 41.375492 | G43: https://www.google.com/maps/@?api=1&map_action=pano&viewpoint=41.3754921613291,2.13141813732986 | H43: =HYPERLINK("https://www.google.com/maps/@?api=1&map_action=pano&viewpoint=41.3754921613291,2.13141813732986","Open GSV") -> Open GSV | I43: 0 | L43: 0 | P43: =IF(OR(I43=1,I43="1",I43=0,I43="0"),I43,IF(OR(J43=1,J43="1",J43=0,J43="0"),J43,IF(OR(K43=1,K43="1",K43=0,K43="0"),K43,"NA"))) -> 0 | Q43: =IF(OR(L43=1,L43="1",L43=0,L43="0"),L43,IF(OR(M43=1,M43="1",M43=0,M43="0"),M43,IF(OR(N43=1,N43="1",N43=0,N43="0"),N43,"NA"))) -> 0
A44: 42 | B44: NONCI | C44: tract_0044 | D44: D3_C2 | E44: 2.1799839 | F44: 41.413011 | G44: https://www.google.com/maps/@?api=1&map_action=pano&viewpoint=41.4130107880215,2.17998387981679 | H44: =HYPERLINK("https://www.google.com/maps/@?api=1&map_action=pano&viewpoint=41.4130107880215,2.17998387981679","Open GSV") -> Open GSV | I44: NA | J44: NA | K44: 0 | L44: 0 | P44: =IF(OR(I44=1,I44="1",I44=0,I44="0"),I44,IF(OR(J44=1,J44="1",J44=0,J44="0"),J44,IF(OR(K44=1,K44="1",K44=0,K44="0"),K44,"NA"))) -> 0 | Q44: =IF(OR(L44=1,L44="1",L44=0,L44="0"),L44,IF(OR(M44=1,M44="1",M44=0,M44="0"),M44,IF(OR(N44=1,N44="1",N44=0,N44="0"),N44,"NA"))) -> 0
A45: 43 | B45: NONCI | C45: tract_0045 | D45: D3_C2 | E45: 2.1374967 | F45: 41.383747 | G45: https://www.google.com/maps/@?api=1&map_action=pano&viewpoint=41.3837465996295,2.13749671208556 | H45: =HYPERLINK("https://www.google.com/maps/@?api=1&map_action=pano&viewpoint=41.3837465996295,2.13749671208556","Open GSV") -> Open GSV | I45: NA | J45: NA | K45: 0 | L45: 0 | P45: =IF(OR(I45=1,I45="1",I45=0,I45="0"),I45,IF(OR(J45=1,J45="1",J45=0,J45="0"),J45,IF(OR(K45=1,K45="1",K45=0,K45="0"),K45,"NA"))) -> 0 | Q45: =IF(OR(L45=1,L45="1",L45=0,L45="0"),L45,IF(OR(M45=1,M45="1",M45=0,M45="0"),M45,IF(OR(N45=1,N45="1",N45=0,N45="0"),N45,"NA"))) -> 0
A46: 44 | B46: NONCI | C46: tract_0046 | D46: D3_C2 | E46: 2.1887763 | F46: 41.418015 | G46: https://www.google.com/maps/@?api=1&map_action=pano&viewpoint=41.4180150021324,2.18877627141089 | H46: =HYPERLINK("https://www.google.com/maps/@?api=1&map_action=pano&viewpoint=41.4180150021324,2.18877627141089","Open GSV") -> Open GSV | I46: 0 | L46: 0 | P46: =IF(OR(I46=1,I46="1",I46=0,I46="0"),I46,IF(OR(J46=1,J46="1",J46=0,J46="0"),J46,IF(OR(K46=1,K46="1",K46=0,K46="0"),K46,"NA"))) -> 0 | Q46: =IF(OR(L46=1,L46="1",L46=0,L46="0"),L46,IF(OR(M46=1,M46="1",M46=0,M46="0"),M46,IF(OR(N46=1,N46="1",N46=0,N46="0"),N46,"NA"))) -> 0
A47: 45 | B47: NONCI | C47: tract_0048 | D47: D3_C2 | E47: 2.182716 | F47: 41.414253 | G47: https://www.google.com/maps/@?api=1&map_action=pano&viewpoint=41.4142526906724,2.18271602520715 | H47: =HYPERLINK("https://www.google.com/maps/@?api=1&map_action=pano&viewpoint=41.4142526906724,2.18271602520715","Open GSV") -> Open GSV | I47: 0 | L47: 0 | P47: =IF(OR(I47=1,I47="1",I47=0,I47="0"),I47,IF(OR(J47=1,J47="1",J47=0,J47="0"),J47,IF(OR(K47=1,K47="1",K47=0,K47="0"),K47,"NA"))) -> 0 | Q47: =IF(OR(L47=1,L47="1",L47=0,L47="0"),L47,IF(OR(M47=1,M47="1",M47=0,M47="0"),M47,IF(OR(N47=1,N47="1",N47=0,N47="0"),N47,"NA"))) -> 0
A48: 46 | B48: NONCI | C48: tract_0049 | D48: D3_C3 | E48: 2.1494074 | F48: 41.382995 | G48: https://www.google.com/maps/@?api=1&map_action=pano&viewpoint=41.3829948804712,2.14940742253693 | H48: =HYPERLINK("https://www.google.com/maps/@?api=1&map_action=pano&viewpoint=41.3829948804712,2.14940742253693","Open GSV") -> Open GSV | I48: 0 | L48: 0 | P48: =IF(OR(I48=1,I48="1",I48=0,I48="0"),I48,IF(OR(J48=1,J48="1",J48=0,J48="0"),J48,IF(OR(K48=1,K48="1",K48=0,K48="0"),K48,"NA"))) -> 0 | Q48: =IF(OR(L48=1,L48="1",L48=0,L48="0"),L48,IF(OR(M48=1,M48="1",M48=0,M48="0"),M48,IF(OR(N48=1,N48="1",N48=0,N48="0"),N48,"NA"))) -> 0
A49: 47 | B49: NONCI | C49: tract_0051 | D49: D3_C3 | E49: 2.1547281 | F49: 41.377366 | G49: https://www.google.com/maps/@?api=1&map_action=pano&viewpoint=41.3773656033948,2.15472807927131 | H49: =HYPERLINK("https://www.google.com/maps/@?api=1&map_action=pano&viewpoint=41.3773656033948,2.15472807927131","Open GSV") -> Open GSV | I49: 0 | L49: 0 | P49: =IF(OR(I49=1,I49="1",I49=0,I49="0"),I49,IF(OR(J49=1,J49="1",J49=0,J49="0"),J49,IF(OR(K49=1,K49="1",K49=0,K49="0"),K49,"NA"))) -> 0 | Q49: =IF(OR(L49=1,L49="1",L49=0,L49="0"),L49,IF(OR(M49=1,M49="1",M49=0,M49="0"),M49,IF(OR(N49=1,N49="1",N49=0,N49="0"),N49,"NA"))) -> 0
A50: 48 | B50: NONCI | C50: tract_0052 | D50: D3_C3 | E50: 2.1482642 | F50: 41.382859 | G50: https://www.google.com/maps/@?api=1&map_action=pano&viewpoint=41.3828585874194,2.1482642373602 | H50: =HYPERLINK("https://www.google.com/maps/@?api=1&map_action=pano&viewpoint=41.3828585874194,2.1482642373602","Open GSV") -> Open GSV | I50: 0 | L50: 0 | O50: Peg moved both | P50: =IF(OR(I50=1,I50="1",I50=0,I50="0"),I50,IF(OR(J50=1,J50="1",J50=0,J50="0"),J50,IF(OR(K50=1,K50="1",K50=0,K50="0"),K50,"NA"))) -> 0 | Q50: =IF(OR(L50=1,L50="1",L50=0,L50="0"),L50,IF(OR(M50=1,M50="1",M50=0,M50="0"),M50,IF(OR(N50=1,N50="1",N50=0,N50="0"),N50,"NA"))) -> 0
A51: 49 | B51: NONCI | C51: tract_0053 | D51: D3_C3 | E51: 2.1891224 | F51: 41.377735 | G51: https://www.google.com/maps/@?api=1&map_action=pano&viewpoint=41.3777345900509,2.18912239496258 | H51: =HYPERLINK("https://www.google.com/maps/@?api=1&map_action=pano&viewpoint=41.3777345900509,2.18912239496258","Open GSV") -> Open GSV | I51: 0 | L51: 0 | O51: Peg moved 23 | P51: =IF(OR(I51=1,I51="1",I51=0,I51="0"),I51,IF(OR(J51=1,J51="1",J51=0,J51="0"),J51,IF(OR(K51=1,K51="1",K51=0,K51="0"),K51,"NA"))) -> 0 | Q51: =IF(OR(L51=1,L51="1",L51=0,L51="0"),L51,IF(OR(M51=1,M51="1",M51=0,M51="0"),M51,IF(OR(N51=1,N51="1",N51=0,N51="0"),N51,"NA"))) -> 0
A52: 50 | B52: NONCI | C52: tract_0054 | D52: D3_C3 | E52: 2.1592791 | F52: 41.379926 | G52: https://www.google.com/maps/@?api=1&map_action=pano&viewpoint=41.3799261629063,2.1592791307784 | H52: =HYPERLINK("https://www.google.com/maps/@?api=1&map_action=pano&viewpoint=41.3799261629063,2.1592791307784","Open GSV") -> Open GSV | I52: 0 | L52: 0 | P52: =IF(OR(I52=1,I52="1",I52=0,I52="0"),I52,IF(OR(J52=1,J52="1",J52=0,J52="0"),J52,IF(OR(K52=1,K52="1",K52=0,K52="0"),K52,"NA"))) -> 0 | Q52: =IF(OR(L52=1,L52="1",L52=0,L52="0"),L52,IF(OR(M52=1,M52="1",M52=0,M52="0"),M52,IF(OR(N52=1,N52="1",N52=0,N52="0"),N52,"NA"))) -> 0

Sheet NONCI_vpg
I1: 2023 | L1: 2015
A2: id | B2: class | C2: tract_id | D2: stratum | E2: lon | F2: lat | G2: gsv_link | H2: GSV | I2: present_2023 | J2: present_2024 | K2: present_2022 | L2: present_2015 | M2: present_2014 | N2: present_2016 | O2: notes | P2: present_followup | Q2: present_baseline
A3: 1 | B3: NONCI | C3: tract_0001 | D3: D1_C1 | E3: 2.1096694 | F3: 41.39311 | G3: https://www.google.com/maps/@?api=1&map_action=pano&viewpoint=41.3931098000992,2.10966944882359 | H3: =HYPERLINK("https://www.google.com/maps/@?api=1&map_action=pano&viewpoint=41.3931098000992,2.10966944882359","Open GSV") -> Open GSV | I3: 0 | L3: 0 | O3: highway both | P3: =IF(OR(I3=1,I3="1",I3=0,I3="0"),I3,IF(OR(J3=1,J3="1",J3=0,J3="0"),J3,IF(OR(K3=1,K3="1",K3=0,K3="0"),K3,"NA"))) -> 0 | Q3: =IF(OR(L3=1,L3="1",L3=0,L3="0"),L3,IF(OR(M3=1,M3="1",M3=0,M3="0"),M3,IF(OR(N3=1,N3="1",N3=0,N3="0"),N3,"NA"))) -> 0
A4: 2 | B4: NONCI | C4: tract_0002 | D4: D1_C1 | E4: 2.1707601 | F4: 41.425631 | G4: https://www.google.com/maps/@?api=1&map_action=pano&viewpoint=41.42563144302,2.17076011284377 | H4: =HYPERLINK("https://www.google.com/maps/@?api=1&map_action=pano&viewpoint=41.42563144302,2.17076011284377","Open GSV") -> Open GSV | I4: 0 | L4: 0 | O4: peg moved 2023 | P4: =IF(OR(I4=1,I4="1",I4=0,I4="0"),I4,IF(OR(J4=1,J4="1",J4=0,J4="0"),J4,IF(OR(K4=1,K4="1",K4=0,K4="0"),K4,"NA"))) -> 0 | Q4: =IF(OR(L4=1,L4="1",L4=0,L4="0"),L4,IF(OR(M4=1,M4="1",M4=0,M4="0"),M4,IF(OR(N4=1,N4="1",N4=0,N4="0"),N4,"NA"))) -> 0
A5: 3 | B5: NONCI | C5: tract_0003 | D5: D1_C1 | E5: 2.1857639 | F5: 41.456786 | G5: https://www.google.com/maps/@?api=1&map_action=pano&viewpoint=41.4567861028979,2.18576385526455 | H5: =HYPERLINK("https://www.google.com/maps/@?api=1&map_action=pano&viewpoint=41.4567861028979,2.18576385526455","Open GSV") -> Open GSV | I5: NA | J5: NA | K5: 0 | L5: NA | M5: NA | N5: NA | O5: Point visible and available only 2022 | P5: =IF(OR(I5=1,I5="1",I5=0,I5="0"),I5,IF(OR(J5=1,J5="1",J5=0,J5="0"),J5,IF(OR(K5=1,K5="1",K5=0,K5="0"),K5,"NA"))) -> 0 | Q5: =IF(OR(L5=1,L5="1",L5=0,L5="0"),L5,IF(OR(M5=1,M5="1",M5=0,M5="0"),M5,IF(OR(N5=1,N5="1",N5=0,N5="0"),N5,"NA"))) -> NA
A6: 4 | B6: NONCI | C6: tract_0004 | D6: D1_C1 | E6: 2.1404115 | F6: 41.413373 | G6: https://www.google.com/maps/@?api=1&map_action=pano&viewpoint=41.4133726186721,2.14041149568948 | H6: =HYPERLINK("https://www.google.com/maps/@?api=1&map_action=pano&viewpoint=41.4133726186721,2.14041149568948","Open GSV") -> Open GSV | I6: NA | J6: 1 | L6: 0 | P6: =IF(OR(I6=1,I6="1",I6=0,I6="0"),I6,IF(OR(J6=1,J6="1",J6=0,J6="0"),J6,IF(OR(K6=1,K6="1",K6=0,K6="0"),K6,"NA"))) -> 1 | Q6: =IF(OR(L6=1,L6="1",L6=0,L6="0"),L6,IF(OR(M6=1,M6="1",M6=0,M6="0"),M6,IF(OR(N6=1,N6="1",N6=0,N6="0"),N6,"NA"))) -> 0
A7: 5 | B7: NONCI | C7: tract_0005 | D7: D1_C1 | E7: 2.2075774 | F7: 41.421884 | G7: https://www.google.com/maps/@?api=1&map_action=pano&viewpoint=41.421884497198,2.20757742081785 | H7: =HYPERLINK("https://www.google.com/maps/@?api=1&map_action=pano&viewpoint=41.421884497198,2.20757742081785","Open GSV") -> Open GSV | I7: NA | J7: 0 | L7: 0 | O7: Peg moved 2024 | P7: =IF(OR(I7=1,I7="1",I7=0,I7="0"),I7,IF(OR(J7=1,J7="1",J7=0,J7="0"),J7,IF(OR(K7=1,K7="1",K7=0,K7="0"),K7,"NA"))) -> 0 | Q7: =IF(OR(L7=1,L7="1",L7=0,L7="0"),L7,IF(OR(M7=1,M7="1",M7=0,M7="0"),M7,IF(OR(N7=1,N7="1",N7=0,N7="0"),N7,"NA"))) -> 0
A8: 6 | B8: NONCI | C8: tract_0006 | D8: D1_C1 | E8: 2.2029912 | F8: 41.428925 | G8: https://www.google.com/maps/@?api=1&map_action=pano&viewpoint=41.4289252087897,2.20299116790196 | H8: =HYPERLINK("https://www.google.com/maps/@?api=1&map_action=pano&viewpoint=41.4289252087897,2.20299116790196","Open GSV") -> Open GSV | I8: NA | J8: NA | K8: 0 | L8: 0 | P8: =IF(OR(I8=1,I8="1",I8=0,I8="0"),I8,IF(OR(J8=1,J8="1",J8=0,J8="0"),J8,IF(OR(K8=1,K8="1",K8=0,K8="0"),K8,"NA"))) -> 0 | Q8: =IF(OR(L8=1,L8="1",L8=0,L8="0"),L8,IF(OR(M8=1,M8="1",M8=0,M8="0"),M8,IF(OR(N8=1,N8="1",N8=0,N8="0"),N8,"NA"))) -> 0
A9: 7 | B9: NONCI | C9: tract_0007 | D9: D1_C2 | E9: 2.1366097 | F9: 41.388546 | G9: https://www.google.com/maps/@?api=1&map_action=pano&viewpoint=41.3885463785907,2.13660974468779 | H9: =HYPERLINK("https://www.google.com/maps/@?api=1&map_action=pano&viewpoint=41.3885463785907,2.13660974468779","Open GSV") -> Open GSV | I9: 0 | L9: 0 | P9: =IF(OR(I9=1,I9="1",I9=0,I9="0"),I9,IF(OR(J9=1,J9="1",J9=0,J9="0"),J9,IF(OR(K9=1,K9="1",K9=0,K9="0"),K9,"NA"))) -> 0 | Q9: =IF(OR(L9=1,L9="1",L9=0,L9="0"),L9,IF(OR(M9=1,M9="1",M9=0,M9="0"),M9,IF(OR(N9=1,N9="1",N9=0,N9="0"),N9,"NA"))) -> 0
A10: 8 | B10: NONCI | C10: tract_0008 | D10: D1_C2 | E10: 2.1962692 | F10: 41.419144 | G10: https://www.google.com/maps/@?api=1&map_action=pano&viewpoint=41.4191436986582,2.19626920405746 | H10: =HYPERLINK("https://www.google.com/maps/@?api=1&map_action=pano&viewpoint=41.4191436986582,2.19626920405746","Open GSV") -> Open GSV | I10: 0 | L10: 0 | P10: =IF(OR(I10=1,I10="1",I10=0,I10="0"),I10,IF(OR(J10=1,J10="1",J10=0,J10="0"),J10,IF(OR(K10=1,K10="1",K10=0,K10="0"),K10,"NA"))) -> 0 | Q10: =IF(OR(L10=1,L10="1",L10=0,L10="0"),L10,IF(OR(M10=1,M10="1",M10=0,M10="0"),M10,IF(OR(N10=1,N10="1",N10=0,N10="0"),N10,"NA"))) -> 0
A11: 9 | B11: NONCI | C11: tract_0009 | D11: D1_C2 | E11: 2.1998802 | F11: 41.417475 | G11: https://www.google.com/maps/@?api=1&map_action=pano&viewpoint=41.4174746853951,2.19988021385839 | H11: =HYPERLINK("https://www.google.com/maps/@?api=1&map_action=pano&viewpoint=41.4174746853951,2.19988021385839","Open GSV") -> Open GSV | I11: 0 | L11: 0 | O11: Peg moved 2023 | P11: =IF(OR(I11=1,I11="1",I11=0,I11="0"),I11,IF(OR(J11=1,J11="1",J11=0,J11="0"),J11,IF(OR(K11=1,K11="1",K11=0,K11="0"),K11,"NA"))) -> 0 | Q11: =IF(OR(L11=1,L11="1",L11=0,L11="0"),L11,IF(OR(M11=1,M11="1",M11=0,M11="0"),M11,IF(OR(N11=1,N11="1",N11=0,N11="0"),N11,"NA"))) -> 0
A12: 10 | B12: NONCI | C12: tract_0010 | D12: D1_C2 | E12: 2.1732849 | F12: 41.417221 | G12: https://www.google.com/maps/@?api=1&map_action=pano&viewpoint=41.4172205249202,2.17328491457674 | H12: =HYPERLINK("https://www.google.com/maps/@?api=1&map_action=pano&viewpoint=41.4172205249202,2.17328491457674","Open GSV") -> Open GSV | I12: 0 | L12: 0 | P12: =IF(OR(I12=1,I12="1",I12=0,I12="0"),I12,IF(OR(J12=1,J12="1",J12=0,J12="0"),J12,IF(OR(K12=1,K12="1",K12=0,K12="0"),K12,"NA"))) -> 0 | Q12: =IF(OR(L12=1,L12="1",L12=0,L12="0"),L12,IF(OR(M12=1,M12="1",M12=0,M12="0"),M12,IF(OR(N12=1,N12="1",N12=0,N12="0"),N12,"NA"))) -> 0
A13: 11 | B13: NONCI | C13: tract_0011 | D13: D1_C2 | E13: 2.2089266 | F13: 41.420082 | G13: https://www.google.com/maps/@?api=1&map_action=pano&viewpoint=41.4200820003214,2.20892659914445 | H13: =HYPERLINK("https://www.google.com/maps/@?api=1&map_action=pano&viewpoint=41.4200820003214,2.20892659914445","Open GSV") -> Open GSV | I13: NA | J13: 0 | L13: 0 | P13: =IF(OR(I13=1,I13="1",I13=0,I13="0"),I13,IF(OR(J13=1,J13="1",J13=0,J13="0"),J13,IF(OR(K13=1,K13="1",K13=0,K13="0"),K13,"NA"))) -> 0 | Q13: =IF(OR(L13=1,L13="1",L13=0,L13="0"),L13,IF(OR(M13=1,M13="1",M13=0,M13="0"),M13,IF(OR(N13=1,N13="1",N13=0,N13="0"),N13,"NA"))) -> 0
A14: 12 | B14: NONCI | C14: tract_0012 | D14: D1_C2 | E14: 2.1597853 | F14: 41.41323 | G14: https://www.google.com/maps/@?api=1&map_action=pano&viewpoint=41.4132303522674,2.15978534461398 | H14: =HYPERLINK("https://www.google.com/maps/@?api=1&map_action=pano&viewpoint=41.4132303522674,2.15978534461398","Open GSV") -> Open GSV | I14: 0 | L14: 0 | P14: =IF(OR(I14=1,I14="1",I14=0,I14="0"),I14,IF(OR(J14=1,J14="1",J14=0,J14="0"),J14,IF(OR(K14=1,K14="1",K14=0,K14="0"),K14,"NA"))) -> 0 | Q14: =IF(OR(L14=1,L14="1",L14=0,L14="0"),L14,IF(OR(M14=1,M14="1",M14=0,M14="0"),M14,IF(OR(N14=1,N14="1",N14=0,N14="0"),N14,"NA"))) -> 0
A15: 13 | B15: NONCI | C15: tract_0013 | D15: D1_C3 | E15: 2.19998 | F15: 41.395991 | G15: https://www.google.com/maps/@?api=1&map_action=pano&viewpoint=41.3959909832228,2.19997997114306 | H15: =HYPERLINK("https://www.google.com/maps/@?api=1&map_action=pano&viewpoint=41.3959909832228,2.19997997114306","Open GSV") -> Open GSV | I15: NA | J15: NA | K15: 0 | L15: 0 | P15: =IF(OR(I15=1,I15="1",I15=0,I15="0"),I15,IF(OR(J15=1,J15="1",J15=0,J15="0"),J15,IF(OR(K15=1,K15="1",K15=0,K15="0"),K15,"NA"))) -> 0 | Q15: =IF(OR(L15=1,L15="1",L15=0,L15="0"),L15,IF(OR(M15=1,M15="1",M15=0,M15="0"),M15,IF(OR(N15=1,N15="1",N15=0,N15="0"),N15,"NA"))) -> 0
A16: 14 | B16: NONCI | C16: tract_0014 | D16: D1_C3 | E16: 2.1774401 | F16: 41.380993 | G16: https://www.google.com/maps/@?api=1&map_action=pano&viewpoint=41.3809929493489,2.17744010327688 | H16: =HYPERLINK("https://www.google.com/maps/@?api=1&map_action=pano&viewpoint=41.3809929493489,2.17744010327688","Open GSV") -> Open GSV | I16: NA | J16: NA | K16: NA | L16: NA | M16: NA | N16: NA | O16: "No hi ha imatges de Street View disponibles aquí." | P16: =IF(OR(I16=1,I16="1",I16=0,I16="0"),I16,IF(OR(J16=1,J16="1",J16=0,J16="0"),J16,IF(OR(K16=1,K16="1",K16=0,K16="0"),K16,"NA"))) -> NA | Q16: =IF(OR(L16=1,L16="1",L16=0,L16="0"),L16,IF(OR(M16=1,M16="1",M16=0,M16="0"),M16,IF(OR(N16=1,N16="1",N16=0,N16="0"),N16,"NA"))) -> NA
A17: 15 | B17: NONCI | C17: tract_0015 | D17: D1_C3 | E17: 2.2012056 | F17: 41.396909 | G17: https://www.google.com/maps/@?api=1&map_action=pano&viewpoint=41.3969090980383,2.20120563906244 | H17: =HYPERLINK("https://www.google.com/maps/@?api=1&map_action=pano&viewpoint=41.3969090980383,2.20120563906244","Open GSV") -> Open GSV | I17: NA | J17: 0 | L17: 0 | P17: =IF(OR(I17=1,I17="1",I17=0,I17="0"),I17,IF(OR(J17=1,J17="1",J17=0,J17="0"),J17,IF(OR(K17=1,K17="1",K17=0,K17="0"),K17,"NA"))) -> 0 | Q17: =IF(OR(L17=1,L17="1",L17=0,L17="0"),L17,IF(OR(M17=1,M17="1",M17=0,M17="0"),M17,IF(OR(N17=1,N17="1",N17=0,N17="0"),N17,"NA"))) -> 0
A18: 16 | B18: NONCI | C18: tract_0016 | D18: D1_C3 | E18: 2.2061631 | F18: 41.407482 | G18: https://www.google.com/maps/@?api=1&map_action=pano&viewpoint=41.4074816884829,2.20616310358384 | H18: =HYPERLINK("https://www.google.com/maps/@?api=1&map_action=pano&viewpoint=41.4074816884829,2.20616310358384","Open GSV") -> Open GSV | I18: 0 | L18: 0 | P18: =IF(OR(I18=1,I18="1",I18=0,I18="0"),I18,IF(OR(J18=1,J18="1",J18=0,J18="0"),J18,IF(OR(K18=1,K18="1",K18=0,K18="0"),K18,"NA"))) -> 0 | Q18: =IF(OR(L18=1,L18="1",L18=0,L18="0"),L18,IF(OR(M18=1,M18="1",M18=0,M18="0"),M18,IF(OR(N18=1,N18="1",N18=0,N18="0"),N18,"NA"))) -> 0
A19: 17 | B19: NONCI | C19: tract_0017 | D19: D1_C3 | E19: 2.1486229 | F19: 41.375934 | G19: https://www.google.com/maps/@?api=1&map_action=pano&viewpoint=41.3759336501593,2.14862285042538 | H19: =HYPERLINK("https://www.google.com/maps/@?api=1&map_action=pano&viewpoint=41.3759336501593,2.14862285042538","Open GSV") -> Open GSV | I19: 1 | L19: 1 | O19: Lateral road bikeline | P19: =IF(OR(I19=1,I19="1",I19=0,I19="0"),I19,IF(OR(J19=1,J19="1",J19=0,J19="0"),J19,IF(OR(K19=1,K19="1",K19=0,K19="0"),K19,"NA"))) -> 1 | Q19: =IF(OR(L19=1,L19="1",L19=0,L19="0"),L19,IF(OR(M19=1,M19="1",M19=0,M19="0"),M19,IF(OR(N19=1,N19="1",N19=0,N19="0"),N19,"NA"))) -> 1
A20: 18 | B20: NONCI | C20: tract_0019 | D20: D2_C1 | E20: 2.1223388 | F20: 41.396889 | G20: https://www.google.com/maps/@?api=1&map_action=pano&viewpoint=41.3968893621289,2.12233882583103 | H20: =HYPERLINK("https://www.google.com/maps/@?api=1&map_action=pano&viewpoint=41.3968893621289,2.12233882583103","Open GSV") -> Open GSV | I20: NA | J20: NA | K20: 0 | L20: 0 | P20: =IF(OR(I20=1,I20="1",I20=0,I20="0"),I20,IF(OR(J20=1,J20="1",J20=0,J20="0"),J20,IF(OR(K20=1,K20="1",K20=0,K20="0"),K20,"NA"))) -> 0 | Q20: =IF(OR(L20=1,L20="1",L20=0,L20="0"),L20,IF(OR(M20=1,M20="1",M20=0,M20="0"),M20,IF(OR(N20=1,N20="1",N20=0,N20="0"),N20,"NA"))) -> 0
A21: 19 | B21: NONCI | C21: tract_0020 | D21: D2_C1 | E21: 2.1795075 | F21: 41.432161 | G21: https://www.google.com/maps/@?api=1&map_action=pano&viewpoint=41.4321612761947,2.17950753864319 | H21: =HYPERLINK("https://www.google.com/maps/@?api=1&map_action=pano&viewpoint=41.4321612761947,2.17950753864319","Open GSV") -> Open GSV | I21: 0 | L21: 0 | O21: Peg moved 2023 | P21: =IF(OR(I21=1,I21="1",I21=0,I21="0"),I21,IF(OR(J21=1,J21="1",J21=0,J21="0"),J21,IF(OR(K21=1,K21="1",K21=0,K21="0"),K21,"NA"))) -> 0 | Q21: =IF(OR(L21=1,L21="1",L21=0,L21="0"),L21,IF(OR(M21=1,M21="1",M21=0,M21="0"),M21,IF(OR(N21=1,N21="1",N21=0,N21="0"),N21,"NA"))) -> 0
A22: 20 | B22: NONCI | C22: tract_0021 | D22: D2_C1 | E22: 2.125769 | F22: 41.392901 | G22: https://www.google.com/maps/@?api=1&map_action=pano&viewpoint=41.3929009079565,2.1257689815069 | H22: =HYPERLINK("https://www.google.com/maps/@?api=1&map_action=pano&viewpoint=41.3929009079565,2.1257689815069","Open GSV") -> Open GSV | I22: NA | J22: NA | K22: 0 | L22: 0 | P22: =IF(OR(I22=1,I22="1",I22=0,I22="0"),I22,IF(OR(J22=1,J22="1",J22=0,J22="0"),J22,IF(OR(K22=1,K22="1",K22=0,K22="0"),K22,"NA"))) -> 0 | Q22: =IF(OR(L22=1,L22="1",L22=0,L22="0"),L22,IF(OR(M22=1,M22="1",M22=0,M22="0"),M22,IF(OR(N22=1,N22="1",N22=0,N22="0"),N22,"NA"))) -> 0
A23: 21 | B23: NONCI | C23: tract_0022 | D23: D2_C1 | E23: 2.1850895 | F23: 41.434548 | G23: https://www.google.com/maps/@?api=1&map_action=pano&viewpoint=41.4345475359841,2.18508949253952 | H23: =HYPERLINK("https://www.google.com/maps/@?api=1&map_action=pano&viewpoint=41.4345475359841,2.18508949253952","Open GSV") -> Open GSV | I23: 0 | L23: 0 | O23: Peg moved both | P23: =IF(OR(I23=1,I23="1",I23=0,I23="0"),I23,IF(OR(J23=1,J23="1",J23=0,J23="0"),J23,IF(OR(K23=1,K23="1",K23=0,K23="0"),K23,"NA"))) -> 0 | Q23: =IF(OR(L23=1,L23="1",L23=0,L23="0"),L23,IF(OR(M23=1,M23="1",M23=0,M23="0"),M23,IF(OR(N23=1,N23="1",N23=0,N23="0"),N23,"NA"))) -> 0
A24: 22 | B24: NONCI | C24: tract_0023 | D24: D2_C1 | E24: 2.1755407 | F24: 41.42807 | G24: https://www.google.com/maps/@?api=1&map_action=pano&viewpoint=41.4280696452023,2.17554070368043 | H24: =HYPERLINK("https://www.google.com/maps/@?api=1&map_action=pano&viewpoint=41.4280696452023,2.17554070368043","Open GSV") -> Open GSV | I24: 1 | L24: 1 | O24: Sidewalk materials suggest bike lane for for both | P24: =IF(OR(I24=1,I24="1",I24=0,I24="0"),I24,IF(OR(J24=1,J24="1",J24=0,J24="0"),J24,IF(OR(K24=1,K24="1",K24=0,K24="0"),K24,"NA"))) -> 1 | Q24: =IF(OR(L24=1,L24="1",L24=0,L24="0"),L24,IF(OR(M24=1,M24="1",M24=0,M24="0"),M24,IF(OR(N24=1,N24="1",N24=0,N24="0"),N24,"NA"))) -> 1
A25: 23 | B25: NONCI | C25: tract_0024 | D25: D2_C1 | E25: 2.1893268 | F25: 41.441023 | G25: https://www.google.com/maps/@?api=1&map_action=pano&viewpoint=41.441022771618,2.18932677644068 | H25: =HYPERLINK("https://www.google.com/maps/@?api=1&map_action=pano&viewpoint=41.441022771618,2.18932677644068","Open GSV") -> Open GSV | I25: 0 | L25: 0 | O25: Peg moved 2023 | P25: =IF(OR(I25=1,I25="1",I25=0,I25="0"),I25,IF(OR(J25=1,J25="1",J25=0,J25="0"),J25,IF(OR(K25=1,K25="1",K25=0,K25="0"),K25,"NA"))) -> 0 | Q25: =IF(OR(L25=1,L25="1",L25=0,L25="0"),L25,IF(OR(M25=1,M25="1",M25=0,M25="0"),M25,IF(OR(N25=1,N25="1",N25=0,N25="0"),N25,"NA"))) -> 0
A26: 24 | B26: NONCI | C26: tract_0025 | D26: D2_C2 | E26: 2.1511627 | F26: 41.402812 | G26: https://www.google.com/maps/@?api=1&map_action=pano&viewpoint=41.402812348001,2.15116268294438 | H26: =HYPERLINK("https://www.google.com/maps/@?api=1&map_action=pano&viewpoint=41.402812348001,2.15116268294438","Open GSV") -> Open GSV | I26: 0 | L26: 0 | P26: =IF(OR(I26=1,I26="1",I26=0,I26="0"),I26,IF(OR(J26=1,J26="1",J26=0,J26="0"),J26,IF(OR(K26=1,K26="1",K26=0,K26="0"),K26,"NA"))) -> 0 | Q26: =IF(OR(L26=1,L26="1",L26=0,L26="0"),L26,IF(OR(M26=1,M26="1",M26=0,M26="0"),M26,IF(OR(N26=1,N26="1",N26=0,N26="0"),N26,"NA"))) -> 0
A27: 25 | B27: NONCI | C27: tract_0026 | D27: D2_C2 | E27: 2.1391236 | F27: 41.401352 | G27: https://www.google.com/maps/@?api=1&map_action=pano&viewpoint=41.401352000536,2.13912364858407 | H27: =HYPERLINK("https://www.google.com/maps/@?api=1&map_action=pano&viewpoint=41.401352000536,2.13912364858407","Open GSV") -> Open GSV | I27: NA | J27: NA | K27: 0 | L27: 0 | P27: =IF(OR(I27=1,I27="1",I27=0,I27="0"),I27,IF(OR(J27=1,J27="1",J27=0,J27="0"),J27,IF(OR(K27=1,K27="1",K27=0,K27="0"),K27,"NA"))) -> 0 | Q27: =IF(OR(L27=1,L27="1",L27=0,L27="0"),L27,IF(OR(M27=1,M27="1",M27=0,M27="0"),M27,IF(OR(N27=1,N27="1",N27=0,N27="0"),N27,"NA"))) -> 0
A28: 26 | B28: NONCI | C28: tract_0027 | D28: D2_C2 | E28: 2.1708582 | F28: 41.422765 | G28: https://www.google.com/maps/@?api=1&map_action=pano&viewpoint=41.422764637869,2.17085824555913 | H28: =HYPERLINK("https://www.google.com/maps/@?api=1&map_action=pano&viewpoint=41.422764637869,2.17085824555913","Open GSV") -> Open GSV | I28: NA | J28: NA | K28: 0 | L28: 0 | O28: Peg moved both | P28: =IF(OR(I28=1,I28="1",I28=0,I28="0"),I28,IF(OR(J28=1,J28="1",J28=0,J28="0"),J28,IF(OR(K28=1,K28="1",K28=0,K28="0"),K28,"NA"))) -> 0 | Q28: =IF(OR(L28=1,L28="1",L28=0,L28="0"),L28,IF(OR(M28=1,M28="1",M28=0,M28="0"),M28,IF(OR(N28=1,N28="1",N28=0,N28="0"),N28,"NA"))) -> 0
A29: 27 | B29: NONCI | C29: tract_0028 | D29: D2_C2 | E29: 2.1843064 | F29: 41.41443 | G29: https://www.google.com/maps/@?api=1&map_action=pano&viewpoint=41.4144295869578,2.18430636382698 | H29: =HYPERLINK("https://www.google.com/maps/@?api=1&map_action=pano&viewpoint=41.4144295869578,2.18430636382698","Open GSV") -> Open GSV | I29: 0 | L29: 0 | P29: =IF(OR(I29=1,I29="1",I29=0,I29="0"),I29,IF(OR(J29=1,J29="1",J29=0,J29="0"),J29,IF(OR(K29=1,K29="1",K29=0,K29="0"),K29,"NA"))) -> 0 | Q29: =IF(OR(L29=1,L29="1",L29=0,L29="0"),L29,IF(OR(M29=1,M29="1",M29=0,M29="0"),M29,IF(OR(N29=1,N29="1",N29=0,N29="0"),N29,"NA"))) -> 0
A30: 28 | B30: NONCI | C30: tract_0029 | D30: D2_C2 | E30: 2.1554865 | F30: 41.407427 | G30: https://www.google.com/maps/@?api=1&map_action=pano&viewpoint=41.4074267663036,2.15548652012964 | H30: =HYPERLINK("https://www.google.com/maps/@?api=1&map_action=pano&viewpoint=41.4074267663036,2.15548652012964","Open GSV") -> Open GSV | I30: 0 | L30: 0 | P30: =IF(OR(I30=1,I30="1",I30=0,I30="0"),I30,IF(OR(J30=1,J30="1",J30=0,J30="0"),J30,IF(OR(K30=1,K30="1",K30=0,K30="0"),K30,"NA"))) -> 0 | Q30: =IF(OR(L30=1,L30="1",L30=0,L30="0"),L30,IF(OR(M30=1,M30="1",M30=0,M30="0"),M30,IF(OR(N30=1,N30="1",N30=0,N30="0"),N30,"NA"))) -> 0
A31: 29 | B31: NONCI | C31: tract_0030 | D31: D2_C2 | E31: 2.1362256 | F31: 41.386887 | G31: https://www.google.com/maps/@?api=1&map_action=pano&viewpoint=41.3868869775373,2.13622558148501 | H31: =HYPERLINK("https://www.google.com/maps/@?api=1&map_action=pano&viewpoint=41.3868869775373,2.13622558148501","Open GSV") -> Open GSV | I31: 0 | L31: 0 | O31: Peg moved both | P31: =IF(OR(I31=1,I31="1",I31=0,I31="0"),I31,IF(OR(J31=1,J31="1",J31=0,J31="0"),J31,IF(OR(K31=1,K31="1",K31=0,K31="0"),K31,"NA"))) -> 0 | Q31: =IF(OR(L31=1,L31="1",L31=0,L31="0"),L31,IF(OR(M31=1,M31="1",M31=0,M31="0"),M31,IF(OR(N31=1,N31="1",N31=0,N31="0"),N31,"NA"))) -> 0
A32: 30 | B32: NONCI | C32: tract_0031 | D32: D2_C3 | E32: 2.1845963 | F32: 41.391454 | G32: https://www.google.com/maps/@?api=1&map_action=pano&viewpoint=41.3914544159587,2.1845963289228 | H32: =HYPERLINK("https://www.google.com/maps/@?api=1&map_action=pano&viewpoint=41.3914544159587,2.1845963289228","Open GSV") -> Open GSV | I32: 0 | L32: 0 | P32: =IF(OR(I32=1,I32="1",I32=0,I32="0"),I32,IF(OR(J32=1,J32="1",J32=0,J32="0"),J32,IF(OR(K32=1,K32="1",K32=0,K32="0"),K32,"NA"))) -> 0 | Q32: =IF(OR(L32=1,L32="1",L32=0,L32="0"),L32,IF(OR(M32=1,M32="1",M32=0,M32="0"),M32,IF(OR(N32=1,N32="1",N32=0,N32="0"),N32,"NA"))) -> 0
A33: 31 | B33: NONCI | C33: tract_0032 | D33: D2_C3 | E33: 2.2022147 | F33: 41.401033 | G33: https://www.google.com/maps/@?api=1&map_action=pano&viewpoint=41.4010327445693,2.20221468620139 | H33: =HYPERLINK("https://www.google.com/maps/@?api=1&map_action=pano&viewpoint=41.4010327445693,2.20221468620139","Open GSV") -> Open GSV | I33: 0 | L33: 0 | P33: =IF(OR(I33=1,I33="1",I33=0,I33="0"),I33,IF(OR(J33=1,J33="1",J33=0,J33="0"),J33,IF(OR(K33=1,K33="1",K33=0,K33="0"),K33,"NA"))) -> 0 | Q33: =IF(OR(L33=1,L33="1",L33=0,L33="0"),L33,IF(OR(M33=1,M33="1",M33=0,M33="0"),M33,IF(OR(N33=1,N33="1",N33=0,N33="0"),N33,"NA"))) -> 0
A34: 32 | B34: NONCI | C34: tract_0033 | D34: D2_C3 | E34: 2.1916392 | F34: 41.379661 | G34: https://www.google.com/maps/@?api=1&map_action=pano&viewpoint=41.3796612123254,2.19163916237013 | H34: =HYPERLINK("https://www.google.com/maps/@?api=1&map_action=pano&viewpoint=41.3796612123254,2.19163916237013","Open GSV") -> Open GSV | I34: 0 | L34: 0 | P34: =IF(OR(I34=1,I34="1",I34=0,I34="0"),I34,IF(OR(J34=1,J34="1",J34=0,J34="0"),J34,IF(OR(K34=1,K34="1",K34=0,K34="0"),K34,"NA"))) -> 0 | Q34: =IF(OR(L34=1,L34="1",L34=0,L34="0"),L34,IF(OR(M34=1,M34="1",M34=0,M34="0"),M34,IF(OR(N34=1,N34="1",N34=0,N34="0"),N34,"NA"))) -> 0
A35: 33 | B35: NONCI | C35: tract_0034 | D35: D2_C3 | E35: 2.1826533 | F35: 41.384651 | G35: https://www.google.com/maps/@?api=1&map_action=pano&viewpoint=41.3846505730388,2.18265325193222 | H35: =HYPERLINK("https://www.google.com/maps/@?api=1&map_action=pano&viewpoint=41.3846505730388,2.18265325193222","Open GSV") -> Open GSV | I35: NA | J35: NA | K35: 0 | L35: NA | M35: NA | N35: NA | O35: "No hi ha imatges de Street View disponibles aquí." | P35: =IF(OR(I35=1,I35="1",I35=0,I35="0"),I35,IF(OR(J35=1,J35="1",J35=0,J35="0"),J35,IF(OR(K35=1,K35="1",K35=0,K35="0"),K35,"NA"))) -> 0 | Q35: =IF(OR(L35=1,L35="1",L35=0,L35="0"),L35,IF(OR(M35=1,M35="1",M35=0,M35="0"),M35,IF(OR(N35=1,N35="1",N35=0,N35="0"),N35,"NA"))) -> NA
A36: 34 | B36: NONCI | C36: tract_0036 | D36: D2_C3 | E36: 2.1540659 | F36: 41.398319 | G36: https://www.google.com/maps/@?api=1&map_action=pano&viewpoint=41.3983190714338,2.15406591630209 | H36: =HYPERLINK("https://www.google.com/maps/@?api=1&map_action=pano&viewpoint=41.3983190714338,2.15406591630209","Open GSV") -> Open GSV | I36: 0 | L36: 0 | P36: =IF(OR(I36=1,I36="1",I36=0,I36="0"),I36,IF(OR(J36=1,J36="1",J36=0,J36="0"),J36,IF(OR(K36=1,K36="1",K36=0,K36="0"),K36,"NA"))) -> 0 | Q36: =IF(OR(L36=1,L36="1",L36=0,L36="0"),L36,IF(OR(M36=1,M36="1",M36=0,M36="0"),M36,IF(OR(N36=1,N36="1",N36=0,N36="0"),N36,"NA"))) -> 0
A37: 35 | B37: NONCI | C37: tract_0037 | D37: D3_C1 | E37: 2.1406255 | F37: 41.410798 | G37: https://www.google.com/maps/@?api=1&map_action=pano&viewpoint=41.4107983437704,2.14062551536518 | H37: =HYPERLINK("https://www.google.com/maps/@?api=1&map_action=pano&viewpoint=41.4107983437704,2.14062551536518","Open GSV") -> Open GSV | I37: NA | J37: NA | K37: 0 | L37: 0 | P37: =IF(OR(I37=1,I37="1",I37=0,I37="0"),I37,IF(OR(J37=1,J37="1",J37=0,J37="0"),J37,IF(OR(K37=1,K37="1",K37=0,K37="0"),K37,"NA"))) -> 0 | Q37: =IF(OR(L37=1,L37="1",L37=0,L37="0"),L37,IF(OR(M37=1,M37="1",M37=0,M37="0"),M37,IF(OR(N37=1,N37="1",N37=0,N37="0"),N37,"NA"))) -> 0
A38: 36 | B38: NONCI | C38: tract_0038 | D38: D3_C1 | E38: 2.1737524 | F38: 41.425233 | G38: https://www.google.com/maps/@?api=1&map_action=pano&viewpoint=41.4252332989099,2.17375238634433 | H38: =HYPERLINK("https://www.google.com/maps/@?api=1&map_action=pano&viewpoint=41.4252332989099,2.17375238634433","Open GSV") -> Open GSV | I38: 0 | L38: 0 | P38: =IF(OR(I38=1,I38="1",I38=0,I38="0"),I38,IF(OR(J38=1,J38="1",J38=0,J38="0"),J38,IF(OR(K38=1,K38="1",K38=0,K38="0"),K38,"NA"))) -> 0 | Q38: =IF(OR(L38=1,L38="1",L38=0,L38="0"),L38,IF(OR(M38=1,M38="1",M38=0,M38="0"),M38,IF(OR(N38=1,N38="1",N38=0,N38="0"),N38,"NA"))) -> 0
A39: 37 | B39: NONCI | C39: tract_0039 | D39: D3_C1 | E39: 2.1753932 | F39: 41.43796 | G39: https://www.google.com/maps/@?api=1&map_action=pano&viewpoint=41.4379598373132,2.17539315404594 | H39: =HYPERLINK("https://www.google.com/maps/@?api=1&map_action=pano&viewpoint=41.4379598373132,2.17539315404594","Open GSV") -> Open GSV | I39: NA | J39: NA | K39: 0 | L39: 0 | P39: =IF(OR(I39=1,I39="1",I39=0,I39="0"),I39,IF(OR(J39=1,J39="1",J39=0,J39="0"),J39,IF(OR(K39=1,K39="1",K39=0,K39="0"),K39,"NA"))) -> 0 | Q39: =IF(OR(L39=1,L39="1",L39=0,L39="0"),L39,IF(OR(M39=1,M39="1",M39=0,M39="0"),M39,IF(OR(N39=1,N39="1",N39=0,N39="0"),N39,"NA"))) -> 0
A40: 38 | B40: NONCI | C40: tract_0040 | D40: D3_C1 | E40: 2.1721461 | F40: 41.428353 | G40: https://www.google.com/maps/@?api=1&map_action=pano&viewpoint=41.4283525000278,2.172146050328 | H40: =HYPERLINK("https://www.google.com/maps/@?api=1&map_action=pano&viewpoint=41.4283525000278,2.172146050328","Open GSV") -> Open GSV | I40: 0 | L40: 0 | P40: =IF(OR(I40=1,I40="1",I40=0,I40="0"),I40,IF(OR(J40=1,J40="1",J40=0,J40="0"),J40,IF(OR(K40=1,K40="1",K40=0,K40="0"),K40,"NA"))) -> 0 | Q40: =IF(OR(L40=1,L40="1",L40=0,L40="0"),L40,IF(OR(M40=1,M40="1",M40=0,M40="0"),M40,IF(OR(N40=1,N40="1",N40=0,N40="0"),N40,"NA"))) -> 0
A41: 39 | B41: NONCI | C41: tract_0041 | D41: D3_C1 | E41: 2.1249778 | F41: 41.376284 | G41: https://www.google.com/maps/@?api=1&map_action=pano&viewpoint=41.3762841412853,2.12497775693313 | H41: =HYPERLINK("https://www.google.com/maps/@?api=1&map_action=pano&viewpoint=41.3762841412853,2.12497775693313","Open GSV") -> Open GSV | I41: 0 | L41: 0 | P41: =IF(OR(I41=1,I41="1",I41=0,I41="0"),I41,IF(OR(J41=1,J41="1",J41=0,J41="0"),J41,IF(OR(K41=1,K41="1",K41=0,K41="0"),K41,"NA"))) -> 0 | Q41: =IF(OR(L41=1,L41="1",L41=0,L41="0"),L41,IF(OR(M41=1,M41="1",M41=0,M41="0"),M41,IF(OR(N41=1,N41="1",N41=0,N41="0"),N41,"NA"))) -> 0
A42: 40 | B42: NONCI | C42: tract_0042 | D42: D3_C1 | E42: 2.184773 | F42: 41.425456 | G42: https://www.google.com/maps/@?api=1&map_action=pano&viewpoint=41.4254559968539,2.18477301094056 | H42: =HYPERLINK("https://www.google.com/maps/@?api=1&map_action=pano&viewpoint=41.4254559968539,2.18477301094056","Open GSV") -> Open GSV | I42: 0 | L42: 0 | P42: =IF(OR(I42=1,I42="1",I42=0,I42="0"),I42,IF(OR(J42=1,J42="1",J42=0,J42="0"),J42,IF(OR(K42=1,K42="1",K42=0,K42="0"),K42,"NA"))) -> 0 | Q42: =IF(OR(L42=1,L42="1",L42=0,L42="0"),L42,IF(OR(M42=1,M42="1",M42=0,M42="0"),M42,IF(OR(N42=1,N42="1",N42=0,N42="0"),N42,"NA"))) -> 0
A43: 41 | B43: NONCI | C43: tract_0043 | D43: D3_C2 | E43: 2.1314181 | F43: 41.375492 | G43: https://www.google.com/maps/@?api=1&map_action=pano&viewpoint=41.3754921613291,2.13141813732986 | H43: =HYPERLINK("https://www.google.com/maps/@?api=1&map_action=pano&viewpoint=41.3754921613291,2.13141813732986","Open GSV") -> Open GSV | I43: 0 | L43: 0 | P43: =IF(OR(I43=1,I43="1",I43=0,I43="0"),I43,IF(OR(J43=1,J43="1",J43=0,J43="0"),J43,IF(OR(K43=1,K43="1",K43=0,K43="0"),K43,"NA"))) -> 0 | Q43: =IF(OR(L43=1,L43="1",L43=0,L43="0"),L43,IF(OR(M43=1,M43="1",M43=0,M43="0"),M43,IF(OR(N43=1,N43="1",N43=0,N43="0"),N43,"NA"))) -> 0
A44: 42 | B44: NONCI | C44: tract_0044 | D44: D3_C2 | E44: 2.1799839 | F44: 41.413011 | G44: https://www.google.com/maps/@?api=1&map_action=pano&viewpoint=41.4130107880215,2.17998387981679 | H44: =HYPERLINK("https://www.google.com/maps/@?api=1&map_action=pano&viewpoint=41.4130107880215,2.17998387981679","Open GSV") -> Open GSV | I44: NA | J44: NA | K44: 0 | L44: 0 | P44: =IF(OR(I44=1,I44="1",I44=0,I44="0"),I44,IF(OR(J44=1,J44="1",J44=0,J44="0"),J44,IF(OR(K44=1,K44="1",K44=0,K44="0"),K44,"NA"))) -> 0 | Q44: =IF(OR(L44=1,L44="1",L44=0,L44="0"),L44,IF(OR(M44=1,M44="1",M44=0,M44="0"),M44,IF(OR(N44=1,N44="1",N44=0,N44="0"),N44,"NA"))) -> 0
A45: 43 | B45: NONCI | C45: tract_0045 | D45: D3_C2 | E45: 2.1374967 | F45: 41.383747 | G45: https://www.google.com/maps/@?api=1&map_action=pano&viewpoint=41.3837465996295,2.13749671208556 | H45: =HYPERLINK("https://www.google.com/maps/@?api=1&map_action=pano&viewpoint=41.3837465996295,2.13749671208556","Open GSV") -> Open GSV | I45: NA | J45: NA | K45: 0 | L45: 0 | P45: =IF(OR(I45=1,I45="1",I45=0,I45="0"),I45,IF(OR(J45=1,J45="1",J45=0,J45="0"),J45,IF(OR(K45=1,K45="1",K45=0,K45="0"),K45,"NA"))) -> 0 | Q45: =IF(OR(L45=1,L45="1",L45=0,L45="0"),L45,IF(OR(M45=1,M45="1",M45=0,M45="0"),M45,IF(OR(N45=1,N45="1",N45=0,N45="0"),N45,"NA"))) -> 0
A46: 44 | B46: NONCI | C46: tract_0046 | D46: D3_C2 | E46: 2.1887763 | F46: 41.418015 | G46: https://www.google.com/maps/@?api=1&map_action=pano&viewpoint=41.4180150021324,2.18877627141089 | H46: =HYPERLINK("https://www.google.com/maps/@?api=1&map_action=pano&viewpoint=41.4180150021324,2.18877627141089","Open GSV") -> Open GSV | I46: 0 | L46: 0 | P46: =IF(OR(I46=1,I46="1",I46=0,I46="0"),I46,IF(OR(J46=1,J46="1",J46=0,J46="0"),J46,IF(OR(K46=1,K46="1",K46=0,K46="0"),K46,"NA"))) -> 0 | Q46: =IF(OR(L46=1,L46="1",L46=0,L46="0"),L46,IF(OR(M46=1,M46="1",M46=0,M46="0"),M46,IF(OR(N46=1,N46="1",N46=0,N46="0"),N46,"NA"))) -> 0
A47: 45 | B47: NONCI | C47: tract_0048 | D47: D3_C2 | E47: 2.182716 | F47: 41.414253 | G47: https://www.google.com/maps/@?api=1&map_action=pano&viewpoint=41.4142526906724,2.18271602520715 | H47: =HYPERLINK("https://www.google.com/maps/@?api=1&map_action=pano&viewpoint=41.4142526906724,2.18271602520715","Open GSV") -> Open GSV | I47: 0 | L47: 0 | P47: =IF(OR(I47=1,I47="1",I47=0,I47="0"),I47,IF(OR(J47=1,J47="1",J47=0,J47="0"),J47,IF(OR(K47=1,K47="1",K47=0,K47="0"),K47,"NA"))) -> 0 | Q47: =IF(OR(L47=1,L47="1",L47=0,L47="0"),L47,IF(OR(M47=1,M47="1",M47=0,M47="0"),M47,IF(OR(N47=1,N47="1",N47=0,N47="0"),N47,"NA"))) -> 0
A48: 46 | B48: NONCI | C48: tract_0049 | D48: D3_C3 | E48: 2.1494074 | F48: 41.382995 | G48: https://www.google.com/maps/@?api=1&map_action=pano&viewpoint=41.3829948804712,2.14940742253693 | H48: =HYPERLINK("https://www.google.com/maps/@?api=1&map_action=pano&viewpoint=41.3829948804712,2.14940742253693","Open GSV") -> Open GSV | I48: 0 | L48: 0 | O48: 2015 construction works | P48: =IF(OR(I48=1,I48="1",I48=0,I48="0"),I48,IF(OR(J48=1,J48="1",J48=0,J48="0"),J48,IF(OR(K48=1,K48="1",K48=0,K48="0"),K48,"NA"))) -> 0 | Q48: =IF(OR(L48=1,L48="1",L48=0,L48="0"),L48,IF(OR(M48=1,M48="1",M48=0,M48="0"),M48,IF(OR(N48=1,N48="1",N48=0,N48="0"),N48,"NA"))) -> 0
A49: 47 | B49: NONCI | C49: tract_0051 | D49: D3_C3 | E49: 2.1547281 | F49: 41.377366 | G49: https://www.google.com/maps/@?api=1&map_action=pano&viewpoint=41.3773656033948,2.15472807927131 | H49: =HYPERLINK("https://www.google.com/maps/@?api=1&map_action=pano&viewpoint=41.3773656033948,2.15472807927131","Open GSV") -> Open GSV | I49: 0 | L49: 0 | P49: =IF(OR(I49=1,I49="1",I49=0,I49="0"),I49,IF(OR(J49=1,J49="1",J49=0,J49="0"),J49,IF(OR(K49=1,K49="1",K49=0,K49="0"),K49,"NA"))) -> 0 | Q49: =IF(OR(L49=1,L49="1",L49=0,L49="0"),L49,IF(OR(M49=1,M49="1",M49=0,M49="0"),M49,IF(OR(N49=1,N49="1",N49=0,N49="0"),N49,"NA"))) -> 0
A50: 48 | B50: NONCI | C50: tract_0052 | D50: D3_C3 | E50: 2.1482642 | F50: 41.382859 | G50: https://www.google.com/maps/@?api=1&map_action=pano&viewpoint=41.3828585874194,2.1482642373602 | H50: =HYPERLINK("https://www.google.com/maps/@?api=1&map_action=pano&viewpoint=41.3828585874194,2.1482642373602","Open GSV") -> Open GSV | I50: 0 | L50: 0 | O50: peg moved both | P50: =IF(OR(I50=1,I50="1",I50=0,I50="0"),I50,IF(OR(J50=1,J50="1",J50=0,J50="0"),J50,IF(OR(K50=1,K50="1",K50=0,K50="0"),K50,"NA"))) -> 0 | Q50: =IF(OR(L50=1,L50="1",L50=0,L50="0"),L50,IF(OR(M50=1,M50="1",M50=0,M50="0"),M50,IF(OR(N50=1,N50="1",N50=0,N50="0"),N50,"NA"))) -> 0
A51: 49 | B51: NONCI | C51: tract_0053 | D51: D3_C3 | E51: 2.1891224 | F51: 41.377735 | G51: https://www.google.com/maps/@?api=1&map_action=pano&viewpoint=41.3777345900509,2.18912239496258 | H51: =HYPERLINK("https://www.google.com/maps/@?api=1&map_action=pano&viewpoint=41.3777345900509,2.18912239496258","Open GSV") -> Open GSV | I51: 0 | L51: 0 | O51: peg moved 2023 | P51: =IF(OR(I51=1,I51="1",I51=0,I51="0"),I51,IF(OR(J51=1,J51="1",J51=0,J51="0"),J51,IF(OR(K51=1,K51="1",K51=0,K51="0"),K51,"NA"))) -> 0 | Q51: =IF(OR(L51=1,L51="1",L51=0,L51="0"),L51,IF(OR(M51=1,M51="1",M51=0,M51="0"),M51,IF(OR(N51=1,N51="1",N51=0,N51="0"),N51,"NA"))) -> 0
A52: 50 | B52: NONCI | C52: tract_0054 | D52: D3_C3 | E52: 2.1592791 | F52: 41.379926 | G52: https://www.google.com/maps/@?api=1&map_action=pano&viewpoint=41.3799261629063,2.1592791307784 | H52: =HYPERLINK("https://www.google.com/maps/@?api=1&map_action=pano&viewpoint=41.3799261629063,2.1592791307784","Open GSV") -> Open GSV | I52: 0 | L52: 0 | P52: =IF(OR(I52=1,I52="1",I52=0,I52="0"),I52,IF(OR(J52=1,J52="1",J52=0,J52="0"),J52,IF(OR(K52=1,K52="1",K52=0,K52="0"),K52,"NA"))) -> 0 | Q52: =IF(OR(L52=1,L52="1",L52=0,L52="0"),L52,IF(OR(M52=1,M52="1",M52=0,M52="0"),M52,IF(OR(N52=1,N52="1",N52=0,N52="0"),N52,"NA"))) -> 0

Sheet ADD
A1: id | B1: evt_present_followup | C1: vgp_present_followup | D1: evt_present_baseline | E1: vgp_present_baseline | F1: same_both | G1: GSV
A2: =ADD_vgp!A3 -> 1 | B2: =ADD_evt!P3 -> 1 | C2: =ADD_vgp!P3 -> 1 | D2: =ADD_evt!Q3 -> 1 | E2: =ADD_vgp!Q3 -> 1 | F2: =AND(B2=C2, D2=E2) -> TRUE | G2: =HYPERLINK("https://www.google.com/maps/@?api=1&map_action=pano&viewpoint=41.4581456267453,2.18031012416","Open GSV") -> Open GSV
A3: =ADD_vgp!A4 -> 2 | B3: =ADD_evt!P4 -> 1 | C3: =ADD_vgp!P4 -> 1 | D3: =ADD_evt!Q4 -> 1 | E3: =ADD_vgp!Q4 -> 1 | F3: =AND(B3=C3, D3=E3) -> TRUE | G3: =HYPERLINK("https://www.google.com/maps/@?api=1&map_action=pano&viewpoint=41.4584832431716,2.18066020262167","Open GSV") -> Open GSV
A4: =ADD_vgp!A5 -> 3 | B4: =ADD_evt!P5 -> 1 | C4: =ADD_vgp!P5 -> 1 | D4: =ADD_evt!Q5 -> 0 | E4: =ADD_vgp!Q5 -> 0 | F4: =AND(B4=C4, D4=E4) -> TRUE | G4: =HYPERLINK("https://www.google.com/maps/@?api=1&map_action=pano&viewpoint=41.4134215995416,2.14085269668676","Open GSV") -> Open GSV
A5: =ADD_vgp!A6 -> 4 | B5: =ADD_evt!P6 -> 1 | C5: =ADD_vgp!P6 -> 1 | D5: =ADD_evt!Q6 -> 0 | E5: =ADD_vgp!Q6 -> 0 | F5: =AND(B5=C5, D5=E5) -> TRUE | G5: =HYPERLINK("https://www.google.com/maps/@?api=1&map_action=pano&viewpoint=41.4262832087554,2.20113165987653","Open GSV") -> Open GSV
A6: =ADD_vgp!A7 -> 5 | B6: =ADD_evt!P7 -> 1 | C6: =ADD_vgp!P7 -> 1 | D6: =ADD_evt!Q7 -> 0 | E6: =ADD_vgp!Q7 -> 0 | F6: =AND(B6=C6, D6=E6) -> TRUE | G6: =HYPERLINK("https://www.google.com/maps/@?api=1&map_action=pano&viewpoint=41.4260327049088,2.2001190522901","Open GSV") -> Open GSV
A7: =ADD_vgp!A8 -> 6 | B7: =ADD_evt!P8 -> 1 | C7: =ADD_vgp!P8 -> 1 | D7: =ADD_evt!Q8 -> 0 | E7: =ADD_vgp!Q8 -> 0 | F7: =AND(B7=C7, D7=E7) -> TRUE | G7: =HYPERLINK("https://www.google.com/maps/@?api=1&map_action=pano&viewpoint=41.3881854073843,2.13402755812854","Open GSV") -> Open GSV
A8: =ADD_vgp!A9 -> 7 | B8: =ADD_evt!P9 -> 1 | C8: =ADD_vgp!P9 -> 1 | D8: =ADD_evt!Q9 -> 0 | E8: =ADD_vgp!Q9 -> 0 | F8: =AND(B8=C8, D8=E8) -> TRUE | G8: =HYPERLINK("https://www.google.com/maps/@?api=1&map_action=pano&viewpoint=41.4168121764961,2.19881673887713","Open GSV") -> Open GSV
A9: =ADD_vgp!A10 -> 8 | B9: =ADD_evt!P10 -> 1 | C9: =ADD_vgp!P10 -> 1 | D9: =ADD_evt!Q10 -> 0 | E9: =ADD_vgp!Q10 -> 1 | F9: =AND(B9=C9, D9=E9) -> FALSE | G9: =HYPERLINK("https://www.google.com/maps/@?api=1&map_action=pano&viewpoint=41.414975730964,2.17205102853822","Open GSV") -> Open GSV | H9: pavement to road
A10: =ADD_vgp!A11 -> 9 | B10: =ADD_evt!P11 -> 1 | C10: =ADD_vgp!P11 -> 1 | D10: =ADD_evt!Q11 -> 0 | E10: =ADD_vgp!Q11 -> 0 | F10: =AND(B10=C10, D10=E10) -> TRUE | G10: =HYPERLINK("https://www.google.com/maps/@?api=1&map_action=pano&viewpoint=41.4168653577514,2.17461017557639","Open GSV") -> Open GSV
A11: =ADD_vgp!A12 -> 10 | B11: =ADD_evt!P12 -> 1 | C11: =ADD_vgp!P12 -> 1 | D11: =ADD_evt!Q12 -> 1 | E11: =ADD_vgp!Q12 -> 1 | F11: =AND(B11=C11, D11=E11) -> TRUE | G11: =HYPERLINK("https://www.google.com/maps/@?api=1&map_action=pano&viewpoint=41.4202454258576,2.20794256929774","Open GSV") -> Open GSV
A12: =ADD_vgp!A13 -> 11 | B12: =ADD_evt!P13 -> 1 | C12: =ADD_vgp!P13 -> 1 | D12: =ADD_evt!Q13 -> 1 | E12: =ADD_vgp!Q13 -> 1 | F12: =AND(B12=C12, D12=E12) -> TRUE | G12: =HYPERLINK("https://www.google.com/maps/@?api=1&map_action=pano&viewpoint=41.4204481302083,2.2075546110796","Open GSV") -> Open GSV
A13: =ADD_vgp!A14 -> 12 | B13: =ADD_evt!P14 -> 1 | C13: =ADD_vgp!P14 -> 1 | D13: =ADD_evt!Q14 -> 0 | E13: =ADD_vgp!Q14 -> 0 | F13: =AND(B13=C13, D13=E13) -> TRUE | G13: =HYPERLINK("https://www.google.com/maps/@?api=1&map_action=pano&viewpoint=41.4121092794043,2.16098092184219","Open GSV") -> Open GSV
A14: =ADD_vgp!A15 -> 13 | B14: =ADD_evt!P15 -> 1 | C14: =ADD_vgp!P15 -> 0 | D14: =ADD_evt!Q15 -> 0 | E14: =ADD_vgp!Q15 -> 0 | F14: =AND(B14=C14, D14=E14) -> FALSE | G14: =HYPERLINK("https://www.google.com/maps/@?api=1&map_action=pano&viewpoint=41.4125465819168,2.16175831110785","Open GSV") -> Open GSV | H14: 2023 tunnel/2024 road
A15: =ADD_vgp!A16 -> 14 | B15: =ADD_evt!P16 -> 1 | C15: =ADD_vgp!P16 -> 1 | D15: =ADD_evt!Q16 -> 0 | E15: =ADD_vgp!Q16 -> 0 | F15: =AND(B15=C15, D15=E15) -> TRUE | G15: =HYPERLINK("https://www.google.com/maps/@?api=1&map_action=pano&viewpoint=41.394718915396,2.20100922656311","Open GSV") -> Open GSV
A16: =ADD_vgp!A17 -> 15 | B16: =ADD_evt!P17 -> 1 | C16: =ADD_vgp!P17 -> 1 | D16: =ADD_evt!Q17 -> 0 | E16: =ADD_vgp!Q17 -> 0 | F16: =AND(B16=C16, D16=E16) -> TRUE | G16: =HYPERLINK("https://www.google.com/maps/@?api=1&map_action=pano&viewpoint=41.3945206907087,2.20077256303846","Open GSV") -> Open GSV
A17: =ADD_vgp!A18 -> 16 | B17: 0 | C17: 0 | D17: =ADD_evt!Q18 -> 0 | E17: =ADD_vgp!Q18 -> 0 | F17: =AND(B17=C17, D17=E17) -> TRUE | G17: =HYPERLINK("https://www.google.com/maps/@?api=1&map_action=pano&viewpoint=41.3755507029483,2.14458970603696","Open GSV") -> Open GSV
A18: =ADD_vgp!A19 -> 17 | B18: =ADD_evt!P19 -> 1 | C18: =ADD_vgp!P19 -> 1 | D18: =ADD_evt!Q19 -> 0 | E18: =ADD_vgp!Q19 -> 0 | F18: =AND(B18=C18, D18=E18) -> TRUE | G18: =HYPERLINK("https://www.google.com/maps/@?api=1&map_action=pano&viewpoint=41.3764134914288,2.14559167922172","Open GSV") -> Open GSV
A19: =ADD_vgp!A20 -> 18 | B19: =ADD_evt!P20 -> 1 | C19: =ADD_vgp!P20 -> 1 | D19: =ADD_evt!Q20 -> 0 | E19: =ADD_vgp!Q20 -> 0 | F19: =AND(B19=C19, D19=E19) -> TRUE | G19: =HYPERLINK("https://www.google.com/maps/@?api=1&map_action=pano&viewpoint=41.4055753756871,2.18284748138898","Open GSV") -> Open GSV
A20: =ADD_vgp!A21 -> 19 | B20: =ADD_evt!P21 -> 1 | C20: =ADD_vgp!P21 -> 1 | D20: =ADD_evt!Q21 -> 0 | E20: =ADD_vgp!Q21 -> 0 | F20: =AND(B20=C20, D20=E20) -> TRUE | G20: =HYPERLINK("https://www.google.com/maps/@?api=1&map_action=pano&viewpoint=41.403094880684,2.18285971742863","Open GSV") -> Open GSV
A21: =ADD_vgp!A22 -> 20 | B21: =ADD_evt!P22 -> 1 | C21: =ADD_vgp!P22 -> 1 | D21: =ADD_evt!Q22 -> 1 | E21: =ADD_vgp!Q22 -> 1 | F21: =AND(B21=C21, D21=E21) -> TRUE | G21: =HYPERLINK("https://www.google.com/maps/@?api=1&map_action=pano&viewpoint=41.4287555466715,2.17585558557915","Open GSV") -> Open GSV
A22: =ADD_vgp!A23 -> 21 | B22: =ADD_evt!P23 -> 1 | C22: =ADD_vgp!P23 -> 1 | D22: =ADD_evt!Q23 -> 1 | E22: =ADD_vgp!Q23 -> 1 | F22: =AND(B22=C22, D22=E22) -> TRUE | G22: =HYPERLINK("https://www.google.com/maps/@?api=1&map_action=pano&viewpoint=41.4409954760919,2.19083141351904","Open GSV") -> Open GSV
A23: =ADD_vgp!A24 -> 22 | B23: =ADD_evt!P24 -> 1 | C23: =ADD_vgp!P24 -> 1 | D23: =ADD_evt!Q24 -> 0 | E23: =ADD_vgp!Q24 -> 0 | F23: =AND(B23=C23, D23=E23) -> TRUE | G23: =HYPERLINK("https://www.google.com/maps/@?api=1&map_action=pano&viewpoint=41.4003124653889,2.15155610489397","Open GSV") -> Open GSV
A24: =ADD_vgp!A25 -> 23 | B24: =ADD_evt!P25 -> 1 | C24: =ADD_vgp!P25 -> 1 | D24: =ADD_evt!Q25 -> 0 | E24: =ADD_vgp!Q25 -> 0 | F24: =AND(B24=C24, D24=E24) -> TRUE | G24: =HYPERLINK("https://www.google.com/maps/@?api=1&map_action=pano&viewpoint=41.400537545303,2.1512519597158","Open GSV") -> Open GSV
A25: =ADD_vgp!A26 -> 24 | B25: =ADD_evt!P26 -> 1 | C25: =ADD_vgp!P26 -> 1 | D25: =ADD_evt!Q26 -> 0 | E25: =ADD_vgp!Q26 -> 1 | F25: =AND(B25=C25, D25=E25) -> FALSE | G25: =HYPERLINK("https://www.google.com/maps/@?api=1&map_action=pano&viewpoint=41.4130517909949,2.18688350279505","Open GSV") -> Open GSV | H25: pavement to road
A26: =ADD_vgp!A27 -> 25 | B26: =ADD_evt!P27 -> 1 | C26: =ADD_vgp!P27 -> 1 | D26: =ADD_evt!Q27 -> 0 | E26: =ADD_vgp!Q27 -> 0 | F26: =AND(B26=C26, D26=E26) -> TRUE | G26: =HYPERLINK("https://www.google.com/maps/@?api=1&map_action=pano&viewpoint=41.4140408624214,2.18630763816643","Open GSV") -> Open GSV
A27: =ADD_vgp!A28 -> 26 | B27: =ADD_evt!P28 -> 1 | C27: =ADD_vgp!P28 -> 1 | D27: =ADD_evt!Q28 -> 0 | E27: =ADD_vgp!Q28 -> 0 | F27: =AND(B27=C27, D27=E27) -> TRUE | G27: =HYPERLINK("https://www.google.com/maps/@?api=1&map_action=pano&viewpoint=41.3859805190524,2.13625700853397","Open GSV") -> Open GSV
A28: =ADD_vgp!A29 -> 27 | B28: =ADD_evt!P29 -> 1 | C28: =ADD_vgp!P29 -> 1 | D28: =ADD_evt!Q29 -> 0 | E28: =ADD_vgp!Q29 -> 0 | F28: =AND(B28=C28, D28=E28) -> TRUE | G28: =HYPERLINK("https://www.google.com/maps/@?api=1&map_action=pano&viewpoint=41.385461059572,2.13854147438959","Open GSV") -> Open GSV
A29: =ADD_vgp!A30 -> 28 | B29: =ADD_evt!P30 -> 1 | C29: =ADD_vgp!P30 -> 1 | D29: =ADD_evt!Q30 -> 0 | E29: =ADD_vgp!Q30 -> 0 | F29: =AND(B29=C29, D29=E29) -> TRUE | G29: =HYPERLINK("https://www.google.com/maps/@?api=1&map_action=pano&viewpoint=41.3911878676426,2.18642991571189","Open GSV") -> Open GSV
A30: =ADD_vgp!A31 -> 29 | B30: =ADD_evt!P31 -> 1 | C30: =ADD_vgp!P31 -> 1 | D30: =ADD_evt!Q31 -> 0 | E30: =ADD_vgp!Q31 -> 0 | F30: =AND(B30=C30, D30=E30) -> TRUE | G30: =HYPERLINK("https://www.google.com/maps/@?api=1&map_action=pano&viewpoint=41.3903749358271,2.18533799661021","Open GSV") -> Open GSV
A31: =ADD_vgp!A32 -> 30 | B31: =ADD_evt!P32 -> 1 | C31: =ADD_vgp!P32 -> 1 | D31: =ADD_evt!Q32 -> 0 | E31: =ADD_vgp!Q32 -> 1 | F31: =AND(B31=C31, D31=E31) -> FALSE | G31: =HYPERLINK("https://www.google.com/maps/@?api=1&map_action=pano&viewpoint=41.3826431790481,2.15897555292766","Open GSV") -> Open GSV | H31: pavement to road
A32: =ADD_vgp!A33 -> 31 | B32: =ADD_evt!P33 -> 1 | C32: =ADD_vgp!P33 -> 1 | D32: =ADD_evt!Q33 -> 0 | E32: =ADD_vgp!Q33 -> 0 | F32: =AND(B32=C32, D32=E32) -> TRUE | G32: =HYPERLINK("https://www.google.com/maps/@?api=1&map_action=pano&viewpoint=41.3981332109611,2.1537501547691","Open GSV") -> Open GSV
A33: =ADD_vgp!A34 -> 32 | B33: =ADD_evt!P34 -> 1 | C33: =ADD_vgp!P34 -> 1 | D33: =ADD_evt!Q34 -> 0 | E33: =ADD_vgp!Q34 -> 0 | F33: =AND(B33=C33, D33=E33) -> TRUE | G33: =HYPERLINK("https://www.google.com/maps/@?api=1&map_action=pano&viewpoint=41.3756644128399,2.1240095291374","Open GSV") -> Open GSV
A34: =ADD_vgp!A35 -> 33 | B34: =ADD_evt!P35 -> 1 | C34: =ADD_vgp!P35 -> 0 | D34: =ADD_evt!Q35 -> 0 | E34: =ADD_vgp!Q35 -> 0 | F34: =AND(B34=C34, D34=E34) -> FALSE | G34: =HYPERLINK("https://www.google.com/maps/@?api=1&map_action=pano&viewpoint=41.4118804921771,2.17976081270431","Open GSV") -> Open GSV | H34: October 23 move peg
A35: =ADD_vgp!A36 -> 34 | B35: =ADD_evt!P36 -> 1 | C35: =ADD_vgp!P36 -> 0 | D35: =ADD_evt!Q36 -> 0 | E35: =ADD_vgp!Q36 -> 0 | F35: =AND(B35=C35, D35=E35) -> FALSE | G35: =HYPERLINK("https://www.google.com/maps/@?api=1&map_action=pano&viewpoint=41.4127447371871,2.180890772398","Open GSV") -> Open GSV | H35: move peg 23; in construction
A36: =ADD_vgp!A37 -> 35 | B36: =ADD_evt!P37 -> 1 | C36: =ADD_vgp!P37 -> 1 | D36: =ADD_evt!Q37 -> 0 | E36: =ADD_vgp!Q37 -> 0 | F36: =AND(B36=C36, D36=E36) -> TRUE | G36: =HYPERLINK("https://www.google.com/maps/@?api=1&map_action=pano&viewpoint=41.3845333231462,2.13774430876668","Open GSV") -> Open GSV
A37: =ADD_vgp!A38 -> 36 | B37: =ADD_evt!P38 -> 1 | C37: =ADD_vgp!P38 -> 1 | D37: =ADD_evt!Q38 -> 0 | E37: =ADD_vgp!Q38 -> 0 | F37: =AND(B37=C37, D37=E37) -> TRUE | G37: =HYPERLINK("https://www.google.com/maps/@?api=1&map_action=pano&viewpoint=41.3848586898783,2.13663483715158","Open GSV") -> Open GSV
A38: =ADD_vgp!A39 -> 37 | B38: =ADD_evt!P39 -> 1 | C38: =ADD_vgp!P39 -> 1 | D38: =ADD_evt!Q39 -> 0 | E38: =ADD_vgp!Q39 -> 0 | F38: =AND(B38=C38, D38=E38) -> TRUE | G38: =HYPERLINK("https://www.google.com/maps/@?api=1&map_action=pano&viewpoint=41.4166187121365,2.1905776282886","Open GSV") -> Open GSV
A39: =ADD_vgp!A40 -> 38 | B39: =ADD_evt!P40 -> 1 | C39: =ADD_vgp!P40 -> 1 | D39: =ADD_evt!Q40 -> 0 | E39: =ADD_vgp!Q40 -> 0 | F39: =AND(B39=C39, D39=E39) -> TRUE | G39: =HYPERLINK("https://www.google.com/maps/@?api=1&map_action=pano&viewpoint=41.3600114226599,2.1392576352892","Open GSV") -> Open GSV
A40: =ADD_vgp!A41 -> 39 | B40: =ADD_evt!P41 -> 1 | C40: =ADD_vgp!P41 -> 1 | D40: =ADD_evt!Q41 -> 0 | E40: =ADD_vgp!Q41 -> 0 | F40: =AND(B40=C40, D40=E40) -> TRUE | G40: =HYPERLINK("https://www.google.com/maps/@?api=1&map_action=pano&viewpoint=41.3826401063928,2.14988483545965","Open GSV") -> Open GSV
A41: =ADD_vgp!A42 -> 40 | B41: =ADD_evt!P42 -> 1 | C41: =ADD_vgp!P42 -> 1 | D41: =ADD_evt!Q42 -> 0 | E41: =ADD_vgp!Q42 -> 0 | F41: =AND(B41=C41, D41=E41) -> TRUE | G41: =HYPERLINK("https://www.google.com/maps/@?api=1&map_action=pano&viewpoint=41.3817275823742,2.15108663385945","Open GSV") -> Open GSV
A42: =ADD_vgp!A43 -> 41 | B42: =ADD_evt!P43 -> 1 | C42: =ADD_vgp!P43 -> 1 | D42: =ADD_evt!Q43 -> 0 | E42: =ADD_vgp!Q43 -> 1 | F42: =AND(B42=C42, D42=E42) -> FALSE | G42: =HYPERLINK("https://www.google.com/maps/@?api=1&map_action=pano&viewpoint=41.3781971000936,2.15362165090984","Open GSV") -> Open GSV | H42: pavement to road
A43: =ADD_vgp!A44 -> 42 | B43: =ADD_evt!P44 -> 0 | C43: =ADD_vgp!P44 -> 0 | D43: =ADD_evt!Q44 -> 0 | E43: =ADD_vgp!Q44 -> 0 | F43: =AND(B43=C43, D43=E43) -> TRUE | G43: =HYPERLINK("https://www.google.com/maps/@?api=1&map_action=pano&viewpoint=41.3826129597012,2.14763895462665","Open GSV") -> Open GSV
A44: =ADD_vgp!A45 -> 43 | B44: =ADD_evt!P45 -> 0 | C44: =ADD_vgp!P45 -> 0 | D44: =ADD_evt!Q45 -> 0 | E44: =ADD_vgp!Q45 -> 0 | F44: =AND(B44=C44, D44=E44) -> TRUE | G44: =HYPERLINK("https://www.google.com/maps/@?api=1&map_action=pano&viewpoint=41.3830424246768,2.14820775338395","Open GSV") -> Open GSV
F45: =COUNTIF(F2:F44, 0) -> 7

Sheet REMOVE
A1: id | B1: evt_present_followup | C1: vgp_present_followup | D1: evt_present_baseline | E1: vgp_present_baseline | F1: same_both | G1: GSV
A2: =REMOVE_evt!A3 -> 1 | B2: =REMOVE_evt!P3 -> 0 | C2: =REMOVE_vgp!P3 -> 0 | D2: =REMOVE_evt!Q3 -> 0 | E2: =REMOVE_vgp!Q3 -> 0 | F2: =AND(B2=C2, D2=E2) -> TRUE | G2: =HYPERLINK("https://www.google.com/maps/@?api=1&map_action=pano&viewpoint=41.3849403989724,2.10400617396064","Open GSV") -> Open GSV
A3: =REMOVE_evt!A4 -> 2 | B3: =REMOVE_evt!P4 -> 0 | C3: =REMOVE_vgp!P4 -> 0 | D3: =REMOVE_evt!Q4 -> 0 | E3: =REMOVE_vgp!Q4 -> 0 | F3: =AND(B3=C3, D3=E3) -> TRUE | G3: =HYPERLINK("https://www.google.com/maps/@?api=1&map_action=pano&viewpoint=41.4515433412202,2.17777103704595","Open GSV") -> Open GSV
A4: =REMOVE_evt!A5 -> 3 | B4: =REMOVE_evt!P5 -> 1 | C4: =REMOVE_vgp!P5 -> 1 | D4: =REMOVE_evt!Q5 -> 1 | E4: =REMOVE_vgp!Q5 -> 1 | F4: =AND(B4=C4, D4=E4) -> TRUE | G4: =HYPERLINK("https://www.google.com/maps/@?api=1&map_action=pano&viewpoint=41.4584871971563,2.18085672986099","Open GSV") -> Open GSV
A5: =REMOVE_evt!A6 -> 4 | B5: =REMOVE_evt!P6 -> 1 | C5: =REMOVE_vgp!P6 -> 1 | D5: =REMOVE_evt!Q6 -> 1 | E5: =REMOVE_vgp!Q6 -> 1 | F5: =AND(B5=C5, D5=E5) -> TRUE | G5: =HYPERLINK("https://www.google.com/maps/@?api=1&map_action=pano&viewpoint=41.4202440794713,2.20761335025859","Open GSV") -> Open GSV
A6: =REMOVE_evt!A7 -> 5 | B6: =REMOVE_evt!P7 -> 0 | C6: =REMOVE_vgp!P7 -> 0 | D6: =REMOVE_evt!Q7 -> 0 | E6: =REMOVE_vgp!Q7 -> 0 | F6: =AND(B6=C6, D6=E6) -> TRUE | G6: =HYPERLINK("https://www.google.com/maps/@?api=1&map_action=pano&viewpoint=41.3753719135312,2.14838582462673","Open GSV") -> Open GSV
A7: =REMOVE_evt!A8 -> 6 | B7: =REMOVE_evt!P8 -> 0 | C7: =REMOVE_vgp!P8 -> 0 | D7: =REMOVE_evt!Q8 -> 0 | E7: =REMOVE_vgp!Q8 -> 0 | F7: =AND(B7=C7, D7=E7) -> TRUE | G7: =HYPERLINK("https://www.google.com/maps/@?api=1&map_action=pano&viewpoint=41.4325734990105,2.17979187635586","Open GSV") -> Open GSV
A8: =REMOVE_evt!A9 -> 7 | B8: =REMOVE_evt!P9 -> 1 | C8: =REMOVE_vgp!P9 -> 1 | D8: =REMOVE_evt!Q9 -> 1 | E8: =REMOVE_vgp!Q9 -> 1 | F8: =AND(B8=C8, D8=E8) -> TRUE | G8: =HYPERLINK("https://www.google.com/maps/@?api=1&map_action=pano&viewpoint=41.4302401188698,2.17443553665477","Open GSV") -> Open GSV
A9: =REMOVE_evt!A10 -> 8 | B9: =REMOVE_evt!P10 -> 0 | C9: =REMOVE_vgp!P10 -> 1 | D9: =REMOVE_evt!Q10 -> 1 | E9: =REMOVE_vgp!Q10 -> 1 | F9: =AND(B9=C9, D9=E9) -> FALSE | G9: =HYPERLINK("https://www.google.com/maps/@?api=1&map_action=pano&viewpoint=41.4130612559652,2.18672076661607","Open GSV") -> Open GSV | H9: pavement to road
A10: =REMOVE_evt!A11 -> 9 | B10: =REMOVE_evt!P11 -> 0 | C10: =REMOVE_vgp!P11 -> 1 | D10: =REMOVE_evt!Q11 -> 1 | E10: =REMOVE_vgp!Q11 -> 1 | F10: =AND(B10=C10, D10=E10) -> FALSE | G10: =HYPERLINK("https://www.google.com/maps/@?api=1&map_action=pano&viewpoint=41.3843400360326,2.15681272246317","Open GSV") -> Open GSV | H10: Move peg jul 23; Consell de cent
A11: =REMOVE_evt!A12 -> 10 | B11: =REMOVE_evt!P12 -> 1 | C11: =REMOVE_vgp!P12 -> 1 | D11: =REMOVE_evt!Q12 -> 1 | E11: =REMOVE_vgp!Q12 -> 1 | F11: =AND(B11=C11, D11=E11) -> TRUE | G11: =HYPERLINK("https://www.google.com/maps/@?api=1&map_action=pano&viewpoint=41.3832798659396,2.15726201275132","Open GSV") -> Open GSV
A12: =REMOVE_evt!A13 -> 11 | B12: =REMOVE_evt!P13 -> 0 | C12: =REMOVE_vgp!P13 -> 0 | D12: =REMOVE_evt!Q13 -> 0 | E12: =REMOVE_vgp!Q13 -> 0 | F12: =AND(B12=C12, D12=E12) -> TRUE | G12: =HYPERLINK("https://www.google.com/maps/@?api=1&map_action=pano&viewpoint=41.3753699099384,2.13049998390271","Open GSV") -> Open GSV
A13: =REMOVE_evt!A14 -> 12 | B13: =REMOVE_evt!P14 -> 0 | C13: =REMOVE_vgp!P14 -> 0 | D13: =REMOVE_evt!Q14 -> 1 | E13: =REMOVE_vgp!Q14 -> 1 | F13: =AND(B13=C13, D13=E13) -> TRUE | G13: =HYPERLINK("https://www.google.com/maps/@?api=1&map_action=pano&viewpoint=41.3809395290626,2.15213844443264","Open GSV") -> Open GSV
F14: =COUNTIF(F2:F13, 0) -> 2

Sheet NONCI
A1: id | B1: evt_present_followup | C1: vgp_present_followup | D1: evt_present_baseline | E1: vgp_present_baseline | F1: same_both | G1: GSV
A2: =NONCI_evt!A3 -> 1 | B2: =NONCI_evt!P3 -> 0 | C2: =NONCI_vpg!P3 -> 0 | D2: =NONCI_evt!Q3 -> 0 | E2: =NONCI_vpg!Q3 -> 0 | F2: =AND(B2=C2, D2=E2) -> TRUE | G2: =HYPERLINK("https://www.google.com/maps/@?api=1&map_action=pano&viewpoint=41.3931098000992,2.10966944882359","Open GSV") -> Open GSV
A3: =NONCI_evt!A4 -> 2 | B3: =NONCI_evt!P4 -> 0 | C3: =NONCI_vpg!P4 -> 0 | D3: =NONCI_evt!Q4 -> 0 | E3: =NONCI_vpg!Q4 -> 0 | F3: =AND(B3=C3, D3=E3) -> TRUE | G3: =HYPERLINK("https://www.google.com/maps/@?api=1&map_action=pano&viewpoint=41.42563144302,2.17076011284377","Open GSV") -> Open GSV
A4: =NONCI_evt!A5 -> 3 | B4: =NONCI_evt!P5 -> 0 | C4: =NONCI_vpg!P5 -> 0 | D4: =NONCI_evt!Q5 -> NA | E4: =NONCI_vpg!Q5 -> NA | F4: =AND(B4=C4, D4=E4) -> TRUE | G4: =HYPERLINK("https://www.google.com/maps/@?api=1&map_action=pano&viewpoint=41.4567861028979,2.18576385526455","Open GSV") -> Open GSV
A5: =NONCI_evt!A6 -> 4 | B5: =NONCI_evt!P6 -> 1 | C5: =NONCI_vpg!P6 -> 1 | D5: =NONCI_evt!Q6 -> 0 | E5: =NONCI_vpg!Q6 -> 0 | F5: =AND(B5=C5, D5=E5) -> TRUE | G5: =HYPERLINK("https://www.google.com/maps/@?api=1&map_action=pano&viewpoint=41.4133726186721,2.14041149568948","Open GSV") -> Open GSV
A6: =NONCI_evt!A7 -> 5 | B6: =NONCI_evt!P7 -> 0 | C6: =NONCI_vpg!P7 -> 0 | D6: =NONCI_evt!Q7 -> 0 | E6: =NONCI_vpg!Q7 -> 0 | F6: =AND(B6=C6, D6=E6) -> TRUE | G6: =HYPERLINK("https://www.google.com/maps/@?api=1&map_action=pano&viewpoint=41.421884497198,2.20757742081785","Open GSV") -> Open GSV
A7: =NONCI_evt!A8 -> 6 | B7: =NONCI_evt!P8 -> 0 | C7: =NONCI_vpg!P8 -> 0 | D7: =NONCI_evt!Q8 -> 0 | E7: =NONCI_vpg!Q8 -> 0 | F7: =AND(B7=C7, D7=E7) -> TRUE | G7: =HYPERLINK("https://www.google.com/maps/@?api=1&map_action=pano&viewpoint=41.4289252087897,2.20299116790196","Open GSV") -> Open GSV
A8: =NONCI_evt!A9 -> 7 | B8: =NONCI_evt!P9 -> 0 | C8: =NONCI_vpg!P9 -> 0 | D8: =NONCI_evt!Q9 -> 0 | E8: =NONCI_vpg!Q9 -> 0 | F8: =AND(B8=C8, D8=E8) -> TRUE | G8: =HYPERLINK("https://www.google.com/maps/@?api=1&map_action=pano&viewpoint=41.3885463785907,2.13660974468779","Open GSV") -> Open GSV
A9: =NONCI_evt!A10 -> 8 | B9: =NONCI_evt!P10 -> 0 | C9: =NONCI_vpg!P10 -> 0 | D9: =NONCI_evt!Q10 -> 0 | E9: =NONCI_vpg!Q10 -> 0 | F9: =AND(B9=C9, D9=E9) -> TRUE | G9: =HYPERLINK("https://www.google.com/maps/@?api=1&map_action=pano&viewpoint=41.4191436986582,2.19626920405746","Open GSV") -> Open GSV
A10: =NONCI_evt!A11 -> 9 | B10: =NONCI_evt!P11 -> 0 | C10: =NONCI_vpg!P11 -> 0 | D10: =NONCI_evt!Q11 -> 0 | E10: =NONCI_vpg!Q11 -> 0 | F10: =AND(B10=C10, D10=E10) -> TRUE | G10: =HYPERLINK("https://www.google.com/maps/@?api=1&map_action=pano&viewpoint=41.4174746853951,2.19988021385839","Open GSV") -> Open GSV
A11: =NONCI_evt!A12 -> 10 | B11: =NONCI_evt!P12 -> 0 | C11: =NONCI_vpg!P12 -> 0 | D11: =NONCI_evt!Q12 -> 0 | E11: =NONCI_vpg!Q12 -> 0 | F11: =AND(B11=C11, D11=E11) -> TRUE | G11: =HYPERLINK("https://www.google.com/maps/@?api=1&map_action=pano&viewpoint=41.4172205249202,2.17328491457674","Open GSV") -> Open GSV
A12: =NONCI_evt!A13 -> 11 | B12: =NONCI_evt!P13 -> 0 | C12: =NONCI_vpg!P13 -> 0 | D12: =NONCI_evt!Q13 -> 0 | E12: =NONCI_vpg!Q13 -> 0 | F12: =AND(B12=C12, D12=E12) -> TRUE | G12: =HYPERLINK("https://www.google.com/maps/@?api=1&map_action=pano&viewpoint=41.4200820003214,2.20892659914445","Open GSV") -> Open GSV
A13: =NONCI_evt!A14 -> 12 | B13: =NONCI_evt!P14 -> 0 | C13: =NONCI_vpg!P14 -> 0 | D13: =NONCI_evt!Q14 -> 0 | E13: =NONCI_vpg!Q14 -> 0 | F13: =AND(B13=C13, D13=E13) -> TRUE | G13: =HYPERLINK("https://www.google.com/maps/@?api=1&map_action=pano&viewpoint=41.4132303522674,2.15978534461398","Open GSV") -> Open GSV
A14: =NONCI_evt!A15 -> 13 | B14: =NONCI_evt!P15 -> 0 | C14: =NONCI_vpg!P15 -> 0 | D14: =NONCI_evt!Q15 -> 0 | E14: =NONCI_vpg!Q15 -> 0 | F14: =AND(B14=C14, D14=E14) -> TRUE | G14: =HYPERLINK("https://www.google.com/maps/@?api=1&map_action=pano&viewpoint=41.3959909832228,2.19997997114306","Open GSV") -> Open GSV
A15: =NONCI_evt!A16 -> 14 | B15: =NONCI_evt!P16 -> NA | C15: =NONCI_vpg!P16 -> NA | D15: =NONCI_evt!Q16 -> NA | E15: =NONCI_vpg!Q16 -> NA | F15: =AND(B15=C15, D15=E15) -> TRUE | G15: =HYPERLINK("https://www.google.com/maps/@?api=1&map_action=pano&viewpoint=41.3809929493489,2.17744010327688","Open GSV") -> Open GSV
A16: =NONCI_evt!A17 -> 15 | B16: =NONCI_evt!P17 -> 0 | C16: =NONCI_vpg!P17 -> 0 | D16: =NONCI_evt!Q17 -> 0 | E16: =NONCI_vpg!Q17 -> 0 | F16: =AND(B16=C16, D16=E16) -> TRUE | G16: =HYPERLINK("https://www.google.com/maps/@?api=1&map_action=pano&viewpoint=41.3969090980383,2.20120563906244","Open GSV") -> Open GSV
A17: =NONCI_evt!A18 -> 16 | B17: =NONCI_evt!P18 -> 0 | C17: =NONCI_vpg!P18 -> 0 | D17: =NONCI_evt!Q18 -> 0 | E17: =NONCI_vpg!Q18 -> 0 | F17: =AND(B17=C17, D17=E17) -> TRUE | G17: =HYPERLINK("https://www.google.com/maps/@?api=1&map_action=pano&viewpoint=41.4074816884829,2.20616310358384","Open GSV") -> Open GSV
A18: =NONCI_evt!A19 -> 17 | B18: =NONCI_evt!P19 -> 0 | C18: =NONCI_vpg!P19 -> 1 | D18: =NONCI_evt!Q19 -> NA | E18: =NONCI_vpg!Q19 -> 1 | F18: =AND(B18=C18, D18=E18) -> FALSE | G18: =HYPERLINK("https://www.google.com/maps/@?api=1&map_action=pano&viewpoint=41.3759336501593,2.14862285042538","Open GSV") -> Open GSV | H18: Bike lane in pavement far; it seems erased
A19: =NONCI_evt!A20 -> 18 | B19: =NONCI_evt!P20 -> 0 | C19: =NONCI_vpg!P20 -> 0 | D19: =NONCI_evt!Q20 -> 0 | E19: =NONCI_vpg!Q20 -> 0 | F19: =AND(B19=C19, D19=E19) -> TRUE | G19: =HYPERLINK("https://www.google.com/maps/@?api=1&map_action=pano&viewpoint=41.3968893621289,2.12233882583103","Open GSV") -> Open GSV
A20: =NONCI_evt!A21 -> 19 | B20: =NONCI_evt!P21 -> 0 | C20: =NONCI_vpg!P21 -> 0 | D20: =NONCI_evt!Q21 -> 0 | E20: =NONCI_vpg!Q21 -> 0 | F20: =AND(B20=C20, D20=E20) -> TRUE | G20: =HYPERLINK("https://www.google.com/maps/@?api=1&map_action=pano&viewpoint=41.4321612761947,2.17950753864319","Open GSV") -> Open GSV
A21: =NONCI_evt!A22 -> 20 | B21: =NONCI_evt!P22 -> 0 | C21: =NONCI_vpg!P22 -> 0 | D21: =NONCI_evt!Q22 -> 0 | E21: =NONCI_vpg!Q22 -> 0 | F21: =AND(B21=C21, D21=E21) -> TRUE | G21: =HYPERLINK("https://www.google.com/maps/@?api=1&map_action=pano&viewpoint=41.3929009079565,2.1257689815069","Open GSV") -> Open GSV
A22: =NONCI_evt!A23 -> 21 | B22: =NONCI_evt!P23 -> 0 | C22: =NONCI_vpg!P23 -> 0 | D22: =NONCI_evt!Q23 -> 0 | E22: =NONCI_vpg!Q23 -> 0 | F22: =AND(B22=C22, D22=E22) -> TRUE | G22: =HYPERLINK("https://www.google.com/maps/@?api=1&map_action=pano&viewpoint=41.4345475359841,2.18508949253952","Open GSV") -> Open GSV
A23: =NONCI_evt!A24 -> 22 | B23: =NONCI_evt!P24 -> 0 | C23: =NONCI_vpg!P24 -> 1 | D23: =NONCI_evt!Q24 -> 0 | E23: =NONCI_vpg!Q24 -> 1 | F23: =AND(B23=C23, D23=E23) -> FALSE | G23: =HYPERLINK("https://www.google.com/maps/@?api=1&map_action=pano&viewpoint=41.4280696452023,2.17554070368043","Open GSV") -> Open GSV | H23: Not sure this is a bike lane
A24: =NONCI_evt!A25 -> 23 | B24: =NONCI_evt!P25 -> 0 | C24: =NONCI_vpg!P25 -> 0 | D24: =NONCI_evt!Q25 -> 0 | E24: =NONCI_vpg!Q25 -> 0 | F24: =AND(B24=C24, D24=E24) -> TRUE | G24: =HYPERLINK("https://www.google.com/maps/@?api=1&map_action=pano&viewpoint=41.441022771618,2.18932677644068","Open GSV") -> Open GSV
A25: =NONCI_evt!A26 -> 24 | B25: =NONCI_evt!P26 -> 0 | C25: =NONCI_vpg!P26 -> 0 | D25: =NONCI_evt!Q26 -> 0 | E25: =NONCI_vpg!Q26 -> 0 | F25: =AND(B25=C25, D25=E25) -> TRUE | G25: =HYPERLINK("https://www.google.com/maps/@?api=1&map_action=pano&viewpoint=41.402812348001,2.15116268294438","Open GSV") -> Open GSV
A26: =NONCI_evt!A27 -> 25 | B26: =NONCI_evt!P27 -> 0 | C26: =NONCI_vpg!P27 -> 0 | D26: =NONCI_evt!Q27 -> 0 | E26: =NONCI_vpg!Q27 -> 0 | F26: =AND(B26=C26, D26=E26) -> TRUE | G26: =HYPERLINK("https://www.google.com/maps/@?api=1&map_action=pano&viewpoint=41.401352000536,2.13912364858407","Open GSV") -> Open GSV
A27: =NONCI_evt!A28 -> 26 | B27: =NONCI_evt!P28 -> 0 | C27: =NONCI_vpg!P28 -> 0 | D27: =NONCI_evt!Q28 -> 0 | E27: =NONCI_vpg!Q28 -> 0 | F27: =AND(B27=C27, D27=E27) -> TRUE | G27: =HYPERLINK("https://www.google.com/maps/@?api=1&map_action=pano&viewpoint=41.422764637869,2.17085824555913","Open GSV") -> Open GSV
A28: =NONCI_evt!A29 -> 27 | B28: =NONCI_evt!P29 -> 0 | C28: =NONCI_vpg!P29 -> 0 | D28: =NONCI_evt!Q29 -> 0 | E28: =NONCI_vpg!Q29 -> 0 | F28: =AND(B28=C28, D28=E28) -> TRUE | G28: =HYPERLINK("https://www.google.com/maps/@?api=1&map_action=pano&viewpoint=41.4144295869578,2.18430636382698","Open GSV") -> Open GSV
A29: =NONCI_evt!A30 -> 28 | B29: =NONCI_evt!P30 -> 0 | C29: =NONCI_vpg!P30 -> 0 | D29: =NONCI_evt!Q30 -> 0 | E29: =NONCI_vpg!Q30 -> 0 | F29: =AND(B29=C29, D29=E29) -> TRUE | G29: =HYPERLINK("https://www.google.com/maps/@?api=1&map_action=pano&viewpoint=41.4074267663036,2.15548652012964","Open GSV") -> Open GSV
A30: =NONCI_evt!A31 -> 29 | B30: =NONCI_evt!P31 -> 0 | C30: =NONCI_vpg!P31 -> 0 | D30: =NONCI_evt!Q31 -> 0 | E30: =NONCI_vpg!Q31 -> 0 | F30: =AND(B30=C30, D30=E30) -> TRUE | G30: =HYPERLINK("https://www.google.com/maps/@?api=1&map_action=pano&viewpoint=41.3868869775373,2.13622558148501","Open GSV") -> Open GSV
A31: =NONCI_evt!A32 -> 30 | B31: =NONCI_evt!P32 -> 0 | C31: =NONCI_vpg!P32 -> 0 | D31: =NONCI_evt!Q32 -> 0 | E31: =NONCI_vpg!Q32 -> 0 | F31: =AND(B31=C31, D31=E31) -> TRUE | G31: =HYPERLINK("https://www.google.com/maps/@?api=1&map_action=pano&viewpoint=41.3914544159587,2.1845963289228","Open GSV") -> Open GSV
A32: =NONCI_evt!A33 -> 31 | B32: =NONCI_evt!P33 -> 0 | C32: =NONCI_vpg!P33 -> 0 | D32: =NONCI_evt!Q33 -> 0 | E32: =NONCI_vpg!Q33 -> 0 | F32: =AND(B32=C32, D32=E32) -> TRUE | G32: =HYPERLINK("https://www.google.com/maps/@?api=1&map_action=pano&viewpoint=41.4010327445693,2.20221468620139","Open GSV") -> Open GSV
A33: =NONCI_evt!A34 -> 32 | B33: =NONCI_evt!P34 -> 0 | C33: =NONCI_vpg!P34 -> 0 | D33: =NONCI_evt!Q34 -> 0 | E33: =NONCI_vpg!Q34 -> 0 | F33: =AND(B33=C33, D33=E33) -> TRUE | G33: =HYPERLINK("https://www.google.com/maps/@?api=1&map_action=pano&viewpoint=41.3796612123254,2.19163916237013","Open GSV") -> Open GSV
A34: =NONCI_evt!A35 -> 33 | B34: =NONCI_evt!P35 -> 0 | C34: =NONCI_vpg!P35 -> 0 | D34: =NONCI_evt!Q35 -> NA | E34: =NONCI_vpg!Q35 -> NA | F34: =AND(B34=C34, D34=E34) -> TRUE | G34: =HYPERLINK("https://www.google.com/maps/@?api=1&map_action=pano&viewpoint=41.3846505730388,2.18265325193222","Open GSV") -> Open GSV
A35: =NONCI_evt!A36 -> 34 | B35: =NONCI_evt!P36 -> 0 | C35: =NONCI_vpg!P36 -> 0 | D35: =NONCI_evt!Q36 -> 0 | E35: =NONCI_vpg!Q36 -> 0 | F35: =AND(B35=C35, D35=E35) -> TRUE | G35: =HYPERLINK("https://www.google.com/maps/@?api=1&map_action=pano&viewpoint=41.3983190714338,2.15406591630209","Open GSV") -> Open GSV
A36: =NONCI_evt!A37 -> 35 | B36: =NONCI_evt!P37 -> 0 | C36: =NONCI_vpg!P37 -> 0 | D36: =NONCI_evt!Q37 -> 0 | E36: =NONCI_vpg!Q37 -> 0 | F36: =AND(B36=C36, D36=E36) -> TRUE | G36: =HYPERLINK("https://www.google.com/maps/@?api=1&map_action=pano&viewpoint=41.4107983437704,2.14062551536518","Open GSV") -> Open GSV
A37: =NONCI_evt!A38 -> 36 | B37: =NONCI_evt!P38 -> 0 | C37: =NONCI_vpg!P38 -> 0 | D37: =NONCI_evt!Q38 -> 0 | E37: =NONCI_vpg!Q38 -> 0 | F37: =AND(B37=C37, D37=E37) -> TRUE | G37: =HYPERLINK("https://www.google.com/maps/@?api=1&map_action=pano&viewpoint=41.4252332989099,2.17375238634433","Open GSV") -> Open GSV
A38: =NONCI_evt!A39 -> 37 | B38: =NONCI_evt!P39 -> 0 | C38: =NONCI_vpg!P39 -> 0 | D38: =NONCI_evt!Q39 -> 0 | E38: =NONCI_vpg!Q39 -> 0 | F38: =AND(B38=C38, D38=E38) -> TRUE | G38: =HYPERLINK("https://www.google.com/maps/@?api=1&map_action=pano&viewpoint=41.4379598373132,2.17539315404594","Open GSV") -> Open GSV
A39: =NONCI_evt!A40 -> 38 | B39: =NONCI_evt!P40 -> 0 | C39: =NONCI_vpg!P40 -> 0 | D39: =NONCI_evt!Q40 -> 0 | E39: =NONCI_vpg!Q40 -> 0 | F39: =AND(B39=C39, D39=E39) -> TRUE | G39: =HYPERLINK("https://www.google.com/maps/@?api=1&map_action=pano&viewpoint=41.4283525000278,2.172146050328","Open GSV") -> Open GSV
A40: =NONCI_evt!A41 -> 39 | B40: =NONCI_evt!P41 -> 0 | C40: =NONCI_vpg!P41 -> 0 | D40: =NONCI_evt!Q41 -> 0 | E40: =NONCI_vpg!Q41 -> 0 | F40: =AND(B40=C40, D40=E40) -> TRUE | G40: =HYPERLINK("https://www.google.com/maps/@?api=1&map_action=pano&viewpoint=41.3762841412853,2.12497775693313","Open GSV") -> Open GSV
A41: =NONCI_evt!A42 -> 40 | B41: =NONCI_evt!P42 -> 0 | C41: =NONCI_vpg!P42 -> 0 | D41: =NONCI_evt!Q42 -> 0 | E41: =NONCI_vpg!Q42 -> 0 | F41: =AND(B41=C41, D41=E41) -> TRUE | G41: =HYPERLINK("https://www.google.com/maps/@?api=1&map_action=pano&viewpoint=41.4254559968539,2.18477301094056","Open GSV") -> Open GSV
A42: =NONCI_evt!A43 -> 41 | B42: =NONCI_evt!P43 -> 0 | C42: =NONCI_vpg!P43 -> 0 | D42: =NONCI_evt!Q43 -> 0 | E42: =NONCI_vpg!Q43 -> 0 | F42: =AND(B42=C42, D42=E42) -> TRUE | G42: =HYPERLINK("https://www.google.com/maps/@?api=1&map_action=pano&viewpoint=41.3754921613291,2.13141813732986","Open GSV") -> Open GSV
A43: =NONCI_evt!A44 -> 42 | B43: =NONCI_evt!P44 -> 0 | C43: =NONCI_vpg!P44 -> 0 | D43: =NONCI_evt!Q44 -> 0 | E43: =NONCI_vpg!Q44 -> 0 | F43: =AND(B43=C43, D43=E43) -> TRUE | G43: =HYPERLINK("https://www.google.com/maps/@?api=1&map_action=pano&viewpoint=41.4130107880215,2.17998387981679","Open GSV") -> Open GSV
A44: =NONCI_evt!A45 -> 43 | B44: =NONCI_evt!P45 -> 0 | C44: =NONCI_vpg!P45 -> 0 | D44: =NONCI_evt!Q45 -> 0 | E44: =NONCI_vpg!Q45 -> 0 | F44: =AND(B44=C44, D44=E44) -> TRUE | G44: =HYPERLINK("https://www.google.com/maps/@?api=1&map_action=pano&viewpoint=41.3837465996295,2.13749671208556","Open GSV") -> Open GSV
A45: =NONCI_evt!A46 -> 44 | B45: =NONCI_evt!P46 -> 0 | C45: =NONCI_vpg!P46 -> 0 | D45: =NONCI_evt!Q46 -> 0 | E45: =NONCI_vpg!Q46 -> 0 | F45: =AND(B45=C45, D45=E45) -> TRUE | G45: =HYPERLINK("https://www.google.com/maps/@?api=1&map_action=pano&viewpoint=41.4180150021324,2.18877627141089","Open GSV") -> Open GSV
A46: =NONCI_evt!A47 -> 45 | B46: =NONCI_evt!P47 -> 0 | C46: =NONCI_vpg!P47 -> 0 | D46: =NONCI_evt!Q47 -> 0 | E46: =NONCI_vpg!Q47 -> 0 | F46: =AND(B46=C46, D46=E46) -> TRUE | G46: =HYPERLINK("https://www.google.com/maps/@?api=1&map_action=pano&viewpoint=41.4142526906724,2.18271602520715","Open GSV") -> Open GSV
A47: =NONCI_evt!A48 -> 46 | B47: =NONCI_evt!P48 -> 0 | C47: =NONCI_vpg!P48 -> 0 | D47: =NONCI_evt!Q48 -> 0 | E47: =NONCI_vpg!Q48 -> 0 | F47: =AND(B47=C47, D47=E47) -> TRUE | G47: =HYPERLINK("https://www.google.com/maps/@?api=1&map_action=pano&viewpoint=41.3829948804712,2.14940742253693","Open GSV") -> Open GSV
A48: =NONCI_evt!A49 -> 47 | B48: =NONCI_evt!P49 -> 0 | C48: =NONCI_vpg!P49 -> 0 | D48: =NONCI_evt!Q49 -> 0 | E48: =NONCI_vpg!Q49 -> 0 | F48: =AND(B48=C48, D48=E48) -> TRUE | G48: =HYPERLINK("https://www.google.com/maps/@?api=1&map_action=pano&viewpoint=41.3773656033948,2.15472807927131","Open GSV") -> Open GSV
A49: =NONCI_evt!A50 -> 48 | B49: =NONCI_evt!P50 -> 0 | C49: =NONCI_vpg!P50 -> 0 | D49: =NONCI_evt!Q50 -> 0 | E49: =NONCI_vpg!Q50 -> 0 | F49: =AND(B49=C49, D49=E49) -> TRUE | G49: =HYPERLINK("https://www.google.com/maps/@?api=1&map_action=pano&viewpoint=41.3828585874194,2.1482642373602","Open GSV") -> Open GSV
A50: =NONCI_evt!A51 -> 49 | B50: =NONCI_evt!P51 -> 0 | C50: =NONCI_vpg!P51 -> 0 | D50: =NONCI_evt!Q51 -> 0 | E50: =NONCI_vpg!Q51 -> 0 | F50: =AND(B50=C50, D50=E50) -> TRUE | G50: =HYPERLINK("https://www.google.com/maps/@?api=1&map_action=pano&viewpoint=41.3777345900509,2.18912239496258","Open GSV") -> Open GSV
A51: =NONCI_evt!A52 -> 50 | B51: =NONCI_evt!P52 -> 0 | C51: =NONCI_vpg!P52 -> 0 | D51: =NONCI_evt!Q52 -> 0 | E51: =NONCI_vpg!Q52 -> 0 | F51: =AND(B51=C51, D51=E51) -> TRUE | G51: =HYPERLINK("https://www.google.com/maps/@?api=1&map_action=pano&viewpoint=41.3799261629063,2.1592791307784","Open GSV") -> Open GSV
F52: =COUNTIF(F2:F51, 0) -> 2
